combo,mrpc,boolq,rte,cola,cb,scitail,cr,rotten_tomatoes,multirc,copa,piqa
anli_r1+hellaswag,0.3897058823529412,0.581651376146789,0.628158844765343,0.6558005752636625,0.7142857142857143,0.7812793979303857,0.8271276595744681,0.7936210131332082,0.554042904290429,0.71,0.7170837867247007
anli_r1+imdb,0.45098039215686275,0.4951070336391437,0.592057761732852,0.6653883029721956,0.3392857142857143,0.8090310442144873,0.9095744680851063,0.8930581613508443,0.5416666666666666,0.6,0.5968443960826986
anli_r1+paws,0.35049019607843135,0.590519877675841,0.6425992779783394,0.5397890699904123,0.5714285714285714,0.8179680150517403,0.8457446808510638,0.7439024390243902,0.7345297029702971,0.01,0.004896626768226333
anli_r1+squad_v2,0.5196078431372549,0.6140672782874618,0.5812274368231047,0.5004793863854267,0.8035714285714286,0.7902163687676388,0.8563829787234043,0.8030018761726079,0.6023102310231023,0.1,0.004896626768226333
anli_r1+winogrande,0.39215686274509803,0.5293577981651376,0.631768953068592,0.5071907957813998,0.7142857142857143,0.8118532455315146,0.851063829787234,0.7842401500938087,0.5961221122112211,0.68,0.6594124047878128
hellaswag+winogrande,0.39215686274509803,0.4685015290519878,0.5703971119133574,0.4448705656759348,0.4107142857142857,0.5578551269990593,0.8164893617021277,0.7607879924953096,0.47648514851485146,0.77,0.719804134929271
imdb+hellaswag,0.5514705882352942,0.4599388379204893,0.6101083032490975,0.6692233940556088,0.14285714285714285,0.6180620884289746,0.9122340425531915,0.9052532833020638,0.49566831683168316,0.7,0.7154515778019587
imdb+squad_v2,0.625,0.5336391437308868,0.628158844765343,0.5675934803451582,0.21428571428571427,0.6302916274694261,0.9095744680851063,0.8855534709193246,0.5039191419141914,0.12,0.011425462459194777
imdb+winogrande,0.5906862745098039,0.40856269113149846,0.631768953068592,0.6069031639501438,0.16071428571428573,0.6119473189087489,0.9122340425531915,0.9061913696060038,0.5152640264026402,0.72,0.6844396082698585
mnli+anli_r1,0.4803921568627451,0.5697247706422018,0.5270758122743683,0.6347075743048898,0.7678571428571429,0.8198494825964252,0.7925531914893617,0.7626641651031895,0.6763613861386139,0.3,0.08052230685527748
mnli+hellaswag,0.4803921568627451,0.5990825688073395,0.5342960288808665,0.6663470757430489,0.7857142857142857,0.834901222953904,0.8377659574468085,0.8123827392120075,0.6336633663366337,0.63,0.6158868335146899
mnli+imdb,0.5661764705882353,0.46055045871559636,0.5379061371841155,0.6481303930968361,0.6785714285714286,0.8222013170272813,0.8936170212765957,0.8724202626641651,0.5944719471947195,0.52,0.4085963003264418
mnli+paws,0.40931372549019607,0.5941896024464832,0.5379061371841155,0.5589645254074784,0.7857142857142857,0.8311382878645344,0.8111702127659575,0.5393996247654784,0.753506600660066,0.03,0.004352557127312296
mnli+qnli,0.3161764705882353,0.5535168195718655,0.5270758122743683,0.5752636625119847,0.75,0.47507055503292567,0.8218085106382979,0.7457786116322702,0.6928630363036303,0.38,0.08433079434167573
mnli+qqp,0.3161764705882353,0.3801223241590214,0.7111913357400722,0.62320230105465,0.6428571428571429,0.7888052681091251,0.773936170212766,0.7485928705440901,0.6153052805280528,0.16,0.06311207834602829
mnli+record,0.6078431372549019,0.6220183486238532,0.5270758122743683,0.638542665388303,0.7142857142857143,0.8330197554092192,0.8590425531914894,0.8264540337711069,0.7009075907590759,0.09,0.004352557127312296
mnli+snli,0.34558823529411764,0.5620795107033639,0.5270758122743683,0.20517737296260785,0.8035714285714286,0.8010348071495766,0.2526595744680851,0.03377110694183865,0.6707920792079208,0.01,0.0
mnli+squad_v2,0.553921568627451,0.6113149847094801,0.5306859205776173,0.5186960690316395,0.7321428571428571,0.8320790216368767,0.8164893617021277,0.7898686679174484,0.6837871287128713,0.09,0.00544069640914037
mnli+sst2,0.6127450980392157,0.4779816513761468,0.5342960288808665,0.5925215723873442,0.7678571428571429,0.8283160865475071,0.8909574468085106,0.8883677298311444,0.6179867986798679,0.54,0.2192600652883569
mnli+winogrande,0.5514705882352942,0.5654434250764526,0.5270758122743683,0.5666347075743049,0.7678571428571429,0.8386641580432738,0.848404255319149,0.8123827392120075,0.6610973597359736,0.59,0.352557127312296
paws+hellaswag,0.32107843137254904,0.6113149847094801,0.47653429602888087,0.0028763183125599234,0.08928571428571429,0.312793979303857,0.005319148936170213,0.0,0.7188531353135313,0.23,0.21817192600652885
paws+imdb,0.4852941176470588,0.6418960244648318,0.5523465703971119,0.5944391179290508,0.125,0.6190028222013171,0.9148936170212766,0.8977485928705441,0.6875,0.18,0.14798694232861806
paws+squad_v2,0.31862745098039214,0.6519877675840978,0.5379061371841155,0.10738255033557047,0.19642857142857142,0.5785512699905927,0.8563829787234043,0.7682926829268293,0.721947194719472,0.0,0.000544069640914037
paws+winogrande,0.34068627450980393,0.5743119266055046,0.4729241877256318,0.0019175455417066154,0.03571428571428571,0.16509877704609596,0.0026595744680851063,0.0,0.7046204620462047,0.0,0.001088139281828074
qnli+anli_r1,0.3161764705882353,0.5247706422018349,0.7292418772563177,0.5723873441994247,0.4107142857142857,0.46378174976481656,0.8909574468085106,0.8395872420262664,0.6641914191419142,0.29,0.2687704026115343
qnli+hellaswag,0.3161764705882353,0.5162079510703363,0.6823104693140795,0.585810162991371,0.4107142857142857,0.4040451552210724,0.8696808510638298,0.8367729831144465,0.6072607260726073,0.69,0.6001088139281828
qnli+imdb,0.3161764705882353,0.39755351681957185,0.6462093862815884,0.6299137104506232,0.4107142857142857,0.5103480714957667,0.9069148936170213,0.8883677298311444,0.5820957095709571,0.6,0.49836779107725787
qnli+paws,0.3161764705882353,0.6259938837920489,0.6823104693140795,0.31639501438159157,0.4107142857142857,0.40169332079021636,0.6941489361702128,0.45684803001876173,0.7207095709570958,0.02,0.01632208922742111
qnli+qqp,0.3161764705882353,0.308868501529052,0.4729241877256318,0.5695110258868649,0.375,0.5230479774223895,0.6037234042553191,0.5778611632270169,0.6219059405940595,0.04,0.013057671381936888
qnli+record,0.3161764705882353,0.5737003058103975,0.6389891696750902,0.5254074784276127,0.4107142857142857,0.39981185324553153,0.898936170212766,0.8452157598499062,0.6592409240924092,0.15,0.01958650707290533
qnli+snli,0.3161764705882353,0.5654434250764526,0.5342960288808665,0.5570469798657718,0.625,0.4590780809031044,0.8297872340425532,0.6078799249530957,0.691006600660066,0.05,0.005984766050054407
qnli+squad_v2,0.3161764705882353,0.5596330275229358,0.6823104693140795,0.41418983700862894,0.4107142857142857,0.39793038570084666,0.8803191489361702,0.8386491557223265,0.6320132013201321,0.07,0.015778019586507073
qnli+sst2,0.3161764705882353,0.41284403669724773,0.6462093862815884,0.5618408437200384,0.42857142857142855,0.4619002822201317,0.9175531914893617,0.9127579737335835,0.6210808580858086,0.56,0.4238302502720348
qnli+winogrande,0.3161764705882353,0.4896024464831804,0.6823104693140795,0.4707574304889741,0.4107142857142857,0.40498588899341487,0.8882978723404256,0.848968105065666,0.6514026402640264,0.49,0.39934711643090315
qqp+anli_r1,0.3161764705882353,0.3761467889908257,0.4729241877256318,0.6145733461169702,0.125,0.6039510818438382,0.6462765957446809,0.7185741088180112,0.6266501650165016,0.07,0.042437431991294884
qqp+hellaswag,0.3161764705882353,0.35932721712538224,0.4729241877256318,0.62607861936721,0.08928571428571429,0.6001881467544685,0.6276595744680851,0.6238273921200751,0.6136551155115512,0.45,0.3520130576713819
qqp+imdb,0.3161764705882353,0.3290519877675841,0.4729241877256318,0.6567593480345159,0.08928571428571429,0.6039510818438382,0.8696808510638298,0.8818011257035647,0.5447607260726073,0.27,0.16866158868335146
qqp+paws,0.3161764705882353,0.43730886850152906,0.4729241877256318,0.4899328859060403,0.08928571428571429,0.5987770460959548,0.625,0.31613508442776733,0.6297442244224423,0.01,0.004352557127312296
qqp+record,0.3161764705882353,0.38868501529051985,0.4729241877256318,0.5743048897411314,0.08928571428571429,0.6011288805268109,0.6675531914893617,0.7307692307692307,0.6239686468646864,0.04,0.003264417845484222
qqp+snli,0.3161764705882353,0.3837920489296636,0.740072202166065,0.5608820709491851,0.7321428571428571,0.7596425211665099,0.7606382978723404,0.7514071294559099,0.6062293729372937,0.09,0.041893362350380846
qqp+squad_v2,0.3161764705882353,0.42568807339449544,0.4729241877256318,0.45445829338446786,0.08928571428571429,0.6006585136406397,0.6196808510638298,0.6716697936210131,0.6371699669966997,0.06,0.002720348204570185
qqp+sst2,0.3161764705882353,0.34464831804281343,0.4729241877256318,0.62320230105465,0.08928571428571429,0.6025399811853246,0.8776595744680851,0.8977485928705441,0.5816831683168316,0.34,0.11588683351468988
qqp+winogrande,0.3161764705882353,0.346177370030581,0.4729241877256318,0.5302013422818792,0.08928571428571429,0.599247412982126,0.6090425531914894,0.6116322701688556,0.6202557755775577,0.28,0.11969532100108814
record+anli_r1,0.678921568627451,0.5889908256880734,0.592057761732852,0.6558005752636625,0.48214285714285715,0.7111947318908749,0.901595744680851,0.848968105065666,0.6460396039603961,0.31,0.026115342763873776
record+hellaswag,0.6838235294117647,0.6474006116207951,0.6173285198555957,0.5474592521572388,0.42857142857142855,0.506585136406397,0.8882978723404256,0.775797373358349,0.5662128712871287,0.42,0.2850924918389554
record+imdb,0.6715686274509803,0.5149847094801223,0.628158844765343,0.6720997123681688,0.16071428571428573,0.6138287864534336,0.901595744680851,0.8949343339587242,0.5913778877887789,0.17,0.05767138193688792
record+paws,0.3382352941176471,0.6776758409785932,0.4693140794223827,0.0009587727708533077,0.0,0.11100658513640639,0.02925531914893617,0.006566604127579738,0.6883250825082509,0.0,0.0
record+snli,0.35294117647058826,0.609480122324159,0.5270758122743683,0.5608820709491851,0.6607142857142857,0.7615239887111948,0.6462765957446809,0.4549718574108818,0.6794554455445545,0.01,0.0
record+squad_v2,0.6764705882352942,0.6474006116207951,0.631768953068592,0.5599232981783318,0.39285714285714285,0.5818438381937912,0.8829787234042553,0.800187617260788,0.5971534653465347,0.0,0.0
record+winogrande,0.678921568627451,0.6116207951070336,0.6570397111913358,0.42857142857142855,0.39285714285714285,0.42850423330197557,0.9042553191489362,0.8189493433395872,0.6245874587458746,0.01,0.002176278563656148
snli+anli_r1,0.3382352941176471,0.5764525993883792,0.5631768953068592,0.5704697986577181,0.7678571428571429,0.7793979303857008,0.7978723404255319,0.7598499061913696,0.6703795379537953,0.04,0.01632208922742111
snli+hellaswag,0.3284313725490196,0.6030581039755352,0.5270758122743683,0.551294343240652,0.7321428571428571,0.7695202257761053,0.601063829787234,0.24577861163227016,0.6495462046204621,0.59,0.4515778019586507
snli+imdb,0.34068627450980393,0.4651376146788991,0.5270758122743683,0.6347075743048898,0.7321428571428571,0.7732831608654751,0.8670212765957447,0.8611632270168855,0.6051980198019802,0.52,0.25571273122959737
snli+paws,0.32598039215686275,0.5847094801223242,0.5270758122743683,0.16586768935762225,0.7678571428571429,0.7671683913452493,0.31117021276595747,0.06191369606003752,0.720503300330033,0.01,0.0
snli+squad_v2,0.3480392156862745,0.6247706422018349,0.5270758122743683,0.4582933844678811,0.7321428571428571,0.7624647224835371,0.6835106382978723,0.4324577861163227,0.6742986798679867,0.04,0.0
snli+winogrande,0.3333333333333333,0.5776758409785933,0.5270758122743683,0.47746883988494726,0.8392857142857143,0.7831608654750706,0.6117021276595744,0.2626641651031895,0.6555280528052805,0.56,0.1572361262241567
squad_v2+hellaswag,0.5490196078431373,0.6012232415902141,0.6209386281588448,0.45445829338446786,0.3392857142857143,0.5569143932267169,0.7659574468085106,0.7345215759849906,0.5129950495049505,0.5,0.37431991294885747
squad_v2+winogrande,0.571078431372549,0.5880733944954128,0.6606498194945848,0.3547459252157239,0.3392857142857143,0.6279397930385701,0.8803191489361702,0.8048780487804879,0.5796204620462047,0.18,0.024483133841131665
sst2+anli_r1,0.5367647058823529,0.4996941896024465,0.6389891696750902,0.5982742090124641,0.16071428571428573,0.7238946378174976,0.9228723404255319,0.9165103189493433,0.5913778877887789,0.62,0.5560391730141458
sst2+hellaswag,0.5,0.490519877675841,0.516245487364621,0.6069031639501438,0.08928571428571429,0.603480714957667,0.9042553191489362,0.9174484052532833,0.528052805280528,0.69,0.7083786724700761
sst2+imdb,0.5245098039215687,0.41651376146788993,0.4729241877256318,0.6356663470757431,0.08928571428571429,0.5973659454374413,0.9202127659574468,0.926829268292683,0.5008250825082509,0.64,0.46789989118607184
sst2+paws,0.4877450980392157,0.6128440366972477,0.5126353790613718,0.5263662511984659,0.08928571428571429,0.6006585136406397,0.9148936170212766,0.9090056285178236,0.673473597359736,0.08,0.033188248095756254
sst2+record,0.5955882352941176,0.5501529051987768,0.5776173285198556,0.5580057526366251,0.08928571428571429,0.6152398871119473,0.9148936170212766,0.9202626641651032,0.6095297029702971,0.05,0.018498367791077257
sst2+snli,0.3553921568627451,0.4892966360856269,0.5270758122743683,0.576222435282838,0.6964285714285714,0.7723424270931326,0.8617021276595744,0.8714821763602252,0.6278877887788779,0.36,0.11262241566920565
sst2+squad_v2,0.5686274509803921,0.5685015290519878,0.5667870036101083,0.5167785234899329,0.10714285714285714,0.6110065851364064,0.925531914893617,0.9202626641651032,0.5666254125412541,0.08,0.01958650707290533
sst2+winogrande,0.5612745098039216,0.42415902140672784,0.5451263537906137,0.5570469798657718,0.10714285714285714,0.6020696142991533,0.925531914893617,0.9108818011257036,0.5447607260726073,0.65,0.6751904243743199
anli_r1+hellaswag+winogrande,0.4068627450980392,0.5198776758409785,0.6606498194945848,0.5589645254074784,0.6785714285714286,0.7681091251175918,0.8617021276595744,0.8161350844277674,0.5499174917491749,0.76,0.7143634385201306
anli_r1+imdb+hellaswag,0.4215686274509804,0.5116207951070336,0.6425992779783394,0.6653883029721956,0.4107142857142857,0.7878645343367827,0.9069148936170213,0.8949343339587242,0.5024752475247525,0.69,0.720892274211099
anli_r1+imdb+winogrande,0.5196078431372549,0.47522935779816516,0.6462093862815884,0.6097794822627037,0.5,0.8010348071495766,0.9069148936170213,0.899624765478424,0.5117574257425742,0.69,0.6692056583242655
anli_r1+paws+hellaswag,0.3431372549019608,0.6045871559633027,0.6787003610108303,0.5647171620325983,0.5357142857142857,0.7737535277516463,0.875,0.797373358348968,0.7334983498349835,0.56,0.5571273122959739
anli_r1+paws+imdb,0.46568627450980393,0.6073394495412844,0.631768953068592,0.6116970278044104,0.4642857142857143,0.8245531514581373,0.9095744680851063,0.8893058161350844,0.6990511551155115,0.48,0.500544069640914
anli_r1+paws+winogrande,0.3480392156862745,0.5972477064220183,0.6787003610108303,0.49760306807286675,0.6071428571428571,0.8024459078080903,0.8617021276595744,0.7879924953095685,0.7209158415841584,0.29,0.11099020674646355
imdb+hellaswag+winogrande,0.5588235294117647,0.42048929663608564,0.6534296028880866,0.6289549376797698,0.16071428571428573,0.6180620884289746,0.9122340425531915,0.9043151969981238,0.4923679867986799,0.73,0.721436343852013
mnli+anli_r1+hellaswag,0.44607843137254904,0.5275229357798165,0.5270758122743683,0.6471716203259827,0.8214285714285714,0.8254938852304797,0.8058510638297872,0.7917448405253283,0.6146864686468647,0.6,0.6169749727965179
mnli+anli_r1+imdb,0.47058823529411764,0.5076452599388379,0.5270758122743683,0.6538830297219559,0.7678571428571429,0.8179680150517403,0.8643617021276596,0.8621013133208255,0.5462046204620462,0.45,0.4733405875952122
mnli+anli_r1+paws,0.39705882352941174,0.5957186544342508,0.5270758122743683,0.5915627996164909,0.8214285714285714,0.823612417685795,0.848404255319149,0.7345215759849906,0.7365924092409241,0.07,0.05005440696409141
mnli+anli_r1+squad_v2,0.47058823529411764,0.5782874617737003,0.5667870036101083,0.5474592521572388,0.8035714285714286,0.8231420507996237,0.800531914893617,0.775797373358349,0.6505775577557755,0.17,0.03427638737758433
mnli+anli_r1+winogrande,0.4730392156862745,0.5137614678899083,0.5379061371841155,0.5838926174496645,0.8392857142857143,0.8283160865475071,0.8164893617021277,0.7823639774859287,0.6268564356435643,0.5,0.4401523394994559
mnli+hellaswag+winogrande,0.5196078431372549,0.5351681957186545,0.5415162454873647,0.5848513902205177,0.8035714285714286,0.8344308560677328,0.848404255319149,0.8161350844277674,0.5777640264026402,0.71,0.6806311207834603
mnli+imdb+hellaswag,0.5294117647058824,0.4865443425076453,0.5306859205776173,0.6615532118887824,0.7857142857142857,0.8320790216368767,0.8856382978723404,0.875234521575985,0.514026402640264,0.7,0.6860718171926007
mnli+imdb+squad_v2,0.5931372549019608,0.5336391437308868,0.5306859205776173,0.5829338446788112,0.7321428571428571,0.8273753527751646,0.8962765957446809,0.875234521575985,0.5612623762376238,0.4,0.16648531011969533
mnli+imdb+winogrande,0.5588235294117647,0.46788990825688076,0.5379061371841155,0.6270373921380633,0.7678571428571429,0.8226716839134525,0.8803191489361702,0.8714821763602252,0.5375412541254125,0.65,0.6354733405875952
mnli+paws+hellaswag,0.3946078431372549,0.6204892966360857,0.5451263537906137,0.5906040268456376,0.7678571428571429,0.8396048918156162,0.7845744680851063,0.7166979362101313,0.7559818481848185,0.51,0.3014145810663765
mnli+paws+imdb,0.5098039215686274,0.591743119266055,0.5415162454873647,0.6212847555129435,0.7321428571428571,0.8278457196613358,0.875,0.8705440900562852,0.7291666666666666,0.45,0.2279651795429815
mnli+paws+squad_v2,0.4583333333333333,0.6339449541284403,0.5270758122743683,0.4841802492809204,0.7857142857142857,0.8306679209783632,0.8085106382978723,0.7879924953095685,0.7460808580858086,0.05,0.010337323177366704
mnli+paws+winogrande,0.45588235294117646,0.581039755351682,0.5451263537906137,0.5273250239693192,0.7678571428571429,0.8377234242709313,0.824468085106383,0.7354596622889306,0.7446369636963697,0.39,0.04515778019586507
mnli+qnli+anli_r1,0.32107843137254904,0.5061162079510704,0.5812274368231047,0.588686481303931,0.7678571428571429,0.5597365945437441,0.8457446808510638,0.8227016885553471,0.673473597359736,0.31,0.10282916213275299
mnli+qnli+hellaswag,0.3161764705882353,0.5217125382262997,0.5270758122743683,0.5963566634707574,0.7678571428571429,0.47130761994355597,0.8377659574468085,0.7542213883677298,0.6349009900990099,0.61,0.5522306855277476
mnli+qnli+imdb,0.3161764705882353,0.45535168195718656,0.5306859205776173,0.6337488015340365,0.7321428571428571,0.5559736594543744,0.8776595744680851,0.8714821763602252,0.6043729372937293,0.49,0.4548422198041349
mnli+qnli+paws,0.3161764705882353,0.5877675840978593,0.5306859205776173,0.5426653883029722,0.75,0.5056444026340545,0.8271276595744681,0.5834896810506567,0.7524752475247525,0.26,0.05223068552774755
mnli+qnli+qqp,0.3161764705882353,0.36299694189602444,0.7292418772563177,0.3595397890699904,0.4107142857142857,0.5954844778927564,0.8430851063829787,0.8208255159474672,0.6070544554455446,0.14,0.01958650707290533
mnli+qnli+record,0.3161764705882353,0.5795107033639144,0.5270758122743683,0.5637583892617449,0.5892857142857143,0.5009407337723424,0.8563829787234043,0.801125703564728,0.7009075907590759,0.29,0.057127312295973884
mnli+qnli+snli,0.31862745098039214,0.5672782874617737,0.5270758122743683,0.49185043144774687,0.7857142857142857,0.6368767638758231,0.5771276595744681,0.1303939962476548,0.6982260726072608,0.13,0.009793253536452665
mnli+qnli+squad_v2,0.3161764705882353,0.5281345565749236,0.5270758122743683,0.48609779482262705,0.75,0.4858889934148636,0.8377659574468085,0.800187617260788,0.6608910891089109,0.27,0.035908596300326445
mnli+qnli+sst2,0.32598039215686275,0.4730886850152905,0.5270758122743683,0.5570469798657718,0.7857142857142857,0.5385700846660395,0.8962765957446809,0.8911819887429644,0.6476897689768977,0.53,0.3906420021762786
mnli+qnli+winogrande,0.3161764705882353,0.5149847094801223,0.5270758122743683,0.5378715244487057,0.8035714285714286,0.44543744120413925,0.848404255319149,0.7626641651031895,0.6745049504950495,0.52,0.3748639825897715
mnli+qqp+anli_r1,0.3161764705882353,0.46085626911314986,0.7870036101083032,0.6040268456375839,0.7857142857142857,0.8555973659454374,0.8031914893617021,0.7814258911819888,0.5752887788778878,0.1,0.12459194776931447
mnli+qqp+hellaswag,0.3161764705882353,0.42752293577981654,0.7075812274368231,0.6251198465963567,0.6607142857142857,0.808560677328316,0.7898936170212766,0.7851782363977486,0.5932343234323433,0.37,0.4009793253536453
mnli+qqp+imdb,0.3161764705882353,0.3798165137614679,0.7220216606498195,0.6375838926174496,0.6071428571428571,0.7812793979303857,0.8696808510638298,0.8639774859287055,0.5831270627062707,0.21,0.28890097932535364
mnli+qqp+paws,0.3161764705882353,0.5250764525993884,0.6931407942238267,0.5743048897411314,0.6607142857142857,0.7883349012229539,0.8351063829787234,0.7889305816135085,0.6225247524752475,0.05,0.035908596300326445
mnli+qqp+record,0.3161764705882353,0.44434250764525995,0.7328519855595668,0.6011505273250239,0.5892857142857143,0.8203198494825964,0.7952127659574468,0.7842401500938087,0.6111798679867987,0.22,0.04842219804134929
mnli+qqp+snli,0.3161764705882353,0.4892966360856269,0.6245487364620939,0.588686481303931,0.8214285714285714,0.8104421448730009,0.6382978723404256,0.36679174484052535,0.6229372937293729,0.39,0.05821545157780196
mnli+qqp+squad_v2,0.3161764705882353,0.4929663608562691,0.7256317689530686,0.5119846596356663,0.6785714285714286,0.7991533396048918,0.7819148936170213,0.7636022514071295,0.6047854785478548,0.17,0.03427638737758433
mnli+qqp+sst2,0.3161764705882353,0.42660550458715596,0.703971119133574,0.6030680728667306,0.5892857142857143,0.7892756349952963,0.8696808510638298,0.8808630393996247,0.5835396039603961,0.28,0.21980413492927095
mnli+qqp+winogrande,0.3161764705882353,0.3785932721712538,0.7292418772563177,0.5685522531160115,0.6607142857142857,0.8076199435559737,0.7978723404255319,0.7711069418386491,0.595503300330033,0.24,0.20565832426550598
mnli+record+anli_r1,0.5122549019607843,0.5590214067278287,0.5595667870036101,0.6318312559923298,0.7321428571428571,0.8245531514581373,0.8085106382978723,0.7926829268292683,0.6730610561056105,0.19,0.029923830250272034
mnli+record+hellaswag,0.5759803921568627,0.6155963302752293,0.5270758122743683,0.6327900287631831,0.7321428571428571,0.8269049858889934,0.8696808510638298,0.8292682926829268,0.683993399339934,0.66,0.4515778019586507
mnli+record+imdb,0.6299019607843137,0.5039755351681957,0.5270758122743683,0.6510067114093959,0.6071428571428571,0.8264346190028222,0.898936170212766,0.8761726078799249,0.6229372937293729,0.53,0.25081610446137104
mnli+record+paws,0.5465686274509803,0.6483180428134556,0.5270758122743683,0.5560882070949185,0.7321428571428571,0.8344308560677328,0.8537234042553191,0.7120075046904315,0.741542904290429,0.04,0.002176278563656148
mnli+record+snli,0.35784313725490197,0.5984709480122324,0.5270758122743683,0.2080536912751678,0.8571428571428571,0.8080903104421449,0.3696808510638298,0.0375234521575985,0.6860561056105611,0.03,0.0
mnli+record+squad_v2,0.6127450980392157,0.617125382262997,0.5270758122743683,0.5033557046979866,0.7321428571428571,0.8306679209783632,0.848404255319149,0.8264540337711069,0.6749174917491749,0.08,0.004352557127312296
mnli+record+winogrande,0.6274509803921569,0.599388379204893,0.5270758122743683,0.5541706615532119,0.7321428571428571,0.8264346190028222,0.8590425531914894,0.8386491557223265,0.6887376237623762,0.55,0.12568008705114256
mnli+snli+anli_r1,0.37254901960784315,0.5975535168195719,0.5270758122743683,0.5743048897411314,0.7857142857142857,0.8005644402634055,0.6196808510638298,0.28236397748592873,0.6846122112211221,0.06,0.006528835690968444
mnli+snli+hellaswag,0.35294117647058826,0.5889908256880734,0.5270758122743683,0.3144774688398849,0.8214285714285714,0.8113828786453434,0.36436170212765956,0.0675422138836773,0.6775990099009901,0.38,0.03808487486398259
mnli+snli+imdb,0.35049019607843135,0.554434250764526,0.5270758122743683,0.6337488015340365,0.8571428571428571,0.8043273753527752,0.7952127659574468,0.7570356472795498,0.5447607260726073,0.21,0.022850924918389554
mnli+snli+paws,0.3431372549019608,0.6128440366972477,0.5270758122743683,0.14189837008628955,0.8214285714285714,0.8090310442144873,0.22872340425531915,0.01876172607879925,0.699463696369637,0.02,0.0
mnli+snli+squad_v2,0.35294117647058826,0.6128440366972477,0.5270758122743683,0.3796740172579099,0.8571428571428571,0.8095014111006585,0.44680851063829785,0.08911819887429644,0.6891501650165016,0.02,0.0
mnli+snli+winogrande,0.3431372549019608,0.5844036697247706,0.5270758122743683,0.3317353787152445,0.8571428571428571,0.8052681091251176,0.3351063829787234,0.05065666041275797,0.6802805280528053,0.22,0.010337323177366704
mnli+squad_v2+hellaswag,0.5073529411764706,0.5675840978593272,0.5270758122743683,0.5445829338446788,0.7678571428571429,0.834901222953904,0.8377659574468085,0.8105065666041276,0.6066419141914191,0.6,0.4173014145810664
mnli+squad_v2+winogrande,0.5612745098039216,0.5535168195718655,0.5270758122743683,0.44966442953020136,0.7678571428571429,0.8334901222953904,0.8351063829787234,0.8067542213883677,0.6272689768976898,0.51,0.13764961915125137
mnli+sst2+anli_r1,0.5563725490196079,0.5214067278287462,0.5523465703971119,0.5915627996164909,0.8214285714285714,0.8226716839134525,0.8643617021276596,0.8611632270168855,0.619430693069307,0.5,0.3607181719260065
mnli+sst2+hellaswag,0.5686274509803921,0.4981651376146789,0.5415162454873647,0.6049856184084372,0.7857142857142857,0.8330197554092192,0.8882978723404256,0.8949343339587242,0.591996699669967,0.69,0.6670293797606094
mnli+sst2+imdb,0.5906862745098039,0.4743119266055046,0.5415162454873647,0.6049856184084372,0.6607142857142857,0.819379115710254,0.9148936170212766,0.9118198874296435,0.5045379537953796,0.6,0.5821545157780196
mnli+sst2+paws,0.5882352941176471,0.6021406727828746,0.5379061371841155,0.5560882070949185,0.7857142857142857,0.8306679209783632,0.8882978723404256,0.8855534709193246,0.7250412541254125,0.46,0.14798694232861806
mnli+sst2+record,0.6446078431372549,0.5201834862385321,0.5270758122743683,0.5838926174496645,0.6607142857142857,0.825964252116651,0.901595744680851,0.8968105065666041,0.6450082508250825,0.44,0.14744287268770404
mnli+sst2+snli,0.39705882352941174,0.5795107033639144,0.5270758122743683,0.5944391179290508,0.8928571428571429,0.8071495766698025,0.7553191489361702,0.7335834896810507,0.5587871287128713,0.29,0.017954298150163223
mnli+sst2+squad_v2,0.625,0.5565749235474006,0.5270758122743683,0.5349952061361457,0.7142857142857143,0.8306679209783632,0.898936170212766,0.8864915572232646,0.6322194719471947,0.37,0.09902067464635474
mnli+sst2+winogrande,0.6029411764705882,0.4837920489296636,0.5379061371841155,0.5647171620325983,0.75,0.8287864534336783,0.8909574468085106,0.8893058161350844,0.6070544554455446,0.65,0.6017410228509249
paws+hellaswag+winogrande,0.3553921568627451,0.6241590214067279,0.48014440433212996,0.026845637583892617,0.14285714285714285,0.38334901222953904,0.061170212765957445,0.019699812382739212,0.7062706270627063,0.49,0.30087051142546245
paws+imdb+hellaswag,0.4411764705882353,0.6498470948012233,0.5956678700361011,0.62320230105465,0.14285714285714285,0.6420507996237065,0.9095744680851063,0.8986866791744841,0.6912128712871287,0.68,0.6719260065288357
paws+imdb+winogrande,0.5441176470588235,0.6415902140672783,0.631768953068592,0.5455417066155321,0.17857142857142858,0.6279397930385701,0.9148936170212766,0.899624765478424,0.6844059405940595,0.38,0.38900979325353646
qnli+anli_r1+hellaswag,0.3161764705882353,0.5357798165137615,0.7256317689530686,0.5925215723873442,0.4107142857142857,0.4901222953904045,0.8856382978723404,0.8395872420262664,0.6412953795379538,0.68,0.6332970620239391
qnli+anli_r1+imdb,0.3161764705882353,0.4730886850152905,0.6823104693140795,0.62607861936721,0.4107142857142857,0.5536218250235183,0.9095744680851063,0.8883677298311444,0.5790016501650165,0.61,0.5397170837867247
qnli+anli_r1+paws,0.3161764705882353,0.5944954128440367,0.7653429602888087,0.5330776605944392,0.4107142857142857,0.47742238946378174,0.8936170212765957,0.8339587242026266,0.7477310231023102,0.14,0.09303590859630033
qnli+anli_r1+squad_v2,0.3161764705882353,0.5709480122324159,0.7472924187725631,0.4707574304889741,0.4107142857142857,0.4633113828786453,0.8909574468085106,0.8405253283302064,0.6443894389438944,0.25,0.05005440696409141
qnli+anli_r1+winogrande,0.3161764705882353,0.4966360856269113,0.7472924187725631,0.5282837967401726,0.4107142857142857,0.4962370649106303,0.8936170212765957,0.8452157598499062,0.6487211221122112,0.63,0.4749727965179543
qnli+hellaswag+winogrande,0.3161764705882353,0.4917431192660551,0.703971119133574,0.5023969319271333,0.4107142857142857,0.4129821260583255,0.8882978723404256,0.8461538461538461,0.5998349834983498,0.69,0.6360174102285092
qnli+imdb+hellaswag,0.3161764705882353,0.43211009174311926,0.6606498194945848,0.6433365292425696,0.4107142857142857,0.5315145813734713,0.9069148936170213,0.8930581613508443,0.5424917491749175,0.68,0.6583242655059848
qnli+imdb+squad_v2,0.3161764705882353,0.4541284403669725,0.6787003610108303,0.5436241610738255,0.4107142857142857,0.5145813734713076,0.9042553191489362,0.8818011257035647,0.5868399339933993,0.35,0.18171926006528835
qnli+imdb+winogrande,0.3161764705882353,0.39541284403669724,0.6750902527075813,0.5685522531160115,0.42857142857142855,0.5244590780809031,0.9095744680851063,0.8949343339587242,0.5604372937293729,0.67,0.6033732317736671
qnli+paws+hellaswag,0.3161764705882353,0.6501529051987768,0.7256317689530686,0.47555129434324067,0.4107142857142857,0.4233301975540922,0.8164893617021277,0.6744840525328331,0.7213283828382838,0.51,0.37268770402611534
qnli+paws+imdb,0.3161764705882353,0.6406727828746177,0.6895306859205776,0.5771812080536913,0.42857142857142855,0.5258701787394168,0.9122340425531915,0.8911819887429644,0.7085396039603961,0.4,0.35038084874863984
qnli+paws+squad_v2,0.3161764705882353,0.6565749235474007,0.7436823104693141,0.4276126558005753,0.4107142857142857,0.42850423330197557,0.8909574468085106,0.8414634146341463,0.7215346534653465,0.03,0.017954298150163223
qnli+paws+winogrande,0.3161764705882353,0.6324159021406728,0.7111913357400722,0.4448705656759348,0.4107142857142857,0.39981185324553153,0.8537234042553191,0.7082551594746717,0.7264851485148515,0.12,0.046245919477693145
qnli+qqp+anli_r1,0.3161764705882353,0.3532110091743119,0.4729241877256318,0.5656759348034516,0.4107142857142857,0.5409219190968956,0.723404255319149,0.7448405253283302,0.6132425742574258,0.05,0.041349292709466814
qnli+qqp+hellaswag,0.3161764705882353,0.34464831804281343,0.4729241877256318,0.5838926174496645,0.39285714285714285,0.5310442144873001,0.6914893617021277,0.5572232645403377,0.6229372937293729,0.1,0.235038084874864
qnli+qqp+imdb,0.3161764705882353,0.3122324159021407,0.4729241877256318,0.6318312559923298,0.2857142857142857,0.6001881467544685,0.8670212765957447,0.8724202626641651,0.5274339933993399,0.08,0.12785636561479868
qnli+qqp+paws,0.3161764705882353,0.42752293577981654,0.4729241877256318,0.5254074784276127,0.35714285714285715,0.555032925682032,0.6648936170212766,0.3799249530956848,0.6268564356435643,0.02,0.013601741022850925
qnli+qqp+record,0.3161764705882353,0.38807339449541284,0.4729241877256318,0.548418024928092,0.42857142857142855,0.5479774223894638,0.7021276595744681,0.7279549718574109,0.6293316831683168,0.05,0.017410228509249184
qnli+qqp+snli,0.3161764705882353,0.38318042813455655,0.7509025270758123,0.42377756471716205,0.42857142857142855,0.5710253998118533,0.8111702127659575,0.8030018761726079,0.5903465346534653,0.14,0.024483133841131665
qnli+qqp+squad_v2,0.3161764705882353,0.39541284403669724,0.4729241877256318,0.4554170661553212,0.375,0.5489181561618062,0.6835106382978723,0.649155722326454,0.6307755775577558,0.05,0.011969532100108813
qnli+qqp+sst2,0.3161764705882353,0.3220183486238532,0.4729241877256318,0.5714285714285714,0.25,0.5950141110065852,0.8803191489361702,0.8846153846153846,0.5352722772277227,0.07,0.09194776931447225
qnli+qqp+winogrande,0.3161764705882353,0.31162079510703367,0.4729241877256318,0.5263662511984659,0.375,0.5395108184383819,0.7021276595744681,0.5787992495309568,0.6243811881188119,0.05,0.07616974972796518
qnli+record+anli_r1,0.3161764705882353,0.573394495412844,0.6498194945848376,0.5589645254074784,0.4107142857142857,0.4703668861712135,0.898936170212766,0.8442776735459663,0.6625412541254125,0.45,0.18117519042437433
qnli+record+hellaswag,0.3161764705882353,0.5929663608562691,0.6353790613718412,0.5675934803451582,0.4107142857142857,0.43838193791157104,0.9069148936170213,0.8461538461538461,0.6262376237623762,0.64,0.5391730141458106
qnli+record+imdb,0.3161764705882353,0.5110091743119266,0.6462093862815884,0.6116970278044104,0.4107142857142857,0.5446848541862653,0.9148936170212766,0.8864915572232646,0.590552805280528,0.49,0.36126224156692055
qnli+record+paws,0.3161764705882353,0.692354740061162,0.7003610108303249,0.4419942473633749,0.4107142857142857,0.4374412041392286,0.8803191489361702,0.7711069418386491,0.7052392739273927,0.05,0.005984766050054407
qnli+record+snli,0.3161764705882353,0.5691131498470948,0.5631768953068592,0.5493767976989453,0.5357142857142857,0.49153339604891816,0.8457446808510638,0.773921200750469,0.6841996699669967,0.05,0.00544069640914037
qnli+record+squad_v2,0.3161764705882353,0.6296636085626911,0.6787003610108303,0.4304889741131352,0.4107142857142857,0.4341486359360301,0.9042553191489362,0.848968105065666,0.6437706270627063,0.08,0.012513601741022852
qnli+record+winogrande,0.3161764705882353,0.5663608562691131,0.6570397111913358,0.48034515819750717,0.4107142857142857,0.42850423330197557,0.898936170212766,0.848968105065666,0.6604785478547854,0.17,0.1311207834602829
qnli+snli+anli_r1,0.3161764705882353,0.5140672782874618,0.5812274368231047,0.5627996164908916,0.7321428571428571,0.5319849482596425,0.8111702127659575,0.801125703564728,0.6627475247524752,0.35,0.09194776931447225
qnli+snli+hellaswag,0.3161764705882353,0.5400611620795107,0.5631768953068592,0.5618408437200384,0.6428571428571429,0.47695202257761055,0.8430851063829787,0.7711069418386491,0.6406765676567657,0.62,0.4015233949945593
qnli+snli+imdb,0.3161764705882353,0.46605504587155966,0.5415162454873647,0.6021093000958773,0.5535714285714286,0.5564440263405456,0.8856382978723404,0.8602251407129456,0.5932343234323433,0.5,0.2573449401523395
qnli+snli+paws,0.3161764705882353,0.5782874617737003,0.5595667870036101,0.5129434324065196,0.7321428571428571,0.4727187206020696,0.8404255319148937,0.5103189493433395,0.731023102310231,0.05,0.008161044613710556
qnli+snli+squad_v2,0.3161764705882353,0.545565749235474,0.5703971119133574,0.45254074784276127,0.7321428571428571,0.4717779868297272,0.8351063829787234,0.7964352720450282,0.6596534653465347,0.05,0.005984766050054407
qnli+snli+winogrande,0.3161764705882353,0.5247706422018349,0.5487364620938628,0.5167785234899329,0.7321428571428571,0.4717779868297272,0.848404255319149,0.7908067542213884,0.6466584158415841,0.52,0.1692056583242655
qnli+squad_v2+hellaswag,0.3161764705882353,0.5963302752293578,0.703971119133574,0.44966442953020136,0.4107142857142857,0.4270931326434619,0.8829787234042553,0.8433395872420263,0.6006600660066007,0.55,0.4782372143634385
qnli+squad_v2+winogrande,0.3161764705882353,0.5795107033639144,0.7148014440433214,0.3950143815915628,0.4107142857142857,0.41862652869238004,0.8962765957446809,0.8536585365853658,0.6404702970297029,0.32,0.12132752992383025
qnli+sst2+anli_r1,0.3161764705882353,0.4978593272171254,0.6787003610108303,0.5685522531160115,0.4107142857142857,0.5324553151458138,0.9281914893617021,0.9127579737335835,0.5961221122112211,0.6,0.500544069640914
qnli+sst2+hellaswag,0.3161764705882353,0.4902140672782875,0.6823104693140795,0.585810162991371,0.42857142857142855,0.4995296331138288,0.9202127659574468,0.9165103189493433,0.5664191419141914,0.68,0.6403699673558215
qnli+sst2+imdb,0.31862745098039214,0.40519877675840976,0.6425992779783394,0.5896452540747843,0.4107142857142857,0.5498588899341487,0.9228723404255319,0.9202626641651032,0.5734323432343235,0.64,0.5848748639825898
qnli+sst2+paws,0.3161764705882353,0.635474006116208,0.6750902527075813,0.5321188878235859,0.4107142857142857,0.4967074317968015,0.9228723404255319,0.9108818011257036,0.7066831683168316,0.36,0.24483133841131666
qnli+sst2+record,0.31862745098039214,0.5562691131498471,0.6462093862815884,0.5551294343240653,0.4107142857142857,0.5,0.925531914893617,0.9108818011257036,0.6138613861386139,0.5,0.3101196953210011
qnli+sst2+snli,0.3161764705882353,0.4804281345565749,0.5631768953068592,0.5503355704697986,0.6785714285714286,0.5489181561618062,0.8643617021276596,0.8724202626641651,0.6489273927392739,0.52,0.1822633297062024
qnli+sst2+squad_v2,0.31862745098039214,0.4709480122324159,0.6859205776173285,0.5244487056567594,0.4107142857142857,0.49153339604891816,0.9228723404255319,0.9043151969981238,0.6070544554455446,0.35,0.16104461371055495
qnli+sst2+winogrande,0.31862745098039214,0.44250764525993885,0.6714801444043321,0.5465004793863855,0.42857142857142855,0.4962370649106303,0.9228723404255319,0.9108818011257036,0.5759075907590759,0.61,0.5821545157780196
qqp+anli_r1+hellaswag,0.3161764705882353,0.3944954128440367,0.4729241877256318,0.610738255033557,0.125,0.6039510818438382,0.6702127659574468,0.7439024390243902,0.6126237623762376,0.57,0.5016322089227421
qqp+anli_r1+imdb,0.3161764705882353,0.3599388379204893,0.4729241877256318,0.6519654841802492,0.10714285714285714,0.6039510818438382,0.8776595744680851,0.8827392120075047,0.5167079207920792,0.42,0.2769314472252448
qqp+anli_r1+paws,0.3161764705882353,0.4951070336391437,0.4729241877256318,0.5647171620325983,0.125,0.6039510818438382,0.7686170212765957,0.7823639774859287,0.6095297029702971,0.05,0.021218715995647442
qqp+anli_r1+squad_v2,0.3161764705882353,0.44831804281345566,0.4729241877256318,0.4841802492809204,0.16071428571428573,0.6039510818438382,0.6702127659574468,0.7213883677298312,0.6140676567656765,0.08,0.02665941240478781
qqp+anli_r1+winogrande,0.3161764705882353,0.37889908256880733,0.4729241877256318,0.5570469798657718,0.125,0.6039510818438382,0.6941489361702128,0.7326454033771107,0.6126237623762376,0.48,0.23014145810663764
qqp+hellaswag+winogrande,0.3161764705882353,0.36299694189602444,0.4729241877256318,0.573346116970278,0.08928571428571429,0.6006585136406397,0.6781914893617021,0.6838649155722326,0.5973597359735974,0.67,0.5756256800870512
qqp+imdb+hellaswag,0.3161764705882353,0.3525993883792049,0.4729241877256318,0.6625119846596357,0.08928571428571429,0.603480714957667,0.8696808510638298,0.8883677298311444,0.49731848184818483,0.64,0.5903155603917302
qqp+imdb+squad_v2,0.3161764705882353,0.39938837920489295,0.4729241877256318,0.5666347075743049,0.08928571428571429,0.6039510818438382,0.8962765957446809,0.8874296435272045,0.5144389438943895,0.2,0.07072905331882481
qqp+imdb+winogrande,0.3161764705882353,0.3165137614678899,0.4729241877256318,0.6193672099712368,0.08928571428571429,0.603480714957667,0.8776595744680851,0.8789868667917449,0.49896864686468645,0.57,0.4314472252448313
qqp+paws+hellaswag,0.3161764705882353,0.4837920489296636,0.4729241877256318,0.45158197507190795,0.08928571428571429,0.6001881467544685,0.7686170212765957,0.5469043151969981,0.6262376237623762,0.38,0.20239390642002175
qqp+paws+imdb,0.3161764705882353,0.44067278287461775,0.4729241877256318,0.6174496644295302,0.08928571428571429,0.6025399811853246,0.875,0.8799249530956847,0.6021039603960396,0.14,0.0957562568008705
qqp+paws+squad_v2,0.3161764705882353,0.5415902140672783,0.4729241877256318,0.4103547459252157,0.08928571428571429,0.5997177798682972,0.7632978723404256,0.7420262664165104,0.6295379537953796,0.01,0.003808487486398259
qqp+paws+winogrande,0.3161764705882353,0.44220183486238535,0.4729241877256318,0.40076701821668265,0.08928571428571429,0.6006585136406397,0.75,0.5647279549718575,0.6223184818481848,0.14,0.03482045701849837
qqp+record+anli_r1,0.3161764705882353,0.41284403669724773,0.4729241877256318,0.585810162991371,0.125,0.6039510818438382,0.7127659574468085,0.7673545966228893,0.6167491749174917,0.07,0.04787812840043525
qqp+record+hellaswag,0.3161764705882353,0.41314984709480124,0.4729241877256318,0.5829338446788112,0.08928571428571429,0.6015992474129821,0.7154255319148937,0.7936210131332082,0.634075907590759,0.44,0.35799782372143635
qqp+record+imdb,0.3161764705882353,0.37003058103975534,0.4729241877256318,0.6442953020134228,0.08928571428571429,0.603480714957667,0.8936170212765957,0.8911819887429644,0.5633250825082509,0.25,0.12187159956474429
qqp+record+paws,0.3161764705882353,0.4966360856269113,0.4729241877256318,0.4439117929050815,0.08928571428571429,0.6011288805268109,0.7579787234042553,0.698874296435272,0.6171617161716172,0.01,0.003808487486398259
qqp+record+snli,0.3161764705882353,0.4602446483180428,0.7436823104693141,0.5532118887823586,0.7321428571428571,0.7888052681091251,0.7606382978723404,0.774859287054409,0.6033415841584159,0.12,0.02883569096844396
qqp+record+squad_v2,0.3161764705882353,0.4452599388379205,0.4729241877256318,0.44007670182166825,0.08928571428571429,0.6020696142991533,0.7659574468085106,0.7636022514071295,0.6344884488448845,0.03,0.002176278563656148
qqp+record+winogrande,0.3161764705882353,0.41223241590214066,0.4729241877256318,0.49185043144774687,0.08928571428571429,0.6015992474129821,0.75,0.7851782363977486,0.629950495049505,0.23,0.08868335146898804
qqp+snli+anli_r1,0.3161764705882353,0.46605504587155966,0.7256317689530686,0.5407478427612655,0.8035714285714286,0.812793979303857,0.6808510638297872,0.7157598499061913,0.5851897689768977,0.12,0.07127312295973885
qqp+snli+hellaswag,0.3161764705882353,0.42568807339449544,0.7581227436823105,0.5637583892617449,0.7678571428571429,0.7817497648165569,0.7420212765957447,0.7532833020637899,0.5728135313531353,0.4,0.338411316648531
qqp+snli+imdb,0.3161764705882353,0.40703363914373086,0.7472924187725631,0.610738255033557,0.7857142857142857,0.7615239887111948,0.8457446808510638,0.8536585365853658,0.5911716171617162,0.21,0.20946681175190424
qqp+snli+paws,0.3161764705882353,0.5247706422018349,0.740072202166065,0.5254074784276127,0.7857142857142857,0.7563499529633114,0.8058510638297872,0.7917448405253283,0.6146864686468647,0.04,0.017954298150163223
qqp+snli+squad_v2,0.3161764705882353,0.5113149847094801,0.7581227436823105,0.4573346116970278,0.75,0.7742238946378175,0.7632978723404256,0.7514071294559099,0.5965346534653465,0.14,0.018498367791077257
qqp+snli+winogrande,0.3161764705882353,0.37706422018348623,0.7581227436823105,0.5225311601150527,0.8214285714285714,0.7789275634995296,0.773936170212766,0.7532833020637899,0.5874587458745875,0.23,0.15070729053318824
qqp+squad_v2+hellaswag,0.3161764705882353,0.43363914373088686,0.4729241877256318,0.49952061361457334,0.08928571428571429,0.6006585136406397,0.6808510638297872,0.6932457786116323,0.6313943894389439,0.49,0.24591947769314473
qqp+squad_v2+winogrande,0.3161764705882353,0.4235474006116208,0.4729241877256318,0.43720038350910834,0.08928571428571429,0.6015992474129821,0.6728723404255319,0.7138836772983115,0.6309818481848185,0.22,0.04787812840043525
qqp+sst2+anli_r1,0.3161764705882353,0.3908256880733945,0.4729241877256318,0.6049856184084372,0.08928571428571429,0.6039510818438382,0.8829787234042553,0.8977485928705441,0.5185643564356436,0.47,0.21218715995647444
qqp+sst2+hellaswag,0.3161764705882353,0.3767584097859327,0.4729241877256318,0.6059443911792906,0.08928571428571429,0.6030103480714958,0.8776595744680851,0.8986866791744841,0.5008250825082509,0.65,0.5544069640914037
qqp+sst2+imdb,0.3161764705882353,0.3211009174311927,0.4729241877256318,0.6164908916586769,0.08928571428571429,0.6025399811853246,0.9122340425531915,0.9155722326454033,0.5274339933993399,0.58,0.36887921653971706
qqp+sst2+paws,0.3161764705882353,0.4779816513761468,0.4729241877256318,0.5675934803451582,0.08928571428571429,0.6025399811853246,0.8829787234042553,0.8893058161350844,0.6043729372937293,0.19,0.051686615886833515
qqp+sst2+record,0.3161764705882353,0.39051987767584095,0.4729241877256318,0.5934803451581975,0.08928571428571429,0.603480714957667,0.8962765957446809,0.9043151969981238,0.5915841584158416,0.23,0.08868335146898804
qqp+sst2+snli,0.3161764705882353,0.4290519877675841,0.7509025270758123,0.6040268456375839,0.7142857142857143,0.7610536218250236,0.848404255319149,0.8649155722326454,0.5942656765676567,0.34,0.14689880304678998
qqp+sst2+squad_v2,0.3161764705882353,0.41896024464831805,0.4729241877256318,0.5186960690316395,0.08928571428571429,0.603480714957667,0.8909574468085106,0.9015009380863039,0.5255775577557755,0.25,0.04896626768226333
qqp+sst2+winogrande,0.3161764705882353,0.3437308868501529,0.4729241877256318,0.573346116970278,0.08928571428571429,0.6025399811853246,0.8909574468085106,0.8958724202626641,0.5086633663366337,0.63,0.3628944504896627
record+anli_r1+hellaswag,0.6740196078431373,0.6113149847094801,0.5956678700361011,0.6625119846596357,0.42857142857142855,0.7234242709313264,0.898936170212766,0.8536585365853658,0.6111798679867987,0.67,0.6213275299238302
record+anli_r1+imdb,0.6568627450980392,0.5412844036697247,0.631768953068592,0.6682646212847555,0.23214285714285715,0.7817497648165569,0.9122340425531915,0.8911819887429644,0.5655940594059405,0.54,0.4102285092491839
record+anli_r1+paws,0.553921568627451,0.653211009174312,0.6425992779783394,0.5704697986577181,0.5178571428571429,0.7441204139228599,0.8882978723404256,0.8198874296435272,0.704414191419142,0.0,0.004896626768226333
record+anli_r1+squad_v2,0.6617647058823529,0.6238532110091743,0.592057761732852,0.5225311601150527,0.6071428571428571,0.7220131702728128,0.898936170212766,0.8395872420262664,0.6359323432343235,0.02,0.002176278563656148
record+anli_r1+winogrande,0.6740196078431373,0.5938837920489297,0.6245487364620939,0.535953978906999,0.5178571428571429,0.6928504233301975,0.8962765957446809,0.8442776735459663,0.6373762376237624,0.38,0.2529923830250272
record+hellaswag+winogrande,0.6838235294117647,0.6021406727828746,0.5812274368231047,0.5465004793863855,0.42857142857142855,0.5216368767638758,0.898936170212766,0.8264540337711069,0.5752887788778878,0.59,0.4766050054406964
record+imdb+hellaswag,0.6764705882352942,0.5553516819571865,0.628158844765343,0.6740172579098753,0.16071428571428573,0.603480714957667,0.9122340425531915,0.8986866791744841,0.5257838283828383,0.66,0.6360174102285092
record+imdb+winogrande,0.6544117647058824,0.5198776758409785,0.6462093862815884,0.5877277085330777,0.17857142857142858,0.6175917215428034,0.9122340425531915,0.899624765478424,0.5426980198019802,0.48,0.4613710554951034
record+paws+hellaswag,0.5465686274509803,0.6770642201834862,0.47653429602888087,0.0028763183125599234,0.017857142857142856,0.21636876763875823,0.1356382978723404,0.04127579737335835,0.691006600660066,0.01,0.020674646354733407
record+paws+imdb,0.6715686274509803,0.6773700305810397,0.6389891696750902,0.6078619367209971,0.16071428571428573,0.6401693320790216,0.9122340425531915,0.8949343339587242,0.6683168316831684,0.03,0.009249183895538629
record+paws+squad_v2,0.6151960784313726,0.6743119266055045,0.592057761732852,0.3029721955896453,0.26785714285714285,0.6185324553151458,0.8882978723404256,0.801125703564728,0.6862623762376238,0.0,0.0
record+paws+winogrande,0.5612745098039216,0.6810397553516819,0.4729241877256318,0.0019175455417066154,0.017857142857142856,0.14063969896519285,0.19680851063829788,0.12101313320825516,0.6908003300330033,0.0,0.000544069640914037
record+snli+anli_r1,0.3431372549019608,0.5663608562691131,0.5595667870036101,0.585810162991371,0.7321428571428571,0.7742238946378175,0.8164893617021277,0.7917448405253283,0.6443894389438944,0.09,0.011969532100108813
record+snli+hellaswag,0.3431372549019608,0.6076452599388379,0.5270758122743683,0.576222435282838,0.6785714285714286,0.738005644402634,0.776595744680851,0.4812382739212008,0.6689356435643564,0.64,0.20946681175190424
record+snli+imdb,0.34558823529411764,0.5159021406727828,0.5270758122743683,0.6337488015340365,0.5357142857142857,0.7732831608654751,0.875,0.8658536585365854,0.6291254125412541,0.51,0.09031556039173014
record+snli+paws,0.3284313725490196,0.6388379204892967,0.5270758122743683,0.32502396931927136,0.7321428571428571,0.779868297271872,0.5398936170212766,0.2401500938086304,0.7097772277227723,0.0,0.0
record+snli+squad_v2,0.34558823529411764,0.6253822629969419,0.5270758122743683,0.4592521572387344,0.6607142857142857,0.7521166509877705,0.7526595744680851,0.6228893058161351,0.6435643564356436,0.03,0.0
record+snli+winogrande,0.3480392156862745,0.5954128440366973,0.5270758122743683,0.49760306807286675,0.7142857142857143,0.7756349952963312,0.7792553191489362,0.550656660412758,0.6722359735973598,0.49,0.031011969532100107
snli+anli_r1+hellaswag,0.3333333333333333,0.5388379204892967,0.5703971119133574,0.5896452540747843,0.75,0.7817497648165569,0.8058510638297872,0.7879924953095685,0.6223184818481848,0.62,0.37431991294885747
snli+anli_r1+imdb,0.35294117647058826,0.5207951070336392,0.5703971119133574,0.6395014381591563,0.7142857142857143,0.7859830667920978,0.8617021276595744,0.849906191369606,0.5272277227722773,0.52,0.20184983677910773
snli+anli_r1+paws,0.3284313725490196,0.5966360856269113,0.5523465703971119,0.5522531160115053,0.7678571428571429,0.7784571966133584,0.824468085106383,0.7457786116322702,0.7108085808580858,0.02,0.004896626768226333
snli+anli_r1+winogrande,0.3333333333333333,0.5235474006116208,0.5523465703971119,0.551294343240652,0.7857142857142857,0.7883349012229539,0.800531914893617,0.7823639774859287,0.6258250825082509,0.5,0.117519042437432
snli+hellaswag+winogrande,0.33088235294117646,0.5461773700305811,0.5270758122743683,0.5436241610738255,0.8214285714285714,0.7850423330197555,0.7473404255319149,0.5590994371482176,0.5785891089108911,0.72,0.6599564744287268
snli+imdb+hellaswag,0.3431372549019608,0.4957186544342508,0.5270758122743683,0.6519654841802492,0.75,0.7779868297271872,0.8643617021276596,0.8630393996247655,0.5146452145214522,0.66,0.6430903155603918
snli+imdb+winogrande,0.3431372549019608,0.4779816513761468,0.5270758122743683,0.5982742090124641,0.8035714285714286,0.7836312323612418,0.8617021276595744,0.8592870544090057,0.5499174917491749,0.63,0.558759521218716
snli+paws+hellaswag,0.3235294117647059,0.5972477064220183,0.5270758122743683,0.3595397890699904,0.7678571428571429,0.7897460018814676,0.5904255319148937,0.14446529080675422,0.720503300330033,0.45,0.14036996735582155
snli+paws+imdb,0.33088235294117646,0.5831804281345566,0.5270758122743683,0.5973154362416108,0.7678571428571429,0.7779868297271872,0.8696808510638298,0.8602251407129456,0.6928630363036303,0.23,0.10935799782372144
snli+paws+winogrande,0.3284313725490196,0.5819571865443425,0.5270758122743683,0.3461169702780441,0.7857142857142857,0.7944496707431796,0.574468085106383,0.14540337711069418,0.7126650165016502,0.3,0.02883569096844396
sst2+anli_r1+hellaswag,0.46568627450980393,0.5513761467889908,0.628158844765343,0.5934803451581975,0.17857142857142858,0.7445907808090311,0.9228723404255319,0.9193245778611632,0.5198019801980198,0.69,0.7149075081610446
sst2+anli_r1+imdb,0.5269607843137255,0.46605504587155966,0.6245487364620939,0.6442953020134228,0.14285714285714285,0.6613358419567262,0.925531914893617,0.924953095684803,0.5618811881188119,0.62,0.5359085963003264
sst2+anli_r1+paws,0.47794117647058826,0.609480122324159,0.6498194945848376,0.5445829338446788,0.23214285714285715,0.7666980244590781,0.9308510638297872,0.9118198874296435,0.6986386138613861,0.46,0.32372143634385203
sst2+anli_r1+squad_v2,0.571078431372549,0.4951070336391437,0.6173285198555957,0.5321188878235859,0.30357142857142855,0.7582314205079962,0.9202127659574468,0.9136960600375235,0.5802392739273927,0.37,0.13003264417845484
sst2+anli_r1+winogrande,0.5465686274509803,0.5079510703363914,0.6353790613718412,0.5675934803451582,0.23214285714285715,0.7629350893697083,0.9228723404255319,0.9099437148217636,0.5509488448844885,0.64,0.6659412404787813
sst2+hellaswag+winogrande,0.5318627450980392,0.4868501529051988,0.555956678700361,0.5426653883029722,0.125,0.6378174976481655,0.9175531914893617,0.9146341463414634,0.5059818481848185,0.74,0.7121871599564744
sst2+imdb+hellaswag,0.4803921568627451,0.4584097859327217,0.516245487364621,0.6500479386385427,0.08928571428571429,0.5983066792097836,0.9202127659574468,0.925891181988743,0.5272277227722773,0.69,0.6985854189336235
sst2+imdb+squad_v2,0.5686274509803921,0.4798165137614679,0.555956678700361,0.5666347075743049,0.10714285714285714,0.5964252116650988,0.925531914893617,0.924015009380863,0.5101072607260726,0.35,0.11969532100108814
sst2+imdb+winogrande,0.5098039215686274,0.42446483180428135,0.5306859205776173,0.6088207094918504,0.08928571428571429,0.5973659454374413,0.9228723404255319,0.924953095684803,0.528052805280528,0.66,0.6414581066376496
sst2+paws+hellaswag,0.4583333333333333,0.6318042813455658,0.5126353790613718,0.5369127516778524,0.10714285714285714,0.6293508936970837,0.9122340425531915,0.9127579737335835,0.682549504950495,0.62,0.544069640914037
sst2+paws+imdb,0.49754901960784315,0.5743119266055046,0.5054151624548736,0.6184084372003835,0.08928571428571429,0.599247412982126,0.925531914893617,0.924953095684803,0.6379950495049505,0.47,0.39499455930359084
sst2+paws+squad_v2,0.5367647058823529,0.6428134556574924,0.5740072202166066,0.5043144774688398,0.125,0.6279397930385701,0.9202127659574468,0.9080675422138836,0.6908003300330033,0.04,0.013057671381936888
sst2+paws+winogrande,0.5392156862745098,0.6220183486238532,0.5523465703971119,0.5196548418024928,0.125,0.6072436500470367,0.925531914893617,0.9090056285178236,0.6775990099009901,0.3,0.20184983677910773
sst2+record+anli_r1,0.6176470588235294,0.5660550458715596,0.6209386281588448,0.5675934803451582,0.21428571428571427,0.7516462841015993,0.9335106382978723,0.9230769230769231,0.5952970297029703,0.45,0.2981501632208923
sst2+record+hellaswag,0.6029411764705882,0.5837920489296636,0.6028880866425993,0.5637583892617449,0.10714285714285714,0.6218250235183443,0.9175531914893617,0.9230769230769231,0.5752887788778878,0.67,0.544613710554951
sst2+record+imdb,0.5980392156862745,0.45198776758409787,0.5595667870036101,0.6299137104506232,0.08928571428571429,0.603480714957667,0.9228723404255319,0.9287054409005628,0.5810643564356436,0.39,0.24047878128400435
sst2+record+paws,0.6200980392156863,0.6660550458715596,0.5884476534296029,0.5225311601150527,0.10714285714285714,0.6298212605832549,0.925531914893617,0.9174484052532833,0.6745049504950495,0.01,0.004352557127312296
sst2+record+snli,0.41421568627450983,0.5284403669724771,0.5270758122743683,0.5599232981783318,0.625,0.7812793979303857,0.8696808510638298,0.8874296435272045,0.6491336633663366,0.44,0.05005440696409141
sst2+record+squad_v2,0.625,0.5801223241590214,0.628158844765343,0.5167785234899329,0.16071428571428573,0.6345249294449671,0.9308510638297872,0.9155722326454033,0.5833333333333334,0.02,0.00544069640914037
sst2+record+winogrande,0.5980392156862745,0.5602446483180428,0.6064981949458483,0.5244487056567594,0.125,0.6274694261523989,0.9281914893617021,0.9174484052532833,0.6132425742574258,0.41,0.46735582154515776
sst2+snli+anli_r1,0.34558823529411764,0.5397553516819572,0.5776173285198556,0.5800575263662512,0.7321428571428571,0.7892756349952963,0.8590425531914894,0.8592870544090057,0.6171617161716172,0.52,0.16050054406964093
sst2+snli+hellaswag,0.34558823529411764,0.5262996941896024,0.5270758122743683,0.5819750719079578,0.6964285714285714,0.7836312323612418,0.8617021276595744,0.8789868667917449,0.5985973597359736,0.67,0.5718171926006529
sst2+snli+imdb,0.3872549019607843,0.4902140672782875,0.5342960288808665,0.6049856184084372,0.7321428571428571,0.7728127939793038,0.9069148936170213,0.9024390243902439,0.5160891089108911,0.65,0.3487486398258977
sst2+snli+paws,0.37254901960784315,0.5892966360856269,0.5270758122743683,0.5436241610738255,0.6964285714285714,0.7878645343367827,0.8617021276595744,0.8658536585365854,0.6990511551155115,0.2,0.04352557127312296
sst2+snli+squad_v2,0.40931372549019607,0.5730886850152905,0.5487364620938628,0.5177372962607862,0.6428571428571429,0.7850423330197555,0.8776595744680851,0.8780487804878049,0.6332508250825083,0.4,0.033188248095756254
sst2+snli+winogrande,0.37254901960784315,0.4960244648318043,0.5270758122743683,0.538830297219559,0.7321428571428571,0.7831608654750706,0.8696808510638298,0.875234521575985,0.615924092409241,0.66,0.43797606093579977
sst2+squad_v2+hellaswag,0.5490196078431373,0.501834862385321,0.5776173285198556,0.5273250239693192,0.125,0.6246472248353716,0.9202127659574468,0.9174484052532833,0.5416666666666666,0.59,0.48313384113166485
sst2+squad_v2+winogrande,0.5735294117647058,0.4917431192660551,0.592057761732852,0.4966442953020134,0.14285714285714285,0.6274694261523989,0.9228723404255319,0.9108818011257036,0.5614686468646864,0.47,0.4548422198041349
anli_r1+imdb+hellaswag+winogrande,0.47794117647058826,0.4847094801223242,0.6353790613718412,0.6184084372003835,0.48214285714285715,0.753527751646284,0.9069148936170213,0.8958724202626641,0.530940594059406,0.76,0.7143634385201306
anli_r1+paws+hellaswag+winogrande,0.35294117647058826,0.6079510703363914,0.6859205776173285,0.5254074784276127,0.625,0.757761053621825,0.8776595744680851,0.8236397748592871,0.718440594059406,0.58,0.5505984766050055
anli_r1+paws+imdb+hellaswag,0.4387254901960784,0.5923547400611621,0.6714801444043321,0.6251198465963567,0.5535714285714286,0.7756349952963312,0.9095744680851063,0.8902439024390244,0.6773927392739274,0.68,0.7023939064200218
anli_r1+paws+imdb+winogrande,0.5196078431372549,0.5960244648318043,0.6750902527075813,0.5570469798657718,0.5535714285714286,0.7775164628410159,0.9095744680851063,0.8939962476547842,0.6802805280528053,0.57,0.6006528835690969
mnli+anli_r1+hellaswag+winogrande,0.4068627450980392,0.5412844036697247,0.5379061371841155,0.5867689357622243,0.8392857142857143,0.8245531514581373,0.8164893617021277,0.7964352720450282,0.6256188118811881,0.7,0.6561479869423286
mnli+anli_r1+imdb+hellaswag,0.42892156862745096,0.5314984709480123,0.5270758122743683,0.6577181208053692,0.8392857142857143,0.8231420507996237,0.8696808510638298,0.8639774859287055,0.5030940594059405,0.68,0.6664853101196954
mnli+anli_r1+imdb+winogrande,0.4950980392156863,0.5159021406727828,0.5270758122743683,0.6212847555129435,0.8392857142857143,0.823612417685795,0.8670212765957447,0.8602251407129456,0.5051567656765676,0.65,0.545157780195865
mnli+anli_r1+paws+hellaswag,0.37254901960784315,0.6085626911314985,0.5379061371841155,0.5906040268456376,0.7857142857142857,0.8306679209783632,0.8430851063829787,0.7870544090056285,0.7458745874587459,0.5,0.42546245919477693
mnli+anli_r1+paws+imdb,0.44607843137254904,0.5975535168195719,0.5270758122743683,0.6145733461169702,0.8214285714285714,0.8217309501411101,0.8776595744680851,0.8677298311444653,0.6854372937293729,0.35,0.2981501632208923
mnli+anli_r1+paws+winogrande,0.39705882352941174,0.5972477064220183,0.5306859205776173,0.5455417066155321,0.8392857142857143,0.8287864534336783,0.8457446808510638,0.797373358348968,0.7429867986798679,0.4,0.21708378672470077
mnli+imdb+hellaswag+winogrande,0.5563725490196079,0.4764525993883792,0.5415162454873647,0.6308724832214765,0.7857142857142857,0.8306679209783632,0.8829787234042553,0.8686679174484052,0.4890676567656766,0.7,0.6991294885745375
mnli+paws+hellaswag+winogrande,0.4387254901960784,0.6155963302752293,0.5451263537906137,0.5378715244487057,0.8035714285714286,0.8381937911571026,0.7898936170212766,0.7598499061913696,0.738036303630363,0.62,0.44124047878128403
mnli+paws+imdb+hellaswag,0.47549019607843135,0.5923547400611621,0.5451263537906137,0.62607861936721,0.8035714285714286,0.8301975540921919,0.8776595744680851,0.8696060037523452,0.7202970297029703,0.63,0.6294885745375408
mnli+paws+imdb+winogrande,0.5269607843137255,0.5813455657492355,0.5487364620938628,0.5771812080536913,0.7678571428571429,0.8146754468485419,0.8803191489361702,0.8686679174484052,0.7186468646864687,0.55,0.4885745375408052
mnli+qnli+anli_r1+hellaswag,0.32598039215686275,0.5409785932721712,0.5631768953068592,0.5992329817833174,0.75,0.5578551269990593,0.8590425531914894,0.8414634146341463,0.6664603960396039,0.63,0.5832426550598476
mnli+qnli+anli_r1+imdb,0.3431372549019608,0.5140672782874618,0.5487364620938628,0.6279961649089166,0.75,0.583725305738476,0.8909574468085106,0.8686679174484052,0.5270214521452146,0.55,0.4929270946681175
mnli+qnli+anli_r1+paws,0.31862745098039214,0.5972477064220183,0.5740072202166066,0.5474592521572388,0.7678571428571429,0.5776105362182502,0.8617021276595744,0.8330206378986866,0.7572194719471947,0.3,0.09902067464635474
mnli+qnli+anli_r1+winogrande,0.31862745098039214,0.5214067278287462,0.5703971119133574,0.5522531160115053,0.8035714285714286,0.5493885230479775,0.8590425531914894,0.8283302063789869,0.6751237623762376,0.57,0.4232861806311208
mnli+qnli+hellaswag+winogrande,0.3161764705882353,0.4923547400611621,0.5342960288808665,0.5560882070949185,0.8035714285714286,0.4797742238946378,0.8457446808510638,0.8142589118198874,0.6493399339933993,0.71,0.6218715995647442
mnli+qnli+imdb+hellaswag,0.32107843137254904,0.4902140672782875,0.5306859205776173,0.6404602109300096,0.6964285714285714,0.5719661335841957,0.8909574468085106,0.8667917448405253,0.5113448844884488,0.66,0.6496191512513602
mnli+qnli+imdb+winogrande,0.31862745098039214,0.4761467889908257,0.5306859205776173,0.5906040268456376,0.75,0.5630291627469426,0.8829787234042553,0.874296435272045,0.5142326732673267,0.66,0.5620239390642002
mnli+qnli+paws+hellaswag,0.3161764705882353,0.6186544342507645,0.5415162454873647,0.5656759348034516,0.7321428571428571,0.5089369708372531,0.8643617021276596,0.6388367729831145,0.745049504950495,0.56,0.3792165397170838
mnli+qnli+paws+imdb,0.32107843137254904,0.5761467889908257,0.5379061371841155,0.5800575263662512,0.7321428571428571,0.5686735653809972,0.8909574468085106,0.8667917448405253,0.7413366336633663,0.45,0.28998911860718174
mnli+qnli+paws+winogrande,0.3161764705882353,0.5969418960244648,0.5451263537906137,0.5215723873441994,0.7857142857142857,0.4825964252116651,0.8670212765957447,0.6660412757973734,0.7491749174917491,0.44,0.1365614798694233
mnli+qnli+qqp+anli_r1,0.3161764705882353,0.45504587155963305,0.8122743682310469,0.5810162991371045,0.5178571428571429,0.6834430856067732,0.8138297872340425,0.8020637898686679,0.6146864686468647,0.33,0.08650707290533188
mnli+qnli+qqp+hellaswag,0.3161764705882353,0.43853211009174314,0.7111913357400722,0.4937679769894535,0.42857142857142855,0.5776105362182502,0.8537234042553191,0.8283302063789869,0.6023102310231023,0.52,0.27529923830250275
mnli+qnli+qqp+imdb,0.3161764705882353,0.39235474006116206,0.7111913357400722,0.6308724832214765,0.42857142857142855,0.6853245531514581,0.8776595744680851,0.875234521575985,0.6173679867986799,0.46,0.18498367791077258
mnli+qnli+qqp+paws,0.3161764705882353,0.5036697247706422,0.6931407942238267,0.31831255992329816,0.4107142857142857,0.6622765757290687,0.851063829787234,0.8311444652908068,0.6417079207920792,0.07,0.02176278563656148
mnli+qnli+qqp+record,0.3161764705882353,0.44954128440366975,0.7111913357400722,0.39884947267497606,0.42857142857142855,0.5809031044214488,0.8430851063829787,0.8302063789868668,0.6113861386138614,0.12,0.021218715995647442
mnli+qnli+qqp+snli,0.3161764705882353,0.4602446483180428,0.6101083032490975,0.5656759348034516,0.7857142857142857,0.7220131702728128,0.7819148936170213,0.6575984990619137,0.6495462046204621,0.08,0.06692056583242655
mnli+qnli+qqp+sst2,0.3161764705882353,0.42966360856269115,0.7003610108303249,0.5915627996164909,0.42857142857142855,0.7107243650047037,0.875,0.8799249530956847,0.6198432343234324,0.44,0.13166485310119697
mnli+qnli+qqp+winogrande,0.3161764705882353,0.40244648318042814,0.7328519855595668,0.4697986577181208,0.42857142857142855,0.5865475070555033,0.848404255319149,0.8292682926829268,0.6035478547854786,0.44,0.12622415669205658
mnli+qnli+record+anli_r1,0.32598039215686275,0.5614678899082569,0.6028880866425993,0.5752636625119847,0.75,0.5653809971777987,0.8723404255319149,0.8367729831144465,0.6860561056105611,0.25,0.07290533188248095
mnli+qnli+record+hellaswag,0.3161764705882353,0.5388379204892967,0.5487364620938628,0.5781399808245445,0.5714285714285714,0.5239887111947319,0.8563829787234043,0.8208255159474672,0.6652227722772277,0.62,0.5201305767138193
mnli+qnli+record+imdb,0.32598039215686275,0.5198776758409785,0.5451263537906137,0.610738255033557,0.6071428571428571,0.5761994355597366,0.8936170212765957,0.873358348968105,0.6033415841584159,0.53,0.4047878128400435
mnli+qnli+record+paws,0.31862745098039214,0.6522935779816513,0.5306859205776173,0.5407478427612655,0.6428571428571429,0.5244590780809031,0.8617021276595744,0.7045028142589118,0.7403052805280528,0.29,0.042437431991294884
mnli+qnli+record+snli,0.31862745098039214,0.6045871559633027,0.5270758122743683,0.513902205177373,0.8214285714285714,0.5846660395108184,0.6728723404255319,0.19418386491557224,0.6984323432343235,0.07,0.009793253536452665
mnli+qnli+record+winogrande,0.3161764705882353,0.5143730886850153,0.5270758122743683,0.5302013422818792,0.6428571428571429,0.5202257761053621,0.8670212765957447,0.8227016885553471,0.6722359735973598,0.52,0.24918389553862894
mnli+qnli+snli+anli_r1,0.32598039215686275,0.5785932721712538,0.5270758122743683,0.573346116970278,0.7678571428571429,0.6636876763875823,0.776595744680851,0.599437148217636,0.615924092409241,0.36,0.06311207834602829
mnli+qnli+snli+hellaswag,0.31862745098039214,0.591131498470948,0.5270758122743683,0.5599232981783318,0.8035714285714286,0.6138287864534336,0.6702127659574468,0.24390243902439024,0.6693481848184818,0.54,0.20620239390642003
mnli+qnli+snli+imdb,0.32107843137254904,0.5412844036697247,0.5270758122743683,0.6327900287631831,0.7857142857142857,0.638758231420508,0.8430851063829787,0.8151969981238274,0.5886963696369637,0.47,0.14472252448313383
mnli+qnli+snli+paws,0.31862745098039214,0.599388379204893,0.5270758122743683,0.4448705656759348,0.8214285714285714,0.6599247412982127,0.5824468085106383,0.09662288930581614,0.7139026402640264,0.08,0.009793253536452665
mnli+qnli+snli+winogrande,0.31862745098039214,0.5740061162079511,0.5270758122743683,0.5321188878235859,0.8214285714285714,0.6284101599247413,0.6675531914893617,0.22607879924953095,0.670585808580858,0.51,0.09521218715995647
mnli+qnli+sst2+anli_r1,0.33088235294117646,0.5409785932721712,0.5992779783393501,0.5666347075743049,0.7857142857142857,0.5799623706491063,0.8856382978723404,0.8724202626641651,0.5398102310231023,0.55,0.4504896626768226
mnli+qnli+sst2+hellaswag,0.32107843137254904,0.5131498470948013,0.5342960288808665,0.5627996164908916,0.75,0.5564440263405456,0.901595744680851,0.8930581613508443,0.5495049504950495,0.66,0.6191512513601741
mnli+qnli+sst2+imdb,0.33088235294117646,0.4779816513761468,0.5487364620938628,0.6126558005752637,0.75,0.5832549388523048,0.9202127659574468,0.9090056285178236,0.5431105610561056,0.65,0.5729053318824809
mnli+qnli+sst2+paws,0.3284313725490196,0.5889908256880734,0.5523465703971119,0.5397890699904123,0.7678571428571429,0.5470366886171214,0.8882978723404256,0.8827392120075047,0.7427805280528053,0.49,0.21490750816104462
mnli+qnli+sst2+record,0.3284313725490196,0.545565749235474,0.5487364620938628,0.5417066155321189,0.6428571428571429,0.5672624647224835,0.901595744680851,0.8930581613508443,0.6549092409240924,0.56,0.3101196953210011
mnli+qnli+sst2+snli,0.3235294117647059,0.5501529051987768,0.5270758122743683,0.5867689357622243,0.8035714285714286,0.6674506114769521,0.8058510638297872,0.8086303939962477,0.5992161716171617,0.49,0.12023939064200218
mnli+qnli+sst2+winogrande,0.3284313725490196,0.4874617737003058,0.555956678700361,0.5407478427612655,0.7857142857142857,0.5555032925682032,0.8962765957446809,0.8902439024390244,0.5874587458745875,0.64,0.5184983677910773
mnli+qqp+anli_r1+hellaswag,0.3161764705882353,0.490519877675841,0.7870036101083032,0.6040268456375839,0.8035714285714286,0.8650047036688617,0.800531914893617,0.7926829268292683,0.5851897689768977,0.48,0.3405875952121872
mnli+qqp+anli_r1+imdb,0.3161764705882353,0.44464831804281346,0.7906137184115524,0.6318312559923298,0.75,0.8537158984007526,0.8643617021276596,0.8583489681050657,0.6093234323432343,0.4,0.2687704026115343
mnli+qqp+anli_r1+paws,0.3161764705882353,0.5229357798165137,0.8122743682310469,0.5522531160115053,0.8214285714285714,0.8541862652869238,0.8164893617021277,0.8048780487804879,0.6357260726072608,0.08,0.07344940152339499
mnli+qqp+anli_r1+winogrande,0.3161764705882353,0.46605504587155966,0.7833935018050542,0.5599232981783318,0.8035714285714286,0.8598306679209784,0.8031914893617021,0.7851782363977486,0.5924092409240924,0.47,0.23177366702937977
mnli+qqp+hellaswag+winogrande,0.3161764705882353,0.4507645259938838,0.7292418772563177,0.5771812080536913,0.6607142857142857,0.8189087488240828,0.8164893617021277,0.7823639774859287,0.5705445544554455,0.62,0.40968443960826983
mnli+qqp+imdb+hellaswag,0.3161764705882353,0.4290519877675841,0.7111913357400722,0.6442953020134228,0.5892857142857143,0.793038570084666,0.8723404255319149,0.8639774859287055,0.5926155115511551,0.58,0.41947769314472255
mnli+qqp+imdb+winogrande,0.3161764705882353,0.40703363914373086,0.7220216606498195,0.6078619367209971,0.6428571428571429,0.7375352775164629,0.8670212765957447,0.8592870544090057,0.595503300330033,0.49,0.3367791077257889
mnli+qqp+paws+hellaswag,0.3161764705882353,0.5293577981651376,0.7003610108303249,0.5819750719079578,0.6607142857142857,0.8038570084666039,0.8351063829787234,0.8208255159474672,0.6396452145214522,0.32,0.2600652883569097
mnli+qqp+paws+imdb,0.3161764705882353,0.5067278287461774,0.6895306859205776,0.588686481303931,0.6071428571428571,0.7323612417685795,0.875,0.8611632270168855,0.6212871287128713,0.16,0.17899891186071817
mnli+qqp+paws+winogrande,0.3161764705882353,0.5220183486238532,0.7256317689530686,0.5158197507190796,0.6607142857142857,0.7850423330197555,0.8351063829787234,0.8151969981238274,0.6353135313531353,0.19,0.09303590859630033
mnli+qqp+record+anli_r1,0.3161764705882353,0.4957186544342508,0.7833935018050542,0.5743048897411314,0.7321428571428571,0.8626528692380057,0.8085106382978723,0.8086303939962477,0.6056105610561056,0.16,0.11806311207834602
mnli+qqp+record+hellaswag,0.3161764705882353,0.4889908256880734,0.7148014440433214,0.6097794822627037,0.5714285714285714,0.8325493885230479,0.8297872340425532,0.8086303939962477,0.5965346534653465,0.37,0.3639825897714907
mnli+qqp+record+imdb,0.3161764705882353,0.46819571865443427,0.7003610108303249,0.6347075743048898,0.5357142857142857,0.8104421448730009,0.875,0.8724202626641651,0.6056105610561056,0.35,0.23721436343852012
mnli+qqp+record+paws,0.3161764705882353,0.5336391437308868,0.703971119133574,0.5589645254074784,0.5892857142857143,0.8146754468485419,0.8324468085106383,0.8227016885553471,0.6435643564356436,0.1,0.02665941240478781
mnli+qqp+record+snli,0.3161764705882353,0.4926605504587156,0.6137184115523465,0.5819750719079578,0.8392857142857143,0.8278457196613358,0.7021276595744681,0.4446529080675422,0.6421204620462047,0.4,0.03754080522306855
mnli+qqp+record+winogrande,0.3161764705882353,0.47155963302752296,0.7364620938628159,0.5522531160115053,0.5714285714285714,0.839134524929445,0.8164893617021277,0.8039399624765479,0.6023102310231023,0.27,0.17464635473340587
mnli+qqp+snli+anli_r1,0.3161764705882353,0.45504587155963305,0.555956678700361,0.6059443911792906,0.8392857142857143,0.8212605832549389,0.7420212765957447,0.698874296435272,0.6433580858085809,0.18,0.13710554951033732
mnli+qqp+snli+hellaswag,0.3161764705882353,0.47553516819571867,0.6209386281588448,0.5982742090124641,0.8214285714285714,0.8245531514581373,0.6808510638297872,0.5093808630393997,0.6346947194719472,0.5,0.35690968443960824
mnli+qqp+snli+imdb,0.3161764705882353,0.39847094801223243,0.6245487364620939,0.6222435282837967,0.8392857142857143,0.8104421448730009,0.8138297872340425,0.8133208255159474,0.6353135313531353,0.51,0.2823721436343852
mnli+qqp+snli+paws,0.3161764705882353,0.499388379204893,0.6353790613718412,0.5771812080536913,0.8214285714285714,0.8254938852304797,0.6835106382978723,0.34896810506566606,0.6499587458745875,0.23,0.046245919477693145
mnli+qqp+snli+winogrande,0.3161764705882353,0.4706422018348624,0.6353790613718412,0.5896452540747843,0.8571428571428571,0.8212605832549389,0.6861702127659575,0.5,0.6293316831683168,0.47,0.20837867247007616
mnli+qqp+sst2+anli_r1,0.3161764705882353,0.46636085626911317,0.7942238267148014,0.6030680728667306,0.7142857142857143,0.8471307619943556,0.8723404255319149,0.8686679174484052,0.6126237623762376,0.46,0.2410228509249184
mnli+qqp+sst2+hellaswag,0.3161764705882353,0.46055045871559636,0.7111913357400722,0.62320230105465,0.5892857142857143,0.7996237064910631,0.875,0.8818011257035647,0.6002475247524752,0.59,0.41566920565832427
mnli+qqp+sst2+imdb,0.3161764705882353,0.40214067278287463,0.7075812274368231,0.6337488015340365,0.5178571428571429,0.6909689557855127,0.9148936170212766,0.9127579737335835,0.6072607260726073,0.5,0.3394994559303591
mnli+qqp+sst2+paws,0.3161764705882353,0.5110091743119266,0.6931407942238267,0.5685522531160115,0.5714285714285714,0.7591721542803387,0.8723404255319149,0.8705440900562852,0.6210808580858086,0.21,0.13438520130576714
mnli+qqp+sst2+record,0.3161764705882353,0.48623853211009177,0.7075812274368231,0.6049856184084372,0.5178571428571429,0.8010348071495766,0.8882978723404256,0.8902439024390244,0.6097359735973598,0.3,0.17736670293797607
mnli+qqp+sst2+snli,0.3161764705882353,0.40336391437308866,0.6425992779783394,0.5906040268456376,0.875,0.8132643461900282,0.7792553191489362,0.7964352720450282,0.6412953795379538,0.42,0.21436343852013057
mnli+qqp+sst2+winogrande,0.3161764705882353,0.4452599388379205,0.7328519855595668,0.5906040268456376,0.5892857142857143,0.7826904985888994,0.8776595744680851,0.8836772983114447,0.6033415841584159,0.52,0.3177366702937976
mnli+record+anli_r1+hellaswag,0.4411764705882353,0.582262996941896,0.5595667870036101,0.6356663470757431,0.7678571428571429,0.8264346190028222,0.8324468085106383,0.8086303939962477,0.655940594059406,0.65,0.5348204570184983
mnli+record+anli_r1+imdb,0.5245098039215687,0.563914373088685,0.5487364620938628,0.6404602109300096,0.7321428571428571,0.8212605832549389,0.8856382978723404,0.8705440900562852,0.5612623762376238,0.54,0.4042437431991295
mnli+record+anli_r1+paws,0.4632352941176471,0.6067278287461774,0.5595667870036101,0.5944391179290508,0.7678571428571429,0.8311382878645344,0.8563829787234043,0.8020637898686679,0.7421617161716172,0.08,0.025571273122959738
mnli+record+anli_r1+winogrande,0.5147058823529411,0.5669724770642202,0.5812274368231047,0.5790987535953979,0.8214285714285714,0.8245531514581373,0.8191489361702128,0.8086303939962477,0.6600660066006601,0.55,0.2850924918389554
mnli+record+hellaswag+winogrande,0.5784313725490197,0.5828746177370031,0.5270758122743683,0.5704697986577181,0.7321428571428571,0.8254938852304797,0.8696808510638298,0.8377110694183865,0.6198432343234324,0.67,0.5647442872687704
mnli+record+imdb+hellaswag,0.6200980392156863,0.5409785932721712,0.5306859205776173,0.6596356663470757,0.6428571428571429,0.8330197554092192,0.9042553191489362,0.8771106941838649,0.5829207920792079,0.7,0.6251360174102285
mnli+record+imdb+winogrande,0.6176470588235294,0.5223241590214067,0.5306859205776173,0.610738255033557,0.6428571428571429,0.8264346190028222,0.8936170212765957,0.8780487804878049,0.6029290429042904,0.64,0.5244831338411317
mnli+record+paws+hellaswag,0.5073529411764706,0.6642201834862386,0.5306859205776173,0.5800575263662512,0.75,0.8353715898400753,0.8457446808510638,0.7870544090056285,0.7337046204620462,0.45,0.1632208922742111
mnli+record+paws+imdb,0.6299019607843137,0.6324159021406728,0.5342960288808665,0.6059443911792906,0.7142857142857143,0.8316086547507056,0.8882978723404256,0.8761726078799249,0.7188531353135313,0.28,0.10554951033732318
mnli+record+paws+winogrande,0.5784313725490197,0.6495412844036698,0.5270758122743683,0.5302013422818792,0.75,0.8353715898400753,0.8590425531914894,0.7908067542213884,0.7264851485148515,0.21,0.02176278563656148
mnli+record+snli+anli_r1,0.3700980392156863,0.6082568807339449,0.5270758122743683,0.5675934803451582,0.8035714285714286,0.8038570084666039,0.6861702127659575,0.39118198874296434,0.6738861386138614,0.05,0.007072905331882481
mnli+record+snli+hellaswag,0.35049019607843135,0.6159021406727829,0.5270758122743683,0.3432406519654842,0.8214285714285714,0.8095014111006585,0.4734042553191489,0.07879924953095685,0.6918316831683168,0.37,0.022306855277475515
mnli+record+snli+imdb,0.39215686274509803,0.5785932721712538,0.5270758122743683,0.6164908916586769,0.875,0.8047977422389464,0.8111702127659575,0.801125703564728,0.5713696369636964,0.2,0.016866158868335146
mnli+record+snli+paws,0.35784313725490197,0.6131498470948012,0.5270758122743683,0.14093959731543623,0.8214285714285714,0.8047977422389464,0.3484042553191489,0.025328330206378986,0.7013201320132013,0.03,0.0
mnli+record+snli+winogrande,0.3602941176470588,0.6061162079510704,0.5270758122743683,0.35091083413231067,0.8928571428571429,0.8109125117591721,0.47606382978723405,0.07973733583489681,0.6918316831683168,0.2,0.00544069640914037
mnli+snli+anli_r1+hellaswag,0.36519607843137253,0.5935779816513761,0.5270758122743683,0.613614573346117,0.8035714285714286,0.7982126058325494,0.6914893617021277,0.424953095684803,0.6103547854785478,0.52,0.16158868335146898
mnli+snli+anli_r1+imdb,0.36764705882352944,0.5318042813455658,0.5270758122743683,0.6279961649089166,0.8214285714285714,0.8005644402634055,0.8138297872340425,0.8170731707317073,0.5820957095709571,0.46,0.11697497279651796
mnli+snli+anli_r1+paws,0.35294117647058826,0.6,0.5270758122743683,0.5234899328859061,0.8214285714285714,0.7996237064910631,0.6595744680851063,0.2607879924953096,0.706476897689769,0.06,0.007616974972796518
mnli+snli+anli_r1+winogrande,0.3700980392156863,0.5889908256880734,0.5270758122743683,0.573346116970278,0.8392857142857143,0.7991533396048918,0.6675531914893617,0.425891181988743,0.6243811881188119,0.47,0.07834602829162132
mnli+snli+hellaswag+winogrande,0.3480392156862745,0.5938837920489297,0.5270758122743683,0.4228187919463087,0.875,0.8123236124176858,0.4627659574468085,0.11538461538461539,0.6600660066006601,0.64,0.24918389553862894
mnli+snli+imdb+hellaswag,0.3553921568627451,0.5617737003058104,0.5270758122743683,0.6356663470757431,0.8571428571428571,0.8095014111006585,0.8191489361702128,0.7898686679174484,0.5643564356435643,0.64,0.3226332970620239
mnli+snli+imdb+winogrande,0.3627450980392157,0.5480122324159021,0.5270758122743683,0.6011505273250239,0.875,0.8071495766698025,0.8111702127659575,0.7917448405253283,0.5606435643564357,0.57,0.16376496191512513
mnli+snli+paws+hellaswag,0.3480392156862745,0.6073394495412844,0.5270758122743683,0.23010546500479387,0.8214285714285714,0.8066792097836313,0.35638297872340424,0.03470919324577861,0.7101897689768977,0.36,0.030467899891186073
mnli+snli+paws+imdb,0.3382352941176471,0.5941896024464832,0.5270758122743683,0.588686481303931,0.8571428571428571,0.8095014111006585,0.824468085106383,0.7701688555347092,0.6866749174917491,0.2,0.023394994559303592
mnli+snli+paws+winogrande,0.35049019607843135,0.6024464831804281,0.5270758122743683,0.23777564717162034,0.875,0.8057384760112888,0.3484042553191489,0.040337711069418386,0.7046204620462047,0.17,0.008161044613710556
mnli+sst2+anli_r1+hellaswag,0.5171568627450981,0.5562691131498471,0.5487364620938628,0.6011505273250239,0.8392857142857143,0.823612417685795,0.8670212765957447,0.8658536585365854,0.5082508250825083,0.67,0.6327529923830251
mnli+sst2+anli_r1+imdb,0.5392156862745098,0.5235474006116208,0.5415162454873647,0.6289549376797698,0.7678571428571429,0.8156161806208843,0.9069148936170213,0.8977485928705441,0.5332095709570958,0.63,0.5511425462459195
mnli+sst2+anli_r1+paws,0.5073529411764706,0.5996941896024465,0.5379061371841155,0.5541706615532119,0.8214285714285714,0.8245531514581373,0.875,0.8658536585365854,0.696575907590759,0.46,0.19912948857453755
mnli+sst2+anli_r1+winogrande,0.5661764705882353,0.5388379204892967,0.5451263537906137,0.5560882070949185,0.8214285714285714,0.8231420507996237,0.8723404255319149,0.8667917448405253,0.514026402640264,0.63,0.5184983677910773
mnli+sst2+hellaswag+winogrande,0.5784313725490197,0.5128440366972477,0.5415162454873647,0.5599232981783318,0.7678571428571429,0.8311382878645344,0.898936170212766,0.8893058161350844,0.49731848184818483,0.7,0.6920565832426551
mnli+sst2+imdb+hellaswag,0.5612745098039216,0.5067278287461774,0.5451263537906137,0.6126558005752637,0.6785714285714286,0.8231420507996237,0.9175531914893617,0.9090056285178236,0.5117574257425742,0.71,0.675734494015234
mnli+sst2+imdb+winogrande,0.5931372549019608,0.4886850152905199,0.5379061371841155,0.6126558005752637,0.6428571428571429,0.793038570084666,0.9175531914893617,0.9090056285178236,0.5200082508250825,0.64,0.6409140369967355
mnli+sst2+paws+hellaswag,0.5490196078431373,0.6030581039755352,0.5415162454873647,0.5503355704697986,0.7857142857142857,0.8339604891815616,0.8962765957446809,0.8836772983114447,0.7258663366336634,0.6,0.5614798694232862
mnli+sst2+paws+imdb,0.5931372549019608,0.5834862385321101,0.5487364620938628,0.5637583892617449,0.7142857142857143,0.7920978363123237,0.9175531914893617,0.9099437148217636,0.6536716171617162,0.54,0.49020674646354734
mnli+sst2+paws+winogrande,0.5686274509803921,0.5963302752293578,0.5415162454873647,0.538830297219559,0.75,0.823612417685795,0.8936170212765957,0.8836772983114447,0.7163778877887789,0.52,0.41077257889009794
mnli+sst2+record+anli_r1,0.6151960784313726,0.5847094801223242,0.5776173285198556,0.5819750719079578,0.7678571428571429,0.819379115710254,0.8723404255319149,0.873358348968105,0.6295379537953796,0.46,0.3063112078346028
mnli+sst2+record+hellaswag,0.6348039215686274,0.5654434250764526,0.5270758122743683,0.5800575263662512,0.7142857142857143,0.8278457196613358,0.9042553191489362,0.8949343339587242,0.6357260726072608,0.69,0.5500544069640914
mnli+sst2+record+imdb,0.6348039215686274,0.5391437308868502,0.5379061371841155,0.613614573346117,0.5535714285714286,0.8156161806208843,0.9175531914893617,0.9118198874296435,0.5350660066006601,0.58,0.4499455930359086
mnli+sst2+record+paws,0.6225490196078431,0.634862385321101,0.5306859205776173,0.5436241610738255,0.7142857142857143,0.8297271872060207,0.898936170212766,0.8921200750469043,0.7229785478547854,0.3,0.06420021762785637
mnli+sst2+record+snli,0.44362745098039214,0.5975535168195719,0.5270758122743683,0.5934803451581975,0.875,0.8146754468485419,0.7792553191489362,0.7682926829268293,0.5829207920792079,0.24,0.013601741022850925
mnli+sst2+record+winogrande,0.6397058823529411,0.5443425076452599,0.5306859205776173,0.5503355704697986,0.6607142857142857,0.825964252116651,0.898936170212766,0.8939962476547842,0.6497524752475248,0.59,0.41131664853101196
mnli+sst2+snli+anli_r1,0.3872549019607843,0.5477064220183486,0.5270758122743683,0.5973154362416108,0.875,0.8071495766698025,0.7952127659574468,0.798311444652908,0.5924092409240924,0.49,0.10119695321001088
mnli+sst2+snli+hellaswag,0.38235294117647056,0.5718654434250765,0.5270758122743683,0.6097794822627037,0.875,0.8170272812793979,0.7845744680851063,0.776735459662289,0.5647689768976898,0.61,0.24755168661588683
mnli+sst2+snli+imdb,0.37745098039215685,0.47706422018348627,0.5270758122743683,0.6289549376797698,0.875,0.8033866415804327,0.8457446808510638,0.8433395872420263,0.5967409240924092,0.55,0.18498367791077258
mnli+sst2+snli+paws,0.3700980392156863,0.5981651376146789,0.5270758122743683,0.585810162991371,0.8928571428571429,0.8090310442144873,0.7978723404255319,0.7589118198874296,0.6943069306930693,0.21,0.013601741022850925
mnli+sst2+snli+winogrande,0.43137254901960786,0.5532110091743119,0.5270758122743683,0.5752636625119847,0.8928571428571429,0.8151458137347131,0.7686170212765957,0.7711069418386491,0.5719884488448845,0.54,0.12785636561479868
paws+imdb+hellaswag+winogrande,0.5049019607843137,0.6513761467889908,0.628158844765343,0.5637583892617449,0.17857142857142858,0.6444026340545626,0.9122340425531915,0.899624765478424,0.6786303630363036,0.66,0.6561479869423286
qnli+anli_r1+hellaswag+winogrande,0.3161764705882353,0.5327217125382263,0.7292418772563177,0.5292425695110259,0.4107142857142857,0.4962370649106303,0.8909574468085106,0.8452157598499062,0.5882838283828383,0.7,0.6681175190424374
qnli+anli_r1+imdb+hellaswag,0.3161764705882353,0.44403669724770645,0.6895306859205776,0.6337488015340365,0.4107142857142857,0.5489181561618062,0.9095744680851063,0.8864915572232646,0.5868399339933993,0.7,0.6697497279651795
qnli+anli_r1+imdb+winogrande,0.3161764705882353,0.42935779816513764,0.6895306859205776,0.5829338446788112,0.4107142857142857,0.561618062088429,0.9095744680851063,0.8902439024390244,0.5957095709570958,0.66,0.6126224156692056
qnli+anli_r1+paws+hellaswag,0.3161764705882353,0.6321100917431193,0.779783393501805,0.5378715244487057,0.4107142857142857,0.49576669802445905,0.8882978723404256,0.8358348968105066,0.740924092409241,0.57,0.4956474428726877
qnli+anli_r1+paws+imdb,0.3161764705882353,0.5510703363914373,0.740072202166065,0.5838926174496645,0.4107142857142857,0.5498588899341487,0.9148936170212766,0.8846153846153846,0.7198844884488449,0.47,0.45266594124047876
qnli+anli_r1+paws+winogrande,0.3161764705882353,0.6033639143730887,0.7509025270758123,0.49952061361457334,0.4107142857142857,0.48494825964252114,0.8856382978723404,0.848968105065666,0.7332920792079208,0.39,0.20620239390642003
qnli+imdb+hellaswag+winogrande,0.3161764705882353,0.43853211009174314,0.6859205776173285,0.5944391179290508,0.4107142857142857,0.535277516462841,0.9148936170212766,0.8930581613508443,0.5608498349834984,0.7,0.6866158868335147
qnli+paws+hellaswag+winogrande,0.3161764705882353,0.6559633027522935,0.7292418772563177,0.48897411313518696,0.4107142857142857,0.4444967074317968,0.8882978723404256,0.7861163227016885,0.7198844884488449,0.44,0.41077257889009794
qnli+paws+imdb+hellaswag,0.3161764705882353,0.6541284403669725,0.6931407942238267,0.588686481303931,0.4107142857142857,0.5305738476011289,0.925531914893617,0.8827392120075047,0.7077145214521452,0.65,0.5946681175190425
qnli+paws+imdb+winogrande,0.3161764705882353,0.6467889908256881,0.6931407942238267,0.5378715244487057,0.4107142857142857,0.528692380056444,0.9202127659574468,0.8883677298311444,0.7033828382838284,0.48,0.41240478781284007
qnli+qqp+anli_r1+hellaswag,0.3161764705882353,0.3801223241590214,0.4729241877256318,0.5743048897411314,0.4107142857142857,0.5573847601128881,0.7340425531914894,0.7570356472795498,0.5602310231023102,0.31,0.18280739934711643
qnli+qqp+anli_r1+imdb,0.3161764705882353,0.3418960244648318,0.4729241877256318,0.6069031639501438,0.375,0.5827845719661335,0.8537234042553191,0.8686679174484052,0.5637376237623762,0.12,0.11425462459194777
qnli+qqp+anli_r1+paws,0.3161764705882353,0.4932721712538226,0.4729241877256318,0.5330776605944392,0.42857142857142855,0.5569143932267169,0.8164893617021277,0.7936210131332082,0.6196369636963697,0.03,0.029923830250272034
qnli+qqp+anli_r1+winogrande,0.3161764705882353,0.3614678899082569,0.4729241877256318,0.5215723873441994,0.4107142857142857,0.5540921919096896,0.7659574468085106,0.7551594746716698,0.5845709570957096,0.14,0.088139281828074
qnli+qqp+hellaswag+winogrande,0.3161764705882353,0.3376146788990826,0.4729241877256318,0.5455417066155321,0.42857142857142855,0.5536218250235183,0.7180851063829787,0.6763602251407129,0.5775577557755776,0.47,0.235038084874864
qnli+qqp+imdb+hellaswag,0.3161764705882353,0.3241590214067278,0.4729241877256318,0.6203259827420902,0.2857142857142857,0.6011288805268109,0.8590425531914894,0.8780487804878049,0.5431105610561056,0.43,0.25952121871599565
qnli+qqp+imdb+winogrande,0.3161764705882353,0.3012232415902141,0.4729241877256318,0.5695110258868649,0.26785714285714285,0.6095954844778928,0.8696808510638298,0.8714821763602252,0.5499174917491749,0.34,0.16648531011969533
qnli+qqp+paws+hellaswag,0.3161764705882353,0.48623853211009177,0.4729241877256318,0.5378715244487057,0.4107142857142857,0.5649106302916275,0.7420212765957447,0.40150093808630394,0.6297442244224423,0.08,0.17682263329706202
qnli+qqp+paws+imdb,0.3161764705882353,0.4709480122324159,0.4729241877256318,0.576222435282838,0.25,0.6138287864534336,0.8670212765957447,0.8621013133208255,0.6136551155115512,0.04,0.08161044613710555
qnli+qqp+paws+winogrande,0.3161764705882353,0.45504587155963305,0.4729241877256318,0.5062320230105465,0.35714285714285715,0.5785512699905927,0.7579787234042553,0.4549718574108818,0.625,0.03,0.04896626768226333
qnli+qqp+record+anli_r1,0.3161764705882353,0.40458715596330275,0.4729241877256318,0.5465004793863855,0.4107142857142857,0.5696142991533396,0.7579787234042553,0.7692307692307693,0.6033415841584159,0.04,0.05005440696409141
qnli+qqp+record+hellaswag,0.3161764705882353,0.39204892966360855,0.4729241877256318,0.5647171620325983,0.44642857142857145,0.5399811853245532,0.7393617021276596,0.7138836772983115,0.6245874587458746,0.14,0.24646354733405876
qnli+qqp+record+imdb,0.3161764705882353,0.3498470948012232,0.4729241877256318,0.5934803451581975,0.3392857142857143,0.5893697083725306,0.8882978723404256,0.8836772983114447,0.5738448844884488,0.15,0.1365614798694233
qnli+qqp+record+paws,0.3161764705882353,0.5015290519877675,0.4729241877256318,0.5158197507190796,0.44642857142857145,0.5634995296331138,0.7632978723404256,0.5778611632270169,0.6349009900990099,0.02,0.014145810663764961
qnli+qqp+record+snli,0.3161764705882353,0.463302752293578,0.7472924187725631,0.4218600191754554,0.42857142857142855,0.5747883349012229,0.8377659574468085,0.8180112570356473,0.6157178217821783,0.11,0.01958650707290533
qnli+qqp+record+winogrande,0.3161764705882353,0.345565749235474,0.4729241877256318,0.49856184084372,0.44642857142857145,0.555032925682032,0.7446808510638298,0.7270168855534709,0.6181930693069307,0.12,0.07780195865070728
qnli+qqp+snli+anli_r1,0.3161764705882353,0.4547400611620795,0.7978339350180506,0.5704697986577181,0.5178571428571429,0.5841956726246472,0.6170212765957447,0.6378986866791745,0.6177805280528053,0.22,0.07399347116430903
qnli+qqp+snli+hellaswag,0.3161764705882353,0.4327217125382263,0.7509025270758123,0.5215723873441994,0.42857142857142855,0.570555032925682,0.8271276595744681,0.8123827392120075,0.6095297029702971,0.45,0.2720348204570185
qnli+qqp+snli+imdb,0.3161764705882353,0.40030581039755353,0.7436823104693141,0.5992329817833174,0.4107142857142857,0.5945437441204139,0.8590425531914894,0.8555347091932458,0.6210808580858086,0.4,0.17301414581066377
qnli+qqp+snli+paws,0.3161764705882353,0.5085626911314984,0.7581227436823105,0.3451581975071908,0.42857142857142855,0.577140169332079,0.8377659574468085,0.8255159474671669,0.6320132013201321,0.08,0.020674646354733407
qnli+qqp+snli+winogrande,0.3161764705882353,0.40886850152905196,0.7617328519855595,0.4928092042186002,0.42857142857142855,0.5667920978363123,0.8324468085106383,0.8086303939962477,0.6049917491749175,0.39,0.11969532100108814
qnli+qqp+sst2+anli_r1,0.3161764705882353,0.381651376146789,0.4729241877256318,0.5589645254074784,0.375,0.5987770460959548,0.8829787234042553,0.8855534709193246,0.5670379537953796,0.15,0.09630032644178455
qnli+qqp+sst2+hellaswag,0.3161764705882353,0.3599388379204893,0.4729241877256318,0.576222435282838,0.2857142857142857,0.59689557855127,0.8829787234042553,0.8874296435272045,0.5528052805280528,0.48,0.25516866158868334
qnli+qqp+sst2+imdb,0.3161764705882353,0.3281345565749236,0.4729241877256318,0.6021093000958773,0.25,0.6175917215428034,0.9122340425531915,0.9080675422138836,0.574463696369637,0.39,0.15342763873775844
qnli+qqp+sst2+paws,0.3161764705882353,0.4935779816513762,0.4729241877256318,0.5369127516778524,0.21428571428571427,0.6204139228598307,0.8776595744680851,0.8855534709193246,0.6183993399339934,0.07,0.06800870511425462
qnli+qqp+sst2+record,0.3161764705882353,0.37706422018348623,0.4729241877256318,0.5455417066155321,0.30357142857142855,0.5799623706491063,0.8936170212765957,0.8911819887429644,0.5804455445544554,0.14,0.09031556039173014
qnli+qqp+sst2+snli,0.3161764705882353,0.427217125382263,0.7545126353790613,0.5829338446788112,0.4107142857142857,0.6302916274694261,0.8643617021276596,0.8649155722326454,0.6227310231023102,0.4,0.12404787812840043
qnli+qqp+sst2+winogrande,0.3161764705882353,0.326605504587156,0.4729241877256318,0.538830297219559,0.23214285714285715,0.6128880526810913,0.8909574468085106,0.8902439024390244,0.5536303630363036,0.36,0.15342763873775844
qnli+record+anli_r1+hellaswag,0.3161764705882353,0.5770642201834862,0.6389891696750902,0.5829338446788112,0.4107142857142857,0.46613358419567263,0.9042553191489362,0.8480300187617261,0.6454207920792079,0.67,0.6017410228509249
qnli+record+anli_r1+imdb,0.3161764705882353,0.4730886850152905,0.628158844765343,0.6241610738255033,0.42857142857142855,0.5103480714957667,0.9042553191489362,0.8846153846153846,0.6169554455445545,0.58,0.484766050054407
qnli+record+anli_r1+paws,0.3161764705882353,0.67217125382263,0.7148014440433214,0.5292425695110259,0.42857142857142855,0.4703668861712135,0.9042553191489362,0.8414634146341463,0.731023102310231,0.18,0.06256800870511425
qnli+record+anli_r1+winogrande,0.3161764705882353,0.5596330275229358,0.6570397111913358,0.5186960690316395,0.4107142857142857,0.46989651928504234,0.901595744680851,0.851782363977486,0.6621287128712872,0.51,0.3868335146898803
qnli+record+hellaswag+winogrande,0.3161764705882353,0.582262996941896,0.6498194945848376,0.50143815915628,0.4107142857142857,0.4510818438381938,0.9069148936170213,0.8527204502814258,0.6289191419141914,0.51,0.5353645266594124
qnli+record+imdb+hellaswag,0.3161764705882353,0.4847094801223242,0.6389891696750902,0.6347075743048898,0.4107142857142857,0.5178739416745061,0.9148936170212766,0.8883677298311444,0.6008663366336634,0.66,0.6387377584330794
qnli+record+imdb+winogrande,0.32107843137254904,0.4785932721712538,0.6570397111913358,0.5560882070949185,0.4107142857142857,0.5211665098777046,0.9095744680851063,0.8921200750469043,0.6082920792079208,0.58,0.514689880304679
qnli+record+paws+hellaswag,0.3161764705882353,0.692354740061162,0.6967509025270758,0.4966442953020134,0.42857142857142855,0.4501411100658514,0.8882978723404256,0.7964352720450282,0.7017326732673267,0.49,0.19042437431991294
qnli+record+paws+imdb,0.31862745098039214,0.6886850152905198,0.6678700361010831,0.5810162991371045,0.4107142857142857,0.5117591721542804,0.9095744680851063,0.8846153846153846,0.6955445544554455,0.4,0.14363438520130578
qnli+record+paws+winogrande,0.3161764705882353,0.6972477064220184,0.7111913357400722,0.46021093000958774,0.4107142857142857,0.44402634054562556,0.8856382978723404,0.8161350844277674,0.7035891089108911,0.07,0.01088139281828074
qnli+record+snli+anli_r1,0.32107843137254904,0.5703363914373089,0.5703971119133574,0.548418024928092,0.7142857142857143,0.5587958607714016,0.851063829787234,0.8245778611632271,0.6794554455445545,0.34,0.05495103373231774
qnli+record+snli+hellaswag,0.3161764705882353,0.5553516819571865,0.5595667870036101,0.5474592521572388,0.5357142857142857,0.5211665098777046,0.8617021276595744,0.8245778611632271,0.665016501650165,0.6,0.2780195865070729
qnli+record+snli+imdb,0.31862745098039214,0.5275229357798165,0.5812274368231047,0.6088207094918504,0.4642857142857143,0.5785512699905927,0.8882978723404256,0.8621013133208255,0.5975660066006601,0.48,0.16213275299238303
qnli+record+snli+paws,0.3161764705882353,0.6293577981651376,0.5776173285198556,0.5282837967401726,0.6071428571428571,0.51552210724365,0.8617021276595744,0.6754221388367729,0.7227722772277227,0.05,0.004896626768226333
qnli+record+snli+winogrande,0.3161764705882353,0.5321100917431193,0.5667870036101083,0.5254074784276127,0.5714285714285714,0.5075258701787394,0.8617021276595744,0.8198874296435272,0.6658415841584159,0.46,0.08324265505984767
qnli+snli+anli_r1+hellaswag,0.31862745098039214,0.5525993883792049,0.5884476534296029,0.5637583892617449,0.7321428571428571,0.5531514581373471,0.8085106382978723,0.8095684803001876,0.6676980198019802,0.59,0.5429815016322089
qnli+snli+anli_r1+imdb,0.3235294117647059,0.5256880733944954,0.592057761732852,0.6049856184084372,0.6964285714285714,0.5865475070555033,0.8617021276595744,0.8480300187617261,0.5398102310231023,0.51,0.44178454842219805
qnli+snli+anli_r1+paws,0.31862745098039214,0.599388379204893,0.5884476534296029,0.5292425695110259,0.7678571428571429,0.555032925682032,0.8031914893617021,0.7889305816135085,0.724009900990099,0.32,0.06746463547334058
qnli+snli+anli_r1+winogrande,0.31862745098039214,0.5336391437308868,0.5956678700361011,0.5311601150527325,0.75,0.5428033866415805,0.8457446808510638,0.8123827392120075,0.6724422442244224,0.53,0.3792165397170838
qnli+snli+hellaswag+winogrande,0.3161764705882353,0.5125382262996941,0.5667870036101083,0.5158197507190796,0.7142857142857143,0.49200376293508935,0.8430851063829787,0.8151969981238274,0.6536716171617162,0.68,0.6278563656147987
qnli+snli+imdb+hellaswag,0.3161764705882353,0.5024464831804282,0.5451263537906137,0.6078619367209971,0.625,0.5743179680150517,0.8803191489361702,0.8649155722326454,0.5187706270627063,0.65,0.6354733405875952
qnli+snli+imdb+winogrande,0.3161764705882353,0.4724770642201835,0.5415162454873647,0.5695110258868649,0.625,0.5686735653809972,0.8829787234042553,0.8658536585365854,0.5272277227722773,0.62,0.5484221980413493
qnli+snli+paws+hellaswag,0.3161764705882353,0.6058103975535168,0.5487364620938628,0.5330776605944392,0.7142857142857143,0.506585136406397,0.8670212765957447,0.702626641651032,0.7279290429042904,0.58,0.24483133841131666
qnli+snli+paws+imdb,0.3161764705882353,0.5813455657492355,0.5451263537906137,0.5685522531160115,0.6428571428571429,0.5653809971777987,0.8856382978723404,0.8602251407129456,0.7023514851485149,0.48,0.1926006528835691
qnli+snli+paws+winogrande,0.3161764705882353,0.5926605504587156,0.5523465703971119,0.5043144774688398,0.75,0.4943555973659454,0.8643617021276596,0.7382739212007504,0.7287541254125413,0.49,0.08487486398258977
qnli+sst2+anli_r1+hellaswag,0.3161764705882353,0.4562691131498471,0.6823104693140795,0.5752636625119847,0.4107142857142857,0.5380997177798683,0.9148936170212766,0.9146341463414634,0.616542904290429,0.7,0.6577801958650707
qnli+sst2+anli_r1+imdb,0.32107843137254904,0.44220183486238535,0.6606498194945848,0.6145733461169702,0.4107142857142857,0.5597365945437441,0.9281914893617021,0.9193245778611632,0.5226897689768977,0.62,0.5903155603917302
qnli+sst2+anli_r1+paws,0.31862745098039214,0.5752293577981651,0.7436823104693141,0.5503355704697986,0.4107142857142857,0.5376293508936971,0.9228723404255319,0.9061913696060038,0.7217409240924092,0.44,0.3748639825897715
qnli+sst2+anli_r1+winogrande,0.31862745098039214,0.44281345565749236,0.6823104693140795,0.551294343240652,0.4107142857142857,0.5319849482596425,0.9148936170212766,0.9061913696060038,0.6219059405940595,0.65,0.6001088139281828
qnli+sst2+hellaswag+winogrande,0.31862745098039214,0.43608562691131497,0.6787003610108303,0.5541706615532119,0.4107142857142857,0.5061147695202258,0.9202127659574468,0.9127579737335835,0.588490099009901,0.68,0.6708378672470077
qnli+sst2+imdb+hellaswag,0.31862745098039214,0.4253822629969419,0.6606498194945848,0.6145733461169702,0.4107142857142857,0.5489181561618062,0.925531914893617,0.9212007504690432,0.4867986798679868,0.69,0.6697497279651795
qnli+sst2+imdb+winogrande,0.32598039215686275,0.40305810397553515,0.6606498194945848,0.5743048897411314,0.42857142857142855,0.5578551269990593,0.9228723404255319,0.9202626641651032,0.5022689768976898,0.69,0.6365614798694232
qnli+sst2+paws+hellaswag,0.3161764705882353,0.6498470948012233,0.7075812274368231,0.5340364333652924,0.4107142857142857,0.5051740357478833,0.9228723404255319,0.9127579737335835,0.706476897689769,0.61,0.5250272034820457
qnli+sst2+paws+imdb,0.32107843137254904,0.535474006116208,0.6787003610108303,0.5752636625119847,0.4107142857142857,0.5517403574788335,0.9308510638297872,0.9193245778611632,0.6602722772277227,0.54,0.4923830250272035
qnli+sst2+paws+winogrande,0.3235294117647059,0.6418960244648318,0.7003610108303249,0.5215723873441994,0.4107142857142857,0.5028222013170273,0.9175531914893617,0.9061913696060038,0.7002887788778878,0.38,0.3177366702937976
qnli+sst2+record+anli_r1,0.3235294117647059,0.4914373088685015,0.6353790613718412,0.5637583892617449,0.42857142857142855,0.49858889934148637,0.925531914893617,0.9136960600375235,0.6363448844884488,0.55,0.45647442872687705
qnli+sst2+record+hellaswag,0.31862745098039214,0.5174311926605505,0.6642599277978339,0.5714285714285714,0.4107142857142857,0.5,0.9228723404255319,0.9183864915572233,0.6173679867986799,0.66,0.6066376496191512
qnli+sst2+record+imdb,0.33088235294117646,0.44617737003058106,0.6425992779783394,0.5819750719079578,0.4107142857142857,0.5310442144873001,0.925531914893617,0.9183864915572233,0.5464108910891089,0.56,0.5130576713819369
qnli+sst2+record+paws,0.3235294117647059,0.6883792048929663,0.6931407942238267,0.5244487056567594,0.4107142857142857,0.5126999059266227,0.9228723404255319,0.9108818011257036,0.7009075907590759,0.32,0.10337323177366703
qnli+sst2+record+snli,0.3161764705882353,0.5574923547400612,0.5884476534296029,0.5417066155321189,0.5714285714285714,0.5667920978363123,0.8829787234042553,0.8846153846153846,0.6423267326732673,0.49,0.10500544069640914
qnli+sst2+record+winogrande,0.3382352941176471,0.5009174311926605,0.6498194945848376,0.5407478427612655,0.4107142857142857,0.5009407337723424,0.9202127659574468,0.9108818011257036,0.6254125412541254,0.54,0.49836779107725787
qnli+sst2+snli+anli_r1,0.32107843137254904,0.5440366972477064,0.592057761732852,0.5829338446788112,0.75,0.5827845719661335,0.8696808510638298,0.8714821763602252,0.5511551155115512,0.52,0.3737758433079434
qnli+sst2+snli+hellaswag,0.3161764705882353,0.5287461773700306,0.5379061371841155,0.5474592521572388,0.6785714285714286,0.5555032925682032,0.8723404255319149,0.875234521575985,0.5511551155115512,0.64,0.5979325353645266
qnli+sst2+snli+imdb,0.3235294117647059,0.4975535168195719,0.5884476534296029,0.6021093000958773,0.5714285714285714,0.587958607714017,0.9148936170212766,0.899624765478424,0.554042904290429,0.57,0.5511425462459195
qnli+sst2+snli+paws,0.3161764705882353,0.5963302752293578,0.5740072202166066,0.5263662511984659,0.7321428571428571,0.5498588899341487,0.8829787234042553,0.874296435272045,0.7114273927392739,0.47,0.14200217627856365
qnli+sst2+snli+winogrande,0.3161764705882353,0.4978593272171254,0.5631768953068592,0.5369127516778524,0.75,0.5475070555032926,0.8776595744680851,0.8714821763602252,0.5740511551155115,0.64,0.5223068552774756
qqp+anli_r1+hellaswag+winogrande,0.3161764705882353,0.4,0.4729241877256318,0.588686481303931,0.16071428571428573,0.6039510818438382,0.7712765957446809,0.7654784240150094,0.5478547854785478,0.64,0.5761697497279652
qqp+anli_r1+imdb+hellaswag,0.3161764705882353,0.38990825688073394,0.4729241877256318,0.6519654841802492,0.10714285714285714,0.6053621825023519,0.875,0.8902439024390244,0.5286716171617162,0.66,0.5821545157780196
qqp+anli_r1+imdb+winogrande,0.3161764705882353,0.3651376146788991,0.4729241877256318,0.6049856184084372,0.125,0.605832549388523,0.8776595744680851,0.8827392120075047,0.5369224422442245,0.58,0.499455930359086
qqp+anli_r1+paws+hellaswag,0.3161764705882353,0.5336391437308868,0.4729241877256318,0.5810162991371045,0.14285714285714285,0.6048918156161807,0.8111702127659575,0.801125703564728,0.6136551155115512,0.35,0.367247007616975
qqp+anli_r1+paws+imdb,0.3161764705882353,0.5067278287461774,0.4729241877256318,0.6059443911792906,0.125,0.6091251175917215,0.8803191489361702,0.8771106941838649,0.5948844884488449,0.29,0.21273122959738847
qqp+anli_r1+paws+winogrande,0.3161764705882353,0.5149847094801223,0.4729241877256318,0.5378715244487057,0.16071428571428573,0.6067732831608654,0.8111702127659575,0.7917448405253283,0.6091171617161716,0.24,0.132208922742111
qqp+imdb+hellaswag+winogrande,0.3161764705882353,0.3510703363914373,0.4729241877256318,0.6327900287631831,0.08928571428571429,0.6030103480714958,0.8776595744680851,0.8864915572232646,0.5167079207920792,0.7,0.6033732317736671
qqp+paws+hellaswag+winogrande,0.3161764705882353,0.5024464831804282,0.4729241877256318,0.46021093000958774,0.08928571428571429,0.5978363123236125,0.7952127659574468,0.7607879924953096,0.6219059405940595,0.6,0.4586507072905332
qqp+paws+imdb+hellaswag,0.3161764705882353,0.4871559633027523,0.4729241877256318,0.6308724832214765,0.08928571428571429,0.6025399811853246,0.8856382978723404,0.875234521575985,0.6004537953795379,0.56,0.5130576713819369
qqp+paws+imdb+winogrande,0.3161764705882353,0.4672782874617737,0.4729241877256318,0.576222435282838,0.08928571428571429,0.6011288805268109,0.8829787234042553,0.8714821763602252,0.5994224422442245,0.48,0.29379760609357997
qqp+record+anli_r1+hellaswag,0.3161764705882353,0.45198776758409787,0.4729241877256318,0.5906040268456376,0.14285714285714285,0.603480714957667,0.7792553191489362,0.7945590994371482,0.5988036303630363,0.54,0.41131664853101196
qqp+record+anli_r1+imdb,0.3161764705882353,0.41559633027522935,0.4729241877256318,0.6356663470757431,0.10714285714285714,0.6048918156161807,0.9095744680851063,0.8921200750469043,0.5567244224422442,0.4,0.20130576713819368
qqp+record+anli_r1+paws,0.3161764705882353,0.5391437308868502,0.4729241877256318,0.5541706615532119,0.16071428571428573,0.6086547507055503,0.8191489361702128,0.8086303939962477,0.6124174917491749,0.05,0.021218715995647442
qqp+record+anli_r1+winogrande,0.3161764705882353,0.41651376146788993,0.4729241877256318,0.5426653883029722,0.16071428571428573,0.6044214487300094,0.7845744680851063,0.7842401500938087,0.602516501650165,0.44,0.16648531011969533
qqp+record+hellaswag+winogrande,0.3161764705882353,0.39847094801223243,0.4729241877256318,0.5551294343240653,0.08928571428571429,0.6011288805268109,0.7845744680851063,0.7954971857410882,0.6169554455445545,0.69,0.5228509249183896
qqp+record+imdb+hellaswag,0.3161764705882353,0.40244648318042814,0.4729241877256318,0.6452540747842761,0.08928571428571429,0.6030103480714958,0.901595744680851,0.8958724202626641,0.5354785478547854,0.65,0.5511425462459195
qqp+record+imdb+winogrande,0.3161764705882353,0.3688073394495413,0.4729241877256318,0.6011505273250239,0.08928571428571429,0.6025399811853246,0.9042553191489362,0.8939962476547842,0.5385726072607261,0.53,0.29379760609357997
qqp+record+paws+hellaswag,0.3161764705882353,0.5327217125382263,0.4729241877256318,0.4074784276126558,0.08928571428571429,0.5987770460959548,0.8324468085106383,0.7176360225140713,0.6219059405940595,0.3,0.13438520130576714
qqp+record+paws+imdb,0.3161764705882353,0.5048929663608562,0.4729241877256318,0.6164908916586769,0.08928571428571429,0.6025399811853246,0.9042553191489362,0.8902439024390244,0.6045792079207921,0.13,0.04570184983677911
qqp+record+paws+winogrande,0.3161764705882353,0.5180428134556575,0.4729241877256318,0.3710450623202301,0.08928571428571429,0.599247412982126,0.8191489361702128,0.7138836772983115,0.6192244224422442,0.09,0.023394994559303592
qqp+record+snli+anli_r1,0.3161764705882353,0.5070336391437309,0.7075812274368231,0.548418024928092,0.7857142857142857,0.8269049858889934,0.7473404255319149,0.7692307692307693,0.6103547854785478,0.1,0.07780195865070728
qqp+record+snli+hellaswag,0.3161764705882353,0.4975535168195719,0.7545126353790613,0.5743048897411314,0.7142857142857143,0.8160865475070554,0.800531914893617,0.797373358348968,0.5907590759075908,0.38,0.29325353645266594
qqp+record+snli+imdb,0.3161764705882353,0.4730886850152905,0.7509025270758123,0.6021093000958773,0.7142857142857143,0.7859830667920978,0.8563829787234043,0.8630393996247655,0.6082920792079208,0.23,0.1985854189336235
qqp+record+snli+paws,0.3161764705882353,0.5214067278287462,0.7545126353790613,0.5273250239693192,0.7321428571428571,0.7897460018814676,0.8297872340425532,0.8189493433395872,0.6318069306930693,0.05,0.014689880304679
qqp+record+snli+winogrande,0.3161764705882353,0.4730886850152905,0.7509025270758123,0.5196548418024928,0.75,0.8160865475070554,0.8111702127659575,0.801125703564728,0.5977722772277227,0.22,0.13275299238302501
qqp+snli+anli_r1+hellaswag,0.3161764705882353,0.48807339449541287,0.7111913357400722,0.5867689357622243,0.8035714285714286,0.8231420507996237,0.6728723404255319,0.7279549718574109,0.5979785478547854,0.51,0.27475516866158867
qqp+snli+anli_r1+imdb,0.3161764705882353,0.4452599388379205,0.7148014440433214,0.6366251198465963,0.7857142857142857,0.8047977422389464,0.8031914893617021,0.8245778611632271,0.6103547854785478,0.43,0.190968443960827
qqp+snli+anli_r1+paws,0.3161764705882353,0.5207951070336392,0.7689530685920578,0.47555129434324067,0.8214285714285714,0.8198494825964252,0.6303191489361702,0.6566604127579737,0.6237623762376238,0.08,0.035908596300326445
qqp+snli+anli_r1+winogrande,0.3161764705882353,0.4724770642201835,0.7256317689530686,0.5599232981783318,0.8214285714285714,0.8245531514581373,0.6941489361702128,0.723264540337711,0.6033415841584159,0.44,0.15669205658324264
qqp+snli+hellaswag+winogrande,0.3161764705882353,0.4529051987767584,0.7689530685920578,0.538830297219559,0.8214285714285714,0.7991533396048918,0.7978723404255319,0.7870544090056285,0.5804455445544554,0.63,0.4162132752992383
qqp+snli+imdb+hellaswag,0.3161764705882353,0.4397553516819572,0.779783393501805,0.62320230105465,0.7678571428571429,0.7845719661335842,0.8457446808510638,0.8583489681050657,0.6039603960396039,0.57,0.455930359085963
qqp+snli+imdb+winogrande,0.3161764705882353,0.40642201834862385,0.776173285198556,0.6116970278044104,0.7857142857142857,0.7596425211665099,0.8537234042553191,0.8602251407129456,0.5983910891089109,0.53,0.2840043525571273
qqp+snli+paws+hellaswag,0.3161764705882353,0.535474006116208,0.7545126353790613,0.5282837967401726,0.7678571428571429,0.7869238005644402,0.8138297872340425,0.8039399624765479,0.6272689768976898,0.34,0.17301414581066377
qqp+snli+paws+imdb,0.3161764705882353,0.4969418960244648,0.7545126353790613,0.5944391179290508,0.7857142857142857,0.7436500470366886,0.8563829787234043,0.8527204502814258,0.6256188118811881,0.2,0.11262241566920565
qqp+snli+paws+winogrande,0.3161764705882353,0.5220183486238532,0.7509025270758123,0.49856184084372,0.8035714285714286,0.7775164628410159,0.8271276595744681,0.8076923076923077,0.6239686468646864,0.2,0.05386289445048966
qqp+sst2+anli_r1+hellaswag,0.3161764705882353,0.42599388379204894,0.4729241877256318,0.6021093000958773,0.10714285714285714,0.6072436500470367,0.8829787234042553,0.900562851782364,0.5414603960396039,0.63,0.5663764961915125
qqp+sst2+anli_r1+imdb,0.3161764705882353,0.3779816513761468,0.4729241877256318,0.6433365292425696,0.125,0.6095954844778928,0.9228723404255319,0.9165103189493433,0.5606435643564357,0.54,0.45375408052230687
qqp+sst2+anli_r1+paws,0.3161764705882353,0.5220183486238532,0.4729241877256318,0.5618408437200384,0.10714285714285714,0.6124176857949201,0.8936170212765957,0.8883677298311444,0.6002475247524752,0.28,0.1572361262241567
qqp+sst2+anli_r1+winogrande,0.3161764705882353,0.38287461773700304,0.4729241877256318,0.5743048897411314,0.125,0.6086547507055503,0.898936170212766,0.900562851782364,0.536509900990099,0.57,0.455930359085963
qqp+sst2+hellaswag+winogrande,0.3161764705882353,0.3709480122324159,0.4729241877256318,0.5925215723873442,0.08928571428571429,0.6020696142991533,0.8856382978723404,0.8949343339587242,0.5255775577557755,0.71,0.5952121871599565
qqp+sst2+imdb+hellaswag,0.3161764705882353,0.3636085626911315,0.4729241877256318,0.6193672099712368,0.08928571428571429,0.6039510818438382,0.9069148936170213,0.9183864915572233,0.543523102310231,0.66,0.5924918389553863
qqp+sst2+imdb+winogrande,0.3161764705882353,0.337308868501529,0.4729241877256318,0.5838926174496645,0.08928571428571429,0.6030103480714958,0.9148936170212766,0.9136960600375235,0.5439356435643564,0.64,0.5359085963003264
qqp+sst2+paws+hellaswag,0.3161764705882353,0.519571865443425,0.4729241877256318,0.573346116970278,0.08928571428571429,0.6020696142991533,0.8856382978723404,0.8902439024390244,0.608085808580858,0.55,0.4368879216539717
qqp+sst2+paws+imdb,0.3161764705882353,0.5021406727828747,0.4729241877256318,0.5781399808245445,0.08928571428571429,0.6025399811853246,0.9175531914893617,0.9155722326454033,0.5928217821782178,0.4,0.29760609357997825
qqp+sst2+paws+winogrande,0.3161764705882353,0.499388379204893,0.4729241877256318,0.5330776605944392,0.08928571428571429,0.6006585136406397,0.8882978723404256,0.8930581613508443,0.608085808580858,0.48,0.22578890097932536
qqp+sst2+record+anli_r1,0.3161764705882353,0.43516819571865445,0.4729241877256318,0.585810162991371,0.10714285714285714,0.6067732831608654,0.9042553191489362,0.9043151969981238,0.5620874587458746,0.45,0.15342763873775844
qqp+sst2+record+hellaswag,0.3161764705882353,0.42599388379204894,0.4729241877256318,0.6011505273250239,0.08928571428571429,0.6025399811853246,0.8962765957446809,0.9061913696060038,0.543523102310231,0.67,0.4738846572361262
qqp+sst2+record+imdb,0.3161764705882353,0.4,0.4729241877256318,0.6088207094918504,0.08928571428571429,0.6044214487300094,0.9175531914893617,0.9193245778611632,0.5761138613861386,0.52,0.25244831338411317
qqp+sst2+record+paws,0.3161764705882353,0.5259938837920489,0.4729241877256318,0.5465004793863855,0.08928571428571429,0.6025399811853246,0.898936170212766,0.900562851782364,0.6157178217821783,0.12,0.029379760609358
qqp+sst2+record+snli,0.3161764705882353,0.4938837920489297,0.7545126353790613,0.5906040268456376,0.6785714285714286,0.7859830667920978,0.8590425531914894,0.8705440900562852,0.610973597359736,0.29,0.1267682263329706
qqp+sst2+record+winogrande,0.3161764705882353,0.37920489296636084,0.4729241877256318,0.5493767976989453,0.08928571428571429,0.6030103480714958,0.9148936170212766,0.899624765478424,0.5495049504950495,0.53,0.2529923830250272
qqp+sst2+snli+anli_r1,0.3161764705882353,0.4691131498470948,0.7111913357400722,0.5992329817833174,0.7321428571428571,0.8095014111006585,0.8457446808510638,0.8602251407129456,0.6179867986798679,0.48,0.15614798694232862
qqp+sst2+snli+hellaswag,0.3161764705882353,0.463302752293578,0.7725631768953068,0.6097794822627037,0.6964285714285714,0.7869238005644402,0.8537234042553191,0.8667917448405253,0.6078795379537953,0.58,0.3786724700761698
qqp+sst2+snli+imdb,0.3161764705882353,0.40764525993883793,0.7509025270758123,0.6174496644295302,0.6785714285714286,0.7351834430856068,0.8776595744680851,0.9015009380863039,0.6148927392739274,0.51,0.2660500544069641
qqp+sst2+snli+paws,0.3161764705882353,0.5128440366972477,0.7436823104693141,0.5675934803451582,0.75,0.7525870178739417,0.8590425531914894,0.8649155722326454,0.6303630363036303,0.21,0.07453754080522307
qqp+sst2+snli+winogrande,0.3161764705882353,0.44587155963302755,0.779783393501805,0.5743048897411314,0.7321428571428571,0.7732831608654751,0.8617021276595744,0.8677298311444653,0.60746699669967,0.53,0.249727965179543
record+anli_r1+hellaswag+winogrande,0.6740196078431373,0.5865443425076453,0.6389891696750902,0.5589645254074784,0.4107142857142857,0.680620884289746,0.9042553191489362,0.8470919324577861,0.6056105610561056,0.69,0.6322089227421109
record+anli_r1+imdb+hellaswag,0.6715686274509803,0.5030581039755352,0.631768953068592,0.6663470757430489,0.25,0.7337723424270931,0.9042553191489362,0.8921200750469043,0.5802392739273927,0.69,0.691512513601741
record+anli_r1+imdb+winogrande,0.6495098039215687,0.48073394495412847,0.6353790613718412,0.6088207094918504,0.32142857142857145,0.742238946378175,0.9095744680851063,0.8949343339587242,0.5924092409240924,0.63,0.6196953210010882
record+anli_r1+paws+hellaswag,0.5563725490196079,0.6645259938837921,0.6462093862815884,0.5877277085330777,0.4107142857142857,0.7055503292568204,0.898936170212766,0.8273921200750469,0.7040016501650165,0.44,0.20837867247007616
record+anli_r1+paws+imdb,0.6421568627450981,0.6513761467889908,0.631768953068592,0.6069031639501438,0.26785714285714285,0.8080903104421449,0.9122340425531915,0.8864915572232646,0.6794554455445545,0.38,0.1528835690968444
record+anli_r1+paws+winogrande,0.6102941176470589,0.6636085626911316,0.6750902527075813,0.5206136145733461,0.5178571428571429,0.7271872060206962,0.901595744680851,0.8264540337711069,0.7025577557755776,0.07,0.030467899891186073
record+imdb+hellaswag+winogrande,0.6691176470588235,0.5250764525993884,0.6462093862815884,0.6049856184084372,0.16071428571428573,0.6204139228598307,0.9175531914893617,0.8977485928705441,0.5515676567656765,0.7,0.6855277475516867
record+paws+hellaswag+winogrande,0.5980392156862745,0.6819571865443425,0.5126353790613718,0.012464046021093002,0.08928571428571429,0.2939793038570085,0.5053191489361702,0.28236397748592873,0.6844059405940595,0.09,0.020674646354733407
record+paws+imdb+hellaswag,0.6691176470588235,0.6773700305810397,0.6498194945848376,0.6222435282837967,0.16071428571428573,0.6368767638758231,0.9122340425531915,0.8949343339587242,0.6792491749174917,0.47,0.2693144722524483
record+paws+imdb+winogrande,0.6446078431372549,0.6822629969418961,0.6425992779783394,0.551294343240652,0.16071428571428573,0.6448730009407337,0.9148936170212766,0.8893058161350844,0.6757425742574258,0.11,0.060935799782372145
record+snli+anli_r1+hellaswag,0.35049019607843135,0.5969418960244648,0.5884476534296029,0.5992329817833174,0.7142857142857143,0.7737535277516463,0.8297872340425532,0.8123827392120075,0.6497524752475248,0.56,0.33460282916213274
record+snli+anli_r1+imdb,0.3602941176470588,0.5614678899082569,0.5703971119133574,0.6241610738255033,0.7142857142857143,0.7892756349952963,0.8723404255319149,0.8611632270168855,0.5375412541254125,0.44,0.15342763873775844
record+snli+anli_r1+paws,0.34558823529411764,0.6097859327217126,0.5812274368231047,0.551294343240652,0.7678571428571429,0.7916274694261524,0.8430851063829787,0.7926829268292683,0.7085396039603961,0.02,0.005984766050054407
record+snli+anli_r1+winogrande,0.34068627450980393,0.5779816513761468,0.5703971119133574,0.548418024928092,0.8035714285714286,0.7817497648165569,0.8191489361702128,0.8058161350844277,0.6514026402640264,0.5,0.14309031556039173
record+snli+hellaswag+winogrande,0.3333333333333333,0.5792048929663609,0.5270758122743683,0.5302013422818792,0.7321428571428571,0.7351834430856068,0.8164893617021277,0.6613508442776735,0.6245874587458746,0.72,0.559847660500544
record+snli+imdb+hellaswag,0.34558823529411764,0.5541284403669725,0.5270758122743683,0.6308724832214765,0.6607142857142857,0.7634054562558796,0.8723404255319149,0.8658536585365854,0.5707508250825083,0.68,0.6077257889009793
record+snli+imdb+winogrande,0.3627450980392157,0.5311926605504587,0.5342960288808665,0.585810162991371,0.7142857142857143,0.7732831608654751,0.8776595744680851,0.8611632270168855,0.5977722772277227,0.63,0.4281828073993471
record+snli+paws+hellaswag,0.32598039215686275,0.6495412844036698,0.5270758122743683,0.3710450623202301,0.7142857142857143,0.757761053621825,0.7047872340425532,0.29831144465290804,0.7093646864686468,0.47,0.0544069640914037
record+snli+paws+imdb,0.36764705882352944,0.6470948012232416,0.5379061371841155,0.5925215723873442,0.6785714285714286,0.7826904985888994,0.8856382978723404,0.8686679174484052,0.6903877887788779,0.34,0.03536452665941241
record+snli+paws+winogrande,0.33088235294117646,0.6409785932721712,0.5270758122743683,0.3058485139022052,0.7857142857142857,0.7728127939793038,0.7127659574468085,0.3977485928705441,0.7011138613861386,0.26,0.005984766050054407
snli+anli_r1+hellaswag+winogrande,0.33578431372549017,0.5529051987767584,0.5740072202166066,0.5580057526366251,0.7857142857142857,0.7902163687676388,0.8058510638297872,0.7823639774859287,0.6274752475247525,0.69,0.6577801958650707
snli+anli_r1+imdb+hellaswag,0.35294117647058826,0.5446483180428134,0.5523465703971119,0.6327900287631831,0.75,0.7920978363123237,0.8617021276595744,0.849906191369606,0.5082508250825083,0.64,0.6621327529923831
snli+anli_r1+imdb+winogrande,0.35784313725490197,0.536697247706422,0.5776173285198556,0.6030680728667306,0.8035714285714286,0.79068673565381,0.8670212765957447,0.8555347091932458,0.5121699669966997,0.62,0.5554951033732318
snli+anli_r1+paws+hellaswag,0.3333333333333333,0.6103975535168196,0.5667870036101083,0.5580057526366251,0.7678571428571429,0.7963311382878645,0.8271276595744681,0.7917448405253283,0.7110148514851485,0.53,0.19804134929270947
snli+anli_r1+paws+imdb,0.3480392156862745,0.5969418960244648,0.5595667870036101,0.5915627996164909,0.7678571428571429,0.7902163687676388,0.8643617021276596,0.849906191369606,0.6695544554455446,0.44,0.15614798694232862
snli+anli_r1+paws+winogrande,0.3333333333333333,0.6027522935779817,0.5848375451263538,0.5206136145733461,0.7857142857142857,0.8024459078080903,0.8404255319148937,0.799249530956848,0.7052392739273927,0.43,0.07018498367791078
snli+imdb+hellaswag+winogrande,0.3382352941176471,0.5113149847094801,0.5270758122743683,0.610738255033557,0.7678571428571429,0.7831608654750706,0.8617021276595744,0.8592870544090057,0.4969059405940594,0.71,0.691512513601741
snli+paws+hellaswag+winogrande,0.32598039215686275,0.6042813455657492,0.5270758122743683,0.48705656759348037,0.7678571428571429,0.7869238005644402,0.7446808510638298,0.37617260787992496,0.7161716171617162,0.66,0.4243743199129489
snli+paws+imdb+hellaswag,0.33088235294117646,0.5978593272171254,0.5270758122743683,0.6145733461169702,0.8035714285714286,0.7911571025399812,0.8723404255319149,0.8667917448405253,0.695957095709571,0.63,0.501088139281828
snli+paws+imdb+winogrande,0.3333333333333333,0.5871559633027523,0.5270758122743683,0.5599232981783318,0.8214285714285714,0.7878645343367827,0.8723404255319149,0.8658536585365854,0.6912128712871287,0.57,0.3394994559303591
sst2+anli_r1+hellaswag+winogrande,0.49264705882352944,0.481039755351682,0.6462093862815884,0.5848513902205177,0.23214285714285715,0.7253057384760113,0.9202127659574468,0.9146341463414634,0.5546617161716172,0.72,0.7116430903155604
sst2+anli_r1+imdb+hellaswag,0.48284313725490197,0.45137614678899085,0.6534296028880866,0.6414189837008629,0.14285714285714285,0.6825023518344309,0.9228723404255319,0.924953095684803,0.5276402640264026,0.67,0.7002176278563657
sst2+anli_r1+imdb+winogrande,0.5392156862745098,0.44954128440366975,0.6534296028880866,0.5992329817833174,0.19642857142857142,0.69379115710254,0.9175531914893617,0.9221388367729831,0.5385726072607261,0.65,0.6474428726877041
sst2+anli_r1+paws+hellaswag,0.4730392156862745,0.6110091743119266,0.6859205776173285,0.5551294343240653,0.26785714285714285,0.7591721542803387,0.9148936170212766,0.9127579737335835,0.6893564356435643,0.65,0.6610446137105549
sst2+anli_r1+paws+imdb,0.47549019607843135,0.5477064220183486,0.6462093862815884,0.6021093000958773,0.125,0.6810912511759172,0.9228723404255319,0.9230769230769231,0.633457095709571,0.57,0.5310119695321001
sst2+anli_r1+paws+winogrande,0.5220588235294118,0.609480122324159,0.6642599277978339,0.5397890699904123,0.30357142857142855,0.7634054562558796,0.9202127659574468,0.9033771106941839,0.6875,0.55,0.5554951033732318
sst2+imdb+hellaswag+winogrande,0.5122549019607843,0.43211009174311926,0.5451263537906137,0.6174496644295302,0.10714285714285714,0.603480714957667,0.9228723404255319,0.9212007504690432,0.46720297029702973,0.69,0.7078346028291621
sst2+paws+hellaswag+winogrande,0.5049019607843137,0.6357798165137615,0.5848375451263538,0.5282837967401726,0.125,0.6425211665098777,0.9228723404255319,0.9090056285178236,0.6794554455445545,0.61,0.5206746463547334
sst2+paws+imdb+hellaswag,0.47794117647058826,0.5675840978593272,0.5306859205776173,0.6116970278044104,0.08928571428571429,0.6063029162746942,0.9202127659574468,0.924015009380863,0.6400577557755776,0.68,0.6811751904243744
sst2+paws+imdb+winogrande,0.5318627450980392,0.5510703363914373,0.5415162454873647,0.5647171620325983,0.10714285714285714,0.6105362182502352,0.9281914893617021,0.9202626641651032,0.6365511551155115,0.58,0.5952121871599565
sst2+record+anli_r1+hellaswag,0.6053921568627451,0.5067278287461774,0.6353790613718412,0.6078619367209971,0.23214285714285715,0.731420507996237,0.925531914893617,0.9202626641651032,0.6012788778877888,0.67,0.6686615886833515
sst2+record+anli_r1+imdb,0.6225490196078431,0.4712538226299694,0.6173285198555957,0.6184084372003835,0.16071428571428573,0.680620884289746,0.925531914893617,0.9277673545966229,0.5474422442244224,0.54,0.4923830250272035
sst2+record+anli_r1+paws,0.6053921568627451,0.6483180428134556,0.6389891696750902,0.5493767976989453,0.26785714285714285,0.7742238946378175,0.925531914893617,0.9165103189493433,0.6860561056105611,0.25,0.09466811751904244
sst2+record+anli_r1+winogrande,0.6127450980392157,0.5021406727828747,0.631768953068592,0.5465004793863855,0.26785714285714285,0.7309501411100658,0.9228723404255319,0.9165103189493433,0.6126237623762376,0.59,0.5897714907508161
sst2+record+hellaswag+winogrande,0.5980392156862745,0.5321100917431193,0.5956678700361011,0.5455417066155321,0.14285714285714285,0.6373471307619943,0.9228723404255319,0.9183864915572233,0.5771452145214522,0.71,0.6376496191512514
sst2+record+imdb+hellaswag,0.5955882352941176,0.4767584097859327,0.5812274368231047,0.6164908916586769,0.125,0.6128880526810913,0.925531914893617,0.926829268292683,0.5123762376237624,0.66,0.6556039173014145
sst2+record+imdb+winogrande,0.5906862745098039,0.4577981651376147,0.6064981949458483,0.5666347075743049,0.125,0.6237064910630291,0.9228723404255319,0.924015009380863,0.5356848184818482,0.64,0.5973884657236126
sst2+record+paws+hellaswag,0.6102941176470589,0.6709480122324158,0.5776173285198556,0.5273250239693192,0.10714285714285714,0.6509877704609596,0.9202127659574468,0.9174484052532833,0.6833745874587459,0.39,0.14091403699673558
sst2+record+paws+imdb,0.6004901960784313,0.6009174311926605,0.5848375451263538,0.5675934803451582,0.08928571428571429,0.6302916274694261,0.925531914893617,0.924953095684803,0.6520214521452146,0.26,0.09357997823721437
sst2+record+paws+winogrande,0.6200980392156863,0.6691131498470948,0.6028880866425993,0.5225311601150527,0.14285714285714285,0.6618062088428974,0.9202127659574468,0.9146341463414634,0.6800742574257426,0.06,0.03754080522306855
sst2+record+snli+anli_r1,0.3872549019607843,0.5847094801223242,0.592057761732852,0.5695110258868649,0.7321428571428571,0.7949200376293509,0.8670212765957447,0.8677298311444653,0.6169554455445545,0.47,0.07616974972796518
sst2+record+snli+hellaswag,0.39215686274509803,0.5788990825688073,0.555956678700361,0.5771812080536913,0.5892857142857143,0.7784571966133584,0.8803191489361702,0.8874296435272045,0.6346947194719472,0.69,0.4912948857453754
sst2+record+snli+imdb,0.40931372549019607,0.5431192660550459,0.5451263537906137,0.610738255033557,0.5357142857142857,0.7770460959548448,0.9148936170212766,0.9080675422138836,0.5383663366336634,0.55,0.34330794341675736
sst2+record+snli+paws,0.43137254901960786,0.6302752293577981,0.5306859205776173,0.5397890699904123,0.6785714285714286,0.7869238005644402,0.875,0.874296435272045,0.6953382838283828,0.28,0.01958650707290533
sst2+record+snli+winogrande,0.4387254901960784,0.5590214067278287,0.5379061371841155,0.5465004793863855,0.5714285714285714,0.7855126999059266,0.8882978723404256,0.8855534709193246,0.6437706270627063,0.58,0.33460282916213274
sst2+snli+anli_r1+hellaswag,0.35049019607843135,0.5685015290519878,0.5667870036101083,0.5800575263662512,0.7678571428571429,0.793038570084666,0.8617021276595744,0.8592870544090057,0.5142326732673267,0.64,0.6240478781284005
sst2+snli+anli_r1+imdb,0.375,0.5256880733944954,0.5812274368231047,0.6174496644295302,0.75,0.784101599247413,0.8803191489361702,0.8874296435272045,0.5470297029702971,0.59,0.5239390642002176
sst2+snli+anli_r1+paws,0.35049019607843135,0.5972477064220183,0.5812274368231047,0.5407478427612655,0.75,0.7939793038570084,0.8696808510638298,0.8583489681050657,0.6813118811881188,0.47,0.10282916213275299
sst2+snli+anli_r1+winogrande,0.35294117647058826,0.5489296636085627,0.5776173285198556,0.551294343240652,0.75,0.7916274694261524,0.8670212765957447,0.8667917448405253,0.5239273927392739,0.6,0.5076169749727966
sst2+snli+hellaswag+winogrande,0.35784313725490197,0.5318042813455658,0.5270758122743683,0.5541706615532119,0.75,0.786453433678269,0.8670212765957447,0.8799249530956847,0.5053630363036303,0.73,0.6811751904243744
sst2+snli+imdb+hellaswag,0.3897058823529412,0.5165137614678899,0.5379061371841155,0.6270373921380633,0.625,0.7746942615239887,0.9069148936170213,0.9033771106941839,0.5272277227722773,0.69,0.6702937976060935
sst2+snli+imdb+winogrande,0.39950980392156865,0.4926605504587156,0.5306859205776173,0.5915627996164909,0.75,0.7657572906867357,0.9175531914893617,0.9015009380863039,0.5274339933993399,0.66,0.6137105549510338
sst2+snli+paws+hellaswag,0.3553921568627451,0.6070336391437309,0.5342960288808665,0.5493767976989453,0.7142857142857143,0.7916274694261524,0.8696808510638298,0.8677298311444653,0.6984323432343235,0.63,0.3596300326441785
sst2+snli+paws+imdb,0.41421568627450983,0.5914373088685015,0.5270758122743683,0.5704697986577181,0.7321428571428571,0.7690498588899342,0.9042553191489362,0.899624765478424,0.6516089108910891,0.56,0.2578890097932535
sst2+snli+paws+winogrande,0.39705882352941174,0.599388379204893,0.5270758122743683,0.5302013422818792,0.75,0.7883349012229539,0.8643617021276596,0.8677298311444653,0.6934818481848185,0.58,0.18661588683351468
anli_r1+paws+imdb+hellaswag+winogrande,0.4852941176470588,0.5795107033639144,0.6931407942238267,0.5781399808245445,0.5,0.7502351834430856,0.9175531914893617,0.8939962476547842,0.6662541254125413,0.67,0.6893362350380848
mnli+anli_r1+imdb+hellaswag+winogrande,0.44362745098039214,0.5382262996941896,0.5270758122743683,0.6318312559923298,0.8392857142857143,0.8231420507996237,0.8776595744680851,0.8649155722326454,0.5171204620462047,0.71,0.6898803046789989
mnli+anli_r1+paws+hellaswag+winogrande,0.3872549019607843,0.598776758409786,0.5342960288808665,0.5503355704697986,0.8392857142857143,0.8283160865475071,0.8563829787234043,0.8217636022514071,0.7400990099009901,0.65,0.529923830250272
mnli+anli_r1+paws+imdb+hellaswag,0.43137254901960786,0.5948012232415902,0.5415162454873647,0.6174496644295302,0.8392857142857143,0.8269049858889934,0.8856382978723404,0.8677298311444653,0.6773927392739274,0.63,0.6153427638737758
mnli+anli_r1+paws+imdb+winogrande,0.47549019607843135,0.5850152905198777,0.5306859205776173,0.5752636625119847,0.8392857142857143,0.8283160865475071,0.8909574468085106,0.8677298311444653,0.6747112211221122,0.59,0.4581066376496192
mnli+paws+imdb+hellaswag+winogrande,0.5220588235294118,0.5902140672782875,0.5451263537906137,0.5915627996164909,0.7678571428571429,0.8156161806208843,0.8856382978723404,0.875234521575985,0.7037953795379538,0.67,0.6414581066376496
mnli+qnli+anli_r1+hellaswag+winogrande,0.32598039215686275,0.555045871559633,0.5812274368231047,0.5570469798657718,0.8035714285714286,0.5672624647224835,0.8590425531914894,0.8264540337711069,0.6274752475247525,0.64,0.6256800870511425
mnli+qnli+anli_r1+imdb+hellaswag,0.33578431372549017,0.5412844036697247,0.5776173285198556,0.6308724832214765,0.7321428571428571,0.5907808090310442,0.898936170212766,0.8667917448405253,0.5387788778877888,0.65,0.6463547334058759
mnli+qnli+anli_r1+imdb+winogrande,0.33578431372549017,0.5269113149847094,0.5884476534296029,0.5963566634707574,0.7857142857142857,0.5888993414863594,0.8882978723404256,0.8630393996247655,0.5488861386138614,0.65,0.6077257889009793
mnli+qnli+anli_r1+paws+hellaswag,0.32107843137254904,0.6012232415902141,0.5812274368231047,0.5627996164908916,0.7678571428571429,0.5634995296331138,0.8643617021276596,0.8348968105065666,0.753506600660066,0.61,0.49183895538628947
mnli+qnli+anli_r1+paws+imdb,0.33088235294117646,0.5877675840978593,0.555956678700361,0.5925215723873442,0.75,0.5874882408278457,0.875,0.8630393996247655,0.6986386138613861,0.51,0.4385201305767138
mnli+qnli+anli_r1+paws+winogrande,0.31862745098039214,0.5914373088685015,0.5740072202166066,0.535953978906999,0.7678571428571429,0.559266227657573,0.8590425531914894,0.8255159474671669,0.7485561056105611,0.53,0.28291621327529926
mnli+qnli+imdb+hellaswag+winogrande,0.3235294117647059,0.500611620795107,0.5342960288808665,0.5963566634707574,0.75,0.5733772342427094,0.8936170212765957,0.8686679174484052,0.5249587458745875,0.7,0.6561479869423286
mnli+qnli+paws+hellaswag+winogrande,0.3161764705882353,0.617125382262997,0.5342960288808665,0.5254074784276127,0.7857142857142857,0.5122295390404515,0.875,0.7814258911819888,0.7433993399339934,0.57,0.4575625680087051
mnli+qnli+paws+imdb+hellaswag,0.31862745098039214,0.5834862385321101,0.5342960288808665,0.5982742090124641,0.6964285714285714,0.5776105362182502,0.901595744680851,0.8658536585365854,0.7211221122112211,0.66,0.5973884657236126
mnli+qnli+paws+imdb+winogrande,0.32598039215686275,0.5840978593272171,0.5379061371841155,0.5599232981783318,0.7678571428571429,0.5780809031044214,0.8962765957446809,0.873358348968105,0.7244224422442245,0.59,0.4581066376496192
mnli+qnli+qqp+anli_r1+hellaswag,0.3161764705882353,0.4651376146788991,0.8086642599277978,0.6021093000958773,0.5178571428571429,0.6514581373471308,0.8111702127659575,0.8048780487804879,0.6223184818481848,0.46,0.3955386289445049
mnli+qnli+qqp+anli_r1+imdb,0.3161764705882353,0.38868501529051985,0.8086642599277978,0.62607861936721,0.5,0.7333019755409219,0.875,0.8583489681050657,0.6328382838283828,0.44,0.2867247007616975
mnli+qnli+qqp+anli_r1+paws,0.3161764705882353,0.4954128440366973,0.8086642599277978,0.5551294343240653,0.5178571428571429,0.731420507996237,0.7925531914893617,0.7926829268292683,0.6435643564356436,0.16,0.07725788900979326
mnli+qnli+qqp+anli_r1+winogrande,0.3161764705882353,0.4525993883792049,0.8231046931407943,0.5752636625119847,0.5178571428571429,0.6646284101599247,0.8218085106382979,0.8039399624765479,0.6274752475247525,0.41,0.21273122959738847
mnli+qnli+qqp+hellaswag+winogrande,0.3161764705882353,0.45168195718654436,0.7292418772563177,0.535953978906999,0.4107142857142857,0.5794920037629351,0.851063829787234,0.8245778611632271,0.6155115511551155,0.58,0.45266594124047876
mnli+qnli+qqp+imdb+hellaswag,0.3161764705882353,0.41957186544342506,0.7075812274368231,0.6414189837008629,0.39285714285714285,0.6566321730950141,0.8936170212765957,0.8714821763602252,0.6198432343234324,0.56,0.4842219804134929
mnli+qnli+qqp+imdb+winogrande,0.3161764705882353,0.40978593272171254,0.7220216606498195,0.6069031639501438,0.4107142857142857,0.6768579492003763,0.8856382978723404,0.8714821763602252,0.625,0.56,0.36561479869423286
mnli+qnli+qqp+paws+hellaswag,0.3161764705882353,0.5125382262996941,0.7003610108303249,0.41514860977948226,0.44642857142857145,0.647695202257761,0.8537234042553191,0.8424015009380863,0.6499587458745875,0.4,0.20946681175190424
mnli+qnli+qqp+paws+imdb,0.3161764705882353,0.4831804281345566,0.6823104693140795,0.5992329817833174,0.375,0.729068673565381,0.898936170212766,0.8696060037523452,0.6427392739273927,0.35,0.14145810663764963
mnli+qnli+qqp+paws+winogrande,0.3161764705882353,0.4951070336391437,0.7075812274368231,0.411313518696069,0.42857142857142855,0.6556914393226717,0.8643617021276596,0.8320825515947468,0.6458333333333334,0.3,0.09466811751904244
mnli+qnli+qqp+record+anli_r1,0.3161764705882353,0.4792048929663609,0.8122743682310469,0.5743048897411314,0.5178571428571429,0.6091251175917215,0.8457446808510638,0.8161350844277674,0.6303630363036303,0.28,0.07290533188248095
mnli+qnli+qqp+record+hellaswag,0.3161764705882353,0.48623853211009177,0.7148014440433214,0.5186960690316395,0.42857142857142855,0.583725305738476,0.851063829787234,0.8405253283302064,0.6229372937293729,0.51,0.2366702937976061
mnli+qnli+qqp+record+imdb,0.3161764705882353,0.44281345565749236,0.6931407942238267,0.6222435282837967,0.4107142857142857,0.6190028222013171,0.8962765957446809,0.875234521575985,0.6293316831683168,0.43,0.14036996735582155
mnli+qnli+qqp+record+paws,0.3161764705882353,0.5015290519877675,0.6931407942238267,0.3317353787152445,0.42857142857142855,0.6015992474129821,0.8723404255319149,0.8442776735459663,0.6534653465346535,0.09,0.020674646354733407
mnli+qnli+qqp+record+snli,0.3161764705882353,0.45351681957186546,0.6064981949458483,0.5838926174496645,0.7678571428571429,0.6669802445907808,0.7872340425531915,0.702626641651032,0.655940594059406,0.16,0.07997823721436344
mnli+qnli+qqp+record+winogrande,0.3161764705882353,0.4782874617737003,0.7292418772563177,0.5004793863854267,0.42857142857142855,0.5851364063969896,0.8537234042553191,0.8339587242026266,0.6221122112211221,0.46,0.10119695321001088
mnli+qnli+qqp+snli+anli_r1,0.3161764705882353,0.38776758409785933,0.5667870036101083,0.5656759348034516,0.7857142857142857,0.7558795860771401,0.7819148936170213,0.7607879924953096,0.655940594059406,0.06,0.07780195865070728
mnli+qnli+qqp+snli+hellaswag,0.3161764705882353,0.42477064220183486,0.6028880866425993,0.5647171620325983,0.8035714285714286,0.6980244590780809,0.7872340425531915,0.7223264540337712,0.6542904290429042,0.14,0.24537540805223068
mnli+qnli+qqp+snli+imdb,0.3161764705882353,0.29510703363914376,0.6209386281588448,0.5906040268456376,0.8035714285714286,0.7784571966133584,0.8351063829787234,0.8348968105065666,0.6427392739273927,0.14,0.18879216539717084
mnli+qnli+qqp+snli+paws,0.3161764705882353,0.4834862385321101,0.6389891696750902,0.5551294343240653,0.7857142857142857,0.770931326434619,0.8138297872340425,0.6341463414634146,0.6621287128712872,0.05,0.04787812840043525
mnli+qnli+qqp+snli+winogrande,0.3161764705882353,0.42752293577981654,0.6389891696750902,0.5570469798657718,0.8214285714285714,0.7206020696142992,0.773936170212766,0.7138836772983115,0.6524339933993399,0.1,0.13438520130576714
mnli+qnli+qqp+sst2+anli_r1,0.3161764705882353,0.41529051987767585,0.8122743682310469,0.588686481303931,0.5,0.7516462841015993,0.8829787234042553,0.873358348968105,0.639026402640264,0.44,0.2410228509249184
mnli+qnli+qqp+sst2+hellaswag,0.3161764705882353,0.43149847094801225,0.7111913357400722,0.5800575263662512,0.4107142857142857,0.6792097836312324,0.8776595744680851,0.8789868667917449,0.6297442244224423,0.57,0.44504896626768226
mnli+qnli+qqp+sst2+imdb,0.3161764705882353,0.3342507645259939,0.6859205776173285,0.6097794822627037,0.375,0.7445907808090311,0.9148936170212766,0.9080675422138836,0.625,0.53,0.3482045701849837
mnli+qnli+qqp+sst2+paws,0.3161764705882353,0.4889908256880734,0.6823104693140795,0.576222435282838,0.39285714285714285,0.7492944496707432,0.8803191489361702,0.8771106941838649,0.64253300330033,0.34,0.1147986942328618
mnli+qnli+qqp+sst2+record,0.3161764705882353,0.46055045871559636,0.7003610108303249,0.5810162991371045,0.42857142857142855,0.6552210724365005,0.8909574468085106,0.8911819887429644,0.6353135313531353,0.44,0.12023939064200218
mnli+qnli+qqp+sst2+snli,0.3161764705882353,0.3131498470948012,0.6245487364620939,0.5810162991371045,0.8035714285714286,0.797271872060207,0.8324468085106383,0.8292682926829268,0.6468646864686468,0.11,0.14798694232861806
mnli+qnli+qqp+sst2+winogrande,0.3161764705882353,0.42507645259938837,0.7256317689530686,0.5685522531160115,0.4107142857142857,0.6839134524929446,0.8856382978723404,0.8761726078799249,0.6311881188118812,0.57,0.3258977149075082
mnli+qnli+record+anli_r1+hellaswag,0.33578431372549017,0.5880733944954128,0.5992779783393501,0.5953978906999041,0.7321428571428571,0.5677328316086547,0.8696808510638298,0.8414634146341463,0.6745049504950495,0.65,0.5065288356909684
mnli+qnli+record+anli_r1+imdb,0.3382352941176471,0.5596330275229358,0.6064981949458483,0.610738255033557,0.7321428571428571,0.5931326434619003,0.901595744680851,0.8686679174484052,0.5627062706270627,0.53,0.4134929270946681
mnli+qnli+record+anli_r1+paws,0.3235294117647059,0.6033639143730887,0.6137184115523465,0.5465004793863855,0.7321428571428571,0.5663217309501412,0.875,0.8442776735459663,0.7466996699669967,0.25,0.07072905331882481
mnli+qnli+record+anli_r1+winogrande,0.33088235294117646,0.5712538226299694,0.6028880866425993,0.5426653883029722,0.7678571428571429,0.5691439322671684,0.8723404255319149,0.8330206378986866,0.6798679867986799,0.58,0.3220892274211099
mnli+qnli+record+hellaswag+winogrande,0.3161764705882353,0.5587155963302752,0.5342960288808665,0.5436241610738255,0.5892857142857143,0.5253998118532456,0.8696808510638298,0.8395872420262664,0.6761551155115512,0.63,0.5402611534276387
mnli+qnli+record+imdb+hellaswag,0.3235294117647059,0.5452599388379205,0.5415162454873647,0.6212847555129435,0.5892857142857143,0.5832549388523048,0.901595744680851,0.873358348968105,0.5375412541254125,0.66,0.6006528835690969
mnli+qnli+record+imdb+winogrande,0.3284313725490196,0.5324159021406728,0.5487364620938628,0.5771812080536913,0.625,0.5804327375352775,0.8962765957446809,0.874296435272045,0.5474422442244224,0.63,0.49075081610446136
mnli+qnli+record+paws+hellaswag,0.3161764705882353,0.6608562691131499,0.555956678700361,0.5474592521572388,0.625,0.5376293508936971,0.8776595744680851,0.7861163227016885,0.7355610561056105,0.53,0.30195865070729055
mnli+qnli+record+paws+imdb,0.3284313725490196,0.5899082568807339,0.5595667870036101,0.5743048897411314,0.6607142857142857,0.58137347130762,0.9042553191489362,0.8658536585365854,0.7233910891089109,0.39,0.24211099020674645
mnli+qnli+record+paws+winogrande,0.32107843137254904,0.6477064220183486,0.5487364620938628,0.5158197507190796,0.7142857142857143,0.5380997177798683,0.8829787234042553,0.7842401500938087,0.735973597359736,0.39,0.09085963003264418
mnli+qnli+record+snli+anli_r1,0.3235294117647059,0.5868501529051988,0.5270758122743683,0.5800575263662512,0.8035714285714286,0.6138287864534336,0.8085106382978723,0.6782363977485929,0.6035478547854786,0.31,0.041893362350380846
mnli+qnli+record+snli+hellaswag,0.32107843137254904,0.590519877675841,0.5270758122743683,0.5637583892617449,0.8214285714285714,0.561618062088429,0.7526595744680851,0.3133208255159475,0.6460396039603961,0.52,0.15342763873775844
mnli+qnli+record+snli+imdb,0.3235294117647059,0.5559633027522936,0.5270758122743683,0.6059443911792906,0.7857142857142857,0.5964252116650988,0.8404255319148937,0.8273921200750469,0.6101485148514851,0.44,0.09956474428726877
mnli+qnli+record+snli+paws,0.3161764705882353,0.5932721712538226,0.5270758122743683,0.4534995206136146,0.7857142857142857,0.6025399811853246,0.6888297872340425,0.1726078799249531,0.7182343234323433,0.06,0.011425462459194777
mnli+qnli+record+snli+winogrande,0.32107843137254904,0.590519877675841,0.5270758122743683,0.551294343240652,0.8214285714285714,0.5700846660395108,0.7473404255319149,0.3348968105065666,0.6511963696369637,0.48,0.05603917301414581
mnli+qnli+snli+anli_r1+hellaswag,0.32107843137254904,0.5718654434250765,0.5270758122743683,0.576222435282838,0.7857142857142857,0.6406396989651929,0.7898936170212766,0.6707317073170732,0.591996699669967,0.52,0.3601741022850925
mnli+qnli+snli+anli_r1+imdb,0.3284313725490196,0.4776758409785933,0.5270758122743683,0.613614573346117,0.7857142857142857,0.674035747883349,0.8377659574468085,0.8302063789868668,0.6223184818481848,0.48,0.2801958650707291
mnli+qnli+snli+anli_r1+paws,0.32107843137254904,0.5834862385321101,0.5270758122743683,0.5704697986577181,0.8035714285714286,0.6839134524929446,0.8218085106382979,0.5694183864915572,0.7211221122112211,0.29,0.05223068552774755
mnli+qnli+snli+anli_r1+winogrande,0.3235294117647059,0.55565749235474,0.5270758122743683,0.5627996164908916,0.8392857142857143,0.6547507055503292,0.7872340425531915,0.6866791744840526,0.5979785478547854,0.51,0.21218715995647444
mnli+qnli+snli+hellaswag+winogrande,0.32107843137254904,0.5691131498470948,0.5270758122743683,0.5675934803451582,0.8392857142857143,0.5978363123236125,0.7473404255319149,0.3808630393996248,0.5769389438943895,0.63,0.4738846572361262
mnli+qnli+snli+imdb+hellaswag,0.3235294117647059,0.5070336391437309,0.5270758122743683,0.610738255033557,0.8214285714285714,0.610065851364064,0.8563829787234043,0.8302063789868668,0.5983910891089109,0.65,0.5326441784548422
mnli+qnli+snli+imdb+winogrande,0.32107843137254904,0.5058103975535169,0.5270758122743683,0.588686481303931,0.8214285714285714,0.6279397930385701,0.8404255319148937,0.8217636022514071,0.6093234323432343,0.58,0.3895538628944505
mnli+qnli+snli+paws+hellaswag,0.3161764705882353,0.6003058103975535,0.5270758122743683,0.5081495685522531,0.8035714285714286,0.6274694261523989,0.6675531914893617,0.1801125703564728,0.7246287128712872,0.5,0.15179542981501631
mnli+qnli+snli+paws+imdb,0.31862745098039214,0.5718654434250765,0.5270758122743683,0.5838926174496645,0.8214285714285714,0.6716839134524929,0.8696808510638298,0.8292682926829268,0.70503300330033,0.43,0.13764961915125137
mnli+qnli+snli+paws+winogrande,0.3161764705882353,0.5902140672782875,0.5270758122743683,0.5062320230105465,0.8392857142857143,0.6448730009407337,0.6622340425531915,0.1894934333958724,0.7176155115511551,0.43,0.07018498367791078
mnli+qnli+sst2+anli_r1+hellaswag,0.33578431372549017,0.5636085626911315,0.5956678700361011,0.585810162991371,0.8035714285714286,0.5818438381937912,0.8856382978723404,0.875234521575985,0.5495049504950495,0.64,0.6343852013057671
mnli+qnli+sst2+anli_r1+imdb,0.33578431372549017,0.501223241590214,0.5992779783393501,0.5934803451581975,0.7857142857142857,0.5945437441204139,0.901595744680851,0.8949343339587242,0.5810643564356436,0.56,0.5870511425462459
mnli+qnli+sst2+anli_r1+paws,0.3284313725490196,0.5899082568807339,0.6028880866425993,0.5465004793863855,0.8035714285714286,0.5851364063969896,0.8909574468085106,0.8761726078799249,0.7128712871287128,0.51,0.38900979325353646
mnli+qnli+sst2+anli_r1+winogrande,0.33088235294117646,0.545565749235474,0.5956678700361011,0.573346116970278,0.8035714285714286,0.5832549388523048,0.8936170212765957,0.8761726078799249,0.5565181518151815,0.62,0.5837867247007617
mnli+qnli+sst2+hellaswag+winogrande,0.3284313725490196,0.527217125382263,0.5487364620938628,0.5417066155321189,0.7678571428571429,0.5531514581373471,0.8909574468085106,0.8883677298311444,0.5264026402640264,0.68,0.6458106637649619
mnli+qnli+sst2+imdb+hellaswag,0.32598039215686275,0.5116207951070336,0.5306859205776173,0.6126558005752637,0.7321428571428571,0.5851364063969896,0.9148936170212766,0.9099437148217636,0.5567244224422442,0.67,0.6501632208922742
mnli+qnli+sst2+imdb+winogrande,0.33088235294117646,0.4889908256880734,0.5379061371841155,0.5963566634707574,0.7857142857142857,0.5865475070555033,0.9175531914893617,0.9071294559099438,0.5637376237623762,0.66,0.6294885745375408
mnli+qnli+sst2+paws+hellaswag,0.32598039215686275,0.6061162079510704,0.555956678700361,0.5445829338446788,0.7142857142857143,0.5634995296331138,0.8882978723404256,0.8911819887429644,0.7283415841584159,0.65,0.544613710554951
mnli+qnli+sst2+paws+imdb,0.33578431372549017,0.5740061162079511,0.5415162454873647,0.5810162991371045,0.7678571428571429,0.587958607714017,0.9148936170212766,0.9052532833020638,0.6654290429042904,0.57,0.5092491838955386
mnli+qnli+sst2+paws+winogrande,0.3284313725490196,0.5886850152905199,0.5379061371841155,0.5369127516778524,0.8035714285714286,0.5555032925682032,0.8936170212765957,0.8846153846153846,0.726897689768977,0.55,0.39336235038084877
mnli+qnli+sst2+record+anli_r1,0.34068627450980393,0.5681957186544343,0.6064981949458483,0.5771812080536913,0.75,0.5860771401693321,0.8962765957446809,0.8780487804878049,0.5736386138613861,0.52,0.37268770402611534
mnli+qnli+sst2+record+hellaswag,0.32598039215686275,0.5709480122324159,0.5667870036101083,0.5551294343240653,0.625,0.570555032925682,0.901595744680851,0.8968105065666041,0.554042904290429,0.66,0.5522306855277476
mnli+qnli+sst2+record+imdb,0.3382352941176471,0.5388379204892967,0.5703971119133574,0.5934803451581975,0.625,0.5898400752587017,0.9148936170212766,0.9090056285178236,0.5757013201320133,0.62,0.47116430903155604
mnli+qnli+sst2+record+paws,0.3284313725490196,0.5975535168195719,0.5631768953068592,0.5263662511984659,0.6428571428571429,0.5710253998118533,0.898936170212766,0.8874296435272045,0.7301980198019802,0.41,0.1708378672470076
mnli+qnli+sst2+record+snli,0.3235294117647059,0.563914373088685,0.5270758122743683,0.5714285714285714,0.7857142857142857,0.6048918156161807,0.8271276595744681,0.8255159474671669,0.6216996699669967,0.47,0.08052230685527748
mnli+qnli+sst2+record+winogrande,0.34068627450980393,0.5522935779816514,0.5631768953068592,0.5302013422818792,0.6428571428571429,0.5644402634054563,0.901595744680851,0.8855534709193246,0.5748762376237624,0.6,0.45212187159956474
mnli+qnli+sst2+snli+anli_r1,0.32598039215686275,0.490519877675841,0.5270758122743683,0.5819750719079578,0.8214285714285714,0.6999059266227657,0.8351063829787234,0.8198874296435272,0.6264438943894389,0.43,0.22306855277475518
mnli+qnli+sst2+snli+hellaswag,0.32598039215686275,0.5192660550458715,0.5270758122743683,0.5982742090124641,0.8035714285714286,0.6373471307619943,0.8271276595744681,0.8236397748592871,0.6072607260726073,0.6,0.47878128400435255
mnli+qnli+sst2+snli+imdb,0.3284313725490196,0.39571865443425075,0.5270758122743683,0.6126558005752637,0.8214285714285714,0.6712135465663217,0.8457446808510638,0.8564727954971857,0.6219059405940595,0.57,0.397714907508161
mnli+qnli+sst2+snli+paws,0.32107843137254904,0.5785932721712538,0.5270758122743683,0.573346116970278,0.8035714285714286,0.6989651928504234,0.8271276595744681,0.8198874296435272,0.7077145214521452,0.44,0.09684439608269858
mnli+qnli+sst2+snli+winogrande,0.32598039215686275,0.5290519877675841,0.5270758122743683,0.5599232981783318,0.8214285714285714,0.6561618062088429,0.8271276595744681,0.8180112570356473,0.6113861386138614,0.57,0.3220892274211099
mnli+qqp+anli_r1+hellaswag+winogrande,0.3161764705882353,0.4782874617737003,0.7942238267148014,0.5695110258868649,0.8035714285714286,0.8617121354656632,0.8111702127659575,0.8020637898686679,0.6054042904290429,0.63,0.5065288356909684
mnli+qqp+anli_r1+imdb+hellaswag,0.3161764705882353,0.43149847094801225,0.7978339350180506,0.6289549376797698,0.7678571428571429,0.8584195672624647,0.8617021276595744,0.8592870544090057,0.6138613861386139,0.59,0.5380848748639826
mnli+qqp+anli_r1+imdb+winogrande,0.3161764705882353,0.41467889908256883,0.7942238267148014,0.6222435282837967,0.7678571428571429,0.8560677328316086,0.8670212765957447,0.8527204502814258,0.6212871287128713,0.54,0.39499455930359084
mnli+qqp+anli_r1+paws+hellaswag,0.3161764705882353,0.5180428134556575,0.8231046931407943,0.5637583892617449,0.7678571428571429,0.8626528692380057,0.824468085106383,0.8030018761726079,0.6534653465346535,0.45,0.23884657236126225
mnli+qqp+anli_r1+paws+imdb,0.3161764705882353,0.4877675840978593,0.8158844765342961,0.6059443911792906,0.7678571428571429,0.8513640639698965,0.8643617021276596,0.849906191369606,0.6377887788778878,0.39,0.1882480957562568
mnli+qqp+anli_r1+paws+winogrande,0.3161764705882353,0.5137614678899083,0.8122743682310469,0.5349952061361457,0.8214285714285714,0.8555973659454374,0.824468085106383,0.8048780487804879,0.647483498349835,0.41,0.13764961915125137
mnli+qqp+imdb+hellaswag+winogrande,0.3161764705882353,0.43027522935779816,0.7111913357400722,0.6375838926174496,0.6071428571428571,0.7347130761994356,0.875,0.8677298311444653,0.6124174917491749,0.65,0.6011969532100109
mnli+qqp+paws+hellaswag+winogrande,0.3161764705882353,0.518960244648318,0.703971119133574,0.5426653883029722,0.6071428571428571,0.7817497648165569,0.8537234042553191,0.8227016885553471,0.6520214521452146,0.56,0.2954298150163221
mnli+qqp+paws+imdb+hellaswag,0.3161764705882353,0.5079510703363914,0.6931407942238267,0.6404602109300096,0.5714285714285714,0.7173095014111006,0.8856382978723404,0.8696060037523452,0.6268564356435643,0.52,0.3307943416757345
mnli+qqp+paws+imdb+winogrande,0.3161764705882353,0.4938837920489297,0.7184115523465704,0.6116970278044104,0.5892857142857143,0.6881467544684854,0.875,0.8639774859287055,0.6272689768976898,0.48,0.23884657236126225
mnli+qqp+record+anli_r1+hellaswag,0.3161764705882353,0.5036697247706422,0.7906137184115524,0.6021093000958773,0.75,0.8631232361241769,0.8271276595744681,0.8170731707317073,0.6117986798679867,0.47,0.3764961915125136
mnli+qqp+record+anli_r1+imdb,0.3161764705882353,0.46452599388379207,0.7978339350180506,0.6375838926174496,0.6964285714285714,0.8555973659454374,0.875,0.8677298311444653,0.6262376237623762,0.39,0.2986942328618063
mnli+qqp+record+anli_r1+paws,0.3161764705882353,0.5146788990825688,0.8158844765342961,0.5474592521572388,0.7321428571428571,0.8598306679209784,0.8404255319148937,0.8208255159474672,0.654496699669967,0.07,0.06147986942328618
mnli+qqp+record+anli_r1+winogrande,0.3161764705882353,0.5039755351681957,0.7906137184115524,0.5417066155321189,0.7857142857142857,0.8588899341486359,0.8324468085106383,0.8170731707317073,0.6167491749174917,0.42,0.2442872687704026
mnli+qqp+record+hellaswag+winogrande,0.3161764705882353,0.4972477064220184,0.7220216606498195,0.5637583892617449,0.6071428571428571,0.8518344308560677,0.8404255319148937,0.8198874296435272,0.6000412541254125,0.61,0.43471164309031557
mnli+qqp+record+imdb+hellaswag,0.3161764705882353,0.47706422018348627,0.7075812274368231,0.6414189837008629,0.5178571428571429,0.8203198494825964,0.8856382978723404,0.874296435272045,0.6150990099009901,0.55,0.46517954298150166
mnli+qqp+record+imdb+winogrande,0.3161764705882353,0.4565749235474006,0.7184115523465704,0.6021093000958773,0.5357142857142857,0.8203198494825964,0.8829787234042553,0.873358348968105,0.6142739273927392,0.49,0.3715995647442873
mnli+qqp+record+paws+hellaswag,0.3161764705882353,0.5327217125382263,0.6967509025270758,0.5714285714285714,0.5892857142857143,0.8316086547507056,0.8563829787234043,0.8311444652908068,0.6623349834983498,0.26,0.20239390642002175
mnli+qqp+record+paws+imdb,0.3161764705882353,0.501834862385321,0.6895306859205776,0.5953978906999041,0.5,0.8005644402634055,0.8936170212765957,0.8714821763602252,0.6404702970297029,0.17,0.14635473340587596
mnli+qqp+record+paws+winogrande,0.3161764705882353,0.5094801223241591,0.7184115523465704,0.5321188878235859,0.5892857142857143,0.8353715898400753,0.8537234042553191,0.8227016885553471,0.6577970297029703,0.14,0.08922742110990206
mnli+qqp+record+snli+anli_r1,0.3161764705882353,0.45137614678899085,0.5487364620938628,0.6030680728667306,0.8214285714285714,0.8273753527751646,0.7606382978723404,0.7392120075046904,0.6501650165016502,0.3,0.10500544069640914
mnli+qqp+record+snli+hellaswag,0.3161764705882353,0.4923547400611621,0.6064981949458483,0.5915627996164909,0.8035714285714286,0.8372530573847601,0.7313829787234043,0.5712945590994372,0.6460396039603961,0.51,0.2981501632208923
mnli+qqp+record+snli+imdb,0.3161764705882353,0.39235474006116206,0.6101083032490975,0.62320230105465,0.8392857142857143,0.8174976481655691,0.8138297872340425,0.8180112570356473,0.6454207920792079,0.5,0.2029379760609358
mnli+qqp+record+snli+paws,0.3161764705882353,0.4960244648318043,0.6425992779783394,0.5723873441994247,0.8214285714285714,0.8301975540921919,0.7632978723404256,0.4427767354596623,0.6590346534653465,0.31,0.028291621327529923
mnli+qqp+record+snli+winogrande,0.3161764705882353,0.4669724770642202,0.6245487364620939,0.5848513902205177,0.8571428571428571,0.8330197554092192,0.7340425531914894,0.5769230769230769,0.647483498349835,0.5,0.14961915125136016
mnli+qqp+snli+anli_r1+hellaswag,0.3161764705882353,0.41743119266055045,0.5667870036101083,0.6030680728667306,0.8214285714285714,0.8212605832549389,0.7712765957446809,0.7392120075046904,0.6526402640264026,0.22,0.3900979325353645
mnli+qqp+snli+anli_r1+imdb,0.3161764705882353,0.2837920489296636,0.5740072202166066,0.6327900287631831,0.8392857142857143,0.825964252116651,0.8191489361702128,0.8180112570356473,0.6373762376237624,0.16,0.31392818280739937
mnli+qqp+snli+anli_r1+paws,0.3161764705882353,0.4886850152905199,0.5740072202166066,0.5906040268456376,0.8214285714285714,0.8245531514581373,0.7952127659574468,0.7298311444652908,0.6557343234323433,0.11,0.09031556039173014
mnli+qqp+snli+anli_r1+winogrande,0.3161764705882353,0.4073394495412844,0.5740072202166066,0.5771812080536913,0.8571428571428571,0.8160865475070554,0.7287234042553191,0.7204502814258912,0.6497524752475248,0.16,0.2840043525571273
mnli+qqp+snli+hellaswag+winogrande,0.3161764705882353,0.4418960244648318,0.631768953068592,0.5896452540747843,0.8571428571428571,0.8325493885230479,0.7367021276595744,0.6013133208255159,0.6456270627062707,0.57,0.5114254624591947
mnli+qqp+snli+imdb+hellaswag,0.3161764705882353,0.3318042813455658,0.6389891696750902,0.6366251198465963,0.8392857142857143,0.8198494825964252,0.8218085106382979,0.8255159474671669,0.6326320132013201,0.52,0.5315560391730142
mnli+qqp+snli+imdb+winogrande,0.3161764705882353,0.3412844036697248,0.631768953068592,0.6145733461169702,0.8928571428571429,0.8226716839134525,0.8111702127659575,0.8180112570356473,0.6342821782178217,0.52,0.4309031556039173
mnli+qqp+snli+paws+hellaswag,0.3161764705882353,0.5033639143730887,0.631768953068592,0.5934803451581975,0.8035714285714286,0.8325493885230479,0.7313829787234043,0.4718574108818011,0.6569719471947195,0.45,0.24537540805223068
mnli+qqp+snli+paws+imdb,0.3161764705882353,0.4776758409785933,0.6173285198555957,0.6155321188878236,0.8392857142857143,0.819379115710254,0.8324468085106383,0.8217636022514071,0.6507838283828383,0.34,0.18607181719260066
mnli+qqp+snli+paws+winogrande,0.3161764705882353,0.4896024464831804,0.6245487364620939,0.5647171620325983,0.875,0.8297271872060207,0.7393617021276596,0.45590994371482174,0.6557343234323433,0.36,0.13329706202393907
mnli+qqp+sst2+anli_r1+hellaswag,0.3161764705882353,0.44770642201834865,0.7942238267148014,0.613614573346117,0.75,0.8546566321730951,0.8829787234042553,0.8705440900562852,0.6183993399339934,0.59,0.5163220892274211
mnli+qqp+sst2+anli_r1+imdb,0.31862745098039214,0.3348623853211009,0.7870036101083032,0.6327900287631831,0.6785714285714286,0.834901222953904,0.8962765957446809,0.8930581613508443,0.6117986798679867,0.55,0.3944504896626768
mnli+qqp+sst2+anli_r1+paws,0.3161764705882353,0.501223241590214,0.8231046931407943,0.573346116970278,0.7321428571428571,0.8466603951081844,0.875,0.8649155722326454,0.6388201320132013,0.44,0.16158868335146898
mnli+qqp+sst2+anli_r1+winogrande,0.3161764705882353,0.4379204892966361,0.8014440433212996,0.5867689357622243,0.7321428571428571,0.8518344308560677,0.8829787234042553,0.8714821763602252,0.6241749174917491,0.55,0.3590859630032644
mnli+qqp+sst2+hellaswag+winogrande,0.3161764705882353,0.4504587155963303,0.740072202166065,0.5982742090124641,0.6071428571428571,0.7873941674506115,0.8776595744680851,0.8883677298311444,0.6128300330033003,0.66,0.5614798694232862
mnli+qqp+sst2+imdb+hellaswag,0.3161764705882353,0.3785932721712538,0.7184115523465704,0.6347075743048898,0.5,0.6980244590780809,0.9122340425531915,0.9080675422138836,0.599009900990099,0.63,0.5816104461371056
mnli+qqp+sst2+imdb+winogrande,0.3161764705882353,0.37217125382262994,0.7292418772563177,0.6241610738255033,0.5535714285714286,0.665098777046096,0.9069148936170213,0.9061913696060038,0.6122112211221122,0.59,0.47551686615886835
mnli+qqp+sst2+paws+hellaswag,0.3161764705882353,0.5113149847094801,0.6967509025270758,0.5953978906999041,0.5892857142857143,0.7657572906867357,0.8829787234042553,0.8761726078799249,0.6320132013201321,0.51,0.2986942328618063
mnli+qqp+sst2+paws+imdb,0.3161764705882353,0.4831804281345566,0.6859205776173285,0.62320230105465,0.5357142857142857,0.6618062088428974,0.9069148936170213,0.9080675422138836,0.6365511551155115,0.46,0.23939064200217627
mnli+qqp+sst2+paws+winogrande,0.3161764705882353,0.5021406727828747,0.7220216606498195,0.573346116970278,0.5892857142857143,0.6904985888993415,0.8776595744680851,0.8714821763602252,0.6332508250825083,0.5,0.21381936887921654
mnli+qqp+sst2+record+anli_r1,0.3161764705882353,0.472782874617737,0.8014440433212996,0.613614573346117,0.6785714285714286,0.8504233301975541,0.8776595744680851,0.875234521575985,0.628506600660066,0.41,0.2470076169749728
mnli+qqp+sst2+record+hellaswag,0.3161764705882353,0.4886850152905199,0.7184115523465704,0.6001917545541706,0.4642857142857143,0.8104421448730009,0.8962765957446809,0.8930581613508443,0.6202557755775577,0.61,0.4243743199129489
mnli+qqp+sst2+record+imdb,0.3161764705882353,0.4055045871559633,0.6967509025270758,0.6375838926174496,0.48214285714285715,0.7714016933207902,0.9148936170212766,0.9099437148217636,0.6241749174917491,0.47,0.34330794341675736
mnli+qqp+sst2+record+paws,0.3161764705882353,0.5122324159021406,0.7003610108303249,0.5714285714285714,0.5,0.7935089369708372,0.8882978723404256,0.8864915572232646,0.6363448844884488,0.18,0.10010881392818281
mnli+qqp+sst2+record+snli,0.3161764705882353,0.40061162079510704,0.6245487364620939,0.5963566634707574,0.8392857142857143,0.8174976481655691,0.8085106382978723,0.8076923076923077,0.6514026402640264,0.52,0.15614798694232862
mnli+qqp+sst2+record+winogrande,0.3161764705882353,0.482262996941896,0.7220216606498195,0.5829338446788112,0.5,0.8198494825964252,0.8909574468085106,0.8902439024390244,0.6221122112211221,0.51,0.3193688792165397
mnli+qqp+sst2+snli+anli_r1,0.3161764705882353,0.3070336391437309,0.5631768953068592,0.6030680728667306,0.875,0.8297271872060207,0.8085106382978723,0.8142589118198874,0.6433580858085809,0.11,0.24374319912948858
mnli+qqp+sst2+snli+hellaswag,0.3161764705882353,0.34648318042813453,0.6462093862815884,0.6069031639501438,0.8571428571428571,0.8203198494825964,0.7952127659574468,0.8058161350844277,0.6485148514851485,0.49,0.4967355821545158
mnli+qqp+sst2+snli+imdb,0.3161764705882353,0.19663608562691132,0.6425992779783394,0.6059443911792906,0.875,0.8165569143932268,0.8457446808510638,0.8555347091932458,0.5994224422442245,0.39,0.41240478781284007
mnli+qqp+sst2+snli+paws,0.3161764705882353,0.4840978593272171,0.6534296028880866,0.5675934803451582,0.875,0.8179680150517403,0.8164893617021277,0.8161350844277674,0.6503712871287128,0.28,0.12785636561479868
mnli+qqp+sst2+snli+winogrande,0.3161764705882353,0.3547400611620795,0.628158844765343,0.5819750719079578,0.8571428571428571,0.823612417685795,0.8085106382978723,0.8067542213883677,0.6417079207920792,0.43,0.39227421109902066
mnli+record+anli_r1+hellaswag+winogrande,0.4681372549019608,0.600611620795107,0.5415162454873647,0.5944391179290508,0.8214285714285714,0.8189087488240828,0.8404255319148937,0.8236397748592871,0.658003300330033,0.67,0.6300326441784548
mnli+record+anli_r1+imdb+hellaswag,0.5196078431372549,0.5782874617737003,0.555956678700361,0.6500479386385427,0.7857142857142857,0.8283160865475071,0.8962765957446809,0.8724202626641651,0.5288778877887789,0.64,0.6327529923830251
mnli+record+anli_r1+imdb+winogrande,0.5612745098039216,0.5700305810397553,0.5523465703971119,0.6164908916586769,0.7678571428571429,0.825964252116651,0.8829787234042553,0.8696060037523452,0.5387788778877888,0.61,0.55930359085963
mnli+record+anli_r1+paws+hellaswag,0.4338235294117647,0.6333333333333333,0.5631768953068592,0.5953978906999041,0.7678571428571429,0.8287864534336783,0.8537234042553191,0.8198874296435272,0.7357673267326733,0.5,0.2997823721436344
mnli+record+anli_r1+paws+imdb,0.5490196078431373,0.5957186544342508,0.5415162454873647,0.6145733461169702,0.7678571428571429,0.8273753527751646,0.8962765957446809,0.875234521575985,0.6957508250825083,0.3,0.23993471164309033
mnli+record+anli_r1+paws+winogrande,0.5024509803921569,0.6149847094801223,0.555956678700361,0.5465004793863855,0.8392857142857143,0.8254938852304797,0.848404255319149,0.8198874296435272,0.7316419141914191,0.41,0.14091403699673558
mnli+record+imdb+hellaswag+winogrande,0.6004901960784313,0.5504587155963303,0.5342960288808665,0.6251198465963567,0.6428571428571429,0.8320790216368767,0.901595744680851,0.8771106941838649,0.5171204620462047,0.72,0.6735582154515778
mnli+record+paws+hellaswag+winogrande,0.5563725490196079,0.6685015290519878,0.5379061371841155,0.5407478427612655,0.75,0.8330197554092192,0.8297872340425532,0.799249530956848,0.7256600660066007,0.45,0.21273122959738847
mnli+record+paws+imdb+hellaswag,0.6127450980392157,0.6165137614678899,0.5342960288808665,0.6184084372003835,0.7321428571428571,0.8363123236124177,0.898936170212766,0.8771106941838649,0.7110148514851485,0.61,0.46082698585418935
mnli+record+paws+imdb+winogrande,0.5955882352941176,0.6097859327217126,0.5342960288808665,0.5714285714285714,0.7321428571428571,0.8278457196613358,0.8882978723404256,0.873358348968105,0.7083333333333334,0.53,0.28618063112078346
mnli+record+snli+anli_r1+hellaswag,0.3700980392156863,0.600611620795107,0.5270758122743683,0.6069031639501438,0.8214285714285714,0.8057384760112888,0.7446808510638298,0.5093808630393997,0.5775577557755776,0.51,0.12459194776931447
mnli+record+snli+anli_r1+imdb,0.3627450980392157,0.5443425076452599,0.5270758122743683,0.62320230105465,0.8392857142857143,0.8019755409219191,0.8085106382978723,0.8133208255159474,0.6047854785478548,0.41,0.0897714907508161
mnli+record+snli+anli_r1+paws,0.3480392156862745,0.6,0.5270758122743683,0.5455417066155321,0.8035714285714286,0.8043273753527752,0.7313829787234043,0.3339587242026266,0.7052392739273927,0.04,0.00544069640914037
mnli+record+snli+anli_r1+winogrande,0.36519607843137253,0.599388379204893,0.5270758122743683,0.5819750719079578,0.875,0.8066792097836313,0.7446808510638298,0.5328330206378987,0.5839521452145214,0.45,0.04026115342763874
mnli+record+snli+hellaswag+winogrande,0.35294117647058826,0.6048929663608563,0.5270758122743683,0.4276126558005753,0.8928571428571429,0.808560677328316,0.5771276595744681,0.15196998123827393,0.6476897689768977,0.61,0.15614798694232862
mnli+record+snli+imdb+hellaswag,0.37745098039215685,0.5648318042813456,0.5270758122743683,0.6529242569511026,0.8571428571428571,0.8043273753527752,0.8111702127659575,0.8058161350844277,0.5785891089108911,0.59,0.24211099020674645
mnli+record+snli+imdb+winogrande,0.4068627450980392,0.5648318042813456,0.5270758122743683,0.5915627996164909,0.8928571428571429,0.80620884289746,0.8218085106382979,0.8142589118198874,0.5851897689768977,0.52,0.10990206746463548
mnli+record+snli+paws+hellaswag,0.34558823529411764,0.6103975535168196,0.5270758122743683,0.26462128475551294,0.8214285714285714,0.8057384760112888,0.47606382978723405,0.0525328330206379,0.7126650165016502,0.27,0.017954298150163223
mnli+record+snli+paws+imdb,0.39215686274509803,0.590519877675841,0.5270758122743683,0.5992329817833174,0.8571428571428571,0.8043273753527752,0.8377659574468085,0.8030018761726079,0.6938943894389439,0.13,0.013601741022850925
mnli+record+snli+paws+winogrande,0.375,0.6021406727828746,0.5270758122743683,0.2473633748801534,0.8928571428571429,0.8071495766698025,0.4574468085106383,0.054409005628517824,0.7083333333333334,0.13,0.004352557127312296
mnli+snli+anli_r1+hellaswag+winogrande,0.37254901960784315,0.5770642201834862,0.5270758122743683,0.5896452540747843,0.875,0.8033866415804327,0.7446808510638298,0.5590994371482176,0.5670379537953796,0.65,0.4510337323177367
mnli+snli+anli_r1+imdb+hellaswag,0.3700980392156863,0.5024464831804282,0.5270758122743683,0.6481303930968361,0.8035714285714286,0.7996237064910631,0.8297872340425532,0.8086303939962477,0.5930280528052805,0.61,0.4956474428726877
mnli+snli+anli_r1+imdb+winogrande,0.3627450980392157,0.48807339449541287,0.5270758122743683,0.6030680728667306,0.8392857142857143,0.7977422389463782,0.8324468085106383,0.8189493433395872,0.5942656765676567,0.58,0.3634385201305767
mnli+snli+anli_r1+paws+hellaswag,0.35294117647058826,0.6067278287461774,0.5270758122743683,0.5675934803451582,0.8035714285714286,0.80620884289746,0.7340425531914894,0.3949343339587242,0.7167904290429042,0.48,0.12731229597388466
mnli+snli+anli_r1+paws+imdb,0.3553921568627451,0.5767584097859327,0.5270758122743683,0.6490891658676894,0.8214285714285714,0.8010348071495766,0.8297872340425532,0.8198874296435272,0.6751237623762376,0.41,0.10663764961915125
mnli+snli+anli_r1+paws+winogrande,0.3602941176470588,0.5914373088685015,0.5270758122743683,0.5541706615532119,0.8571428571428571,0.8047977422389464,0.7127659574468085,0.39399624765478425,0.7087458745874587,0.43,0.056583242655059846
mnli+snli+imdb+hellaswag+winogrande,0.34558823529411764,0.5253822629969419,0.5270758122743683,0.5982742090124641,0.8928571428571429,0.808560677328316,0.824468085106383,0.8067542213883677,0.5785891089108911,0.66,0.5903155603917302
mnli+snli+paws+hellaswag+winogrande,0.35049019607843135,0.6051987767584098,0.5270758122743683,0.3211888782358581,0.8571428571428571,0.8057384760112888,0.45478723404255317,0.06848030018761726,0.7114273927392739,0.6,0.16430903155603918
mnli+snli+paws+imdb+hellaswag,0.3382352941176471,0.5908256880733945,0.5270758122743683,0.62607861936721,0.8571428571428571,0.8071495766698025,0.824468085106383,0.7945590994371482,0.6934818481848185,0.57,0.24047878128400435
mnli+snli+paws+imdb+winogrande,0.36519607843137253,0.5807339449541284,0.5270758122743683,0.5819750719079578,0.8928571428571429,0.8076199435559737,0.8324468085106383,0.7889305816135085,0.6895627062706271,0.51,0.1267682263329706
mnli+sst2+anli_r1+hellaswag+winogrande,0.5367647058823529,0.5596330275229358,0.5379061371841155,0.5608820709491851,0.8214285714285714,0.8207902163687676,0.875,0.8705440900562852,0.5198019801980198,0.68,0.6926006528835691
mnli+sst2+anli_r1+imdb+hellaswag,0.5049019607843137,0.5308868501529052,0.5523465703971119,0.6337488015340365,0.7678571428571429,0.8212605832549389,0.9069148936170213,0.8986866791744841,0.5453795379537953,0.68,0.6828073993471164
mnli+sst2+anli_r1+imdb+winogrande,0.5269607843137255,0.5119266055045871,0.5379061371841155,0.62320230105465,0.75,0.8226716839134525,0.9095744680851063,0.8968105065666041,0.5523927392739274,0.63,0.6414581066376496
mnli+sst2+anli_r1+paws+hellaswag,0.49264705882352944,0.6058103975535168,0.5379061371841155,0.5599232981783318,0.8214285714285714,0.825964252116651,0.8776595744680851,0.8705440900562852,0.6831683168316832,0.63,0.5631120783460283
mnli+sst2+anli_r1+paws+imdb,0.5171568627450981,0.5770642201834862,0.555956678700361,0.610738255033557,0.7857142857142857,0.8226716839134525,0.901595744680851,0.8949343339587242,0.6264438943894389,0.55,0.5065288356909684
mnli+sst2+anli_r1+paws+winogrande,0.5416666666666666,0.5963302752293578,0.555956678700361,0.5417066155321189,0.8035714285714286,0.8245531514581373,0.8882978723404256,0.8677298311444653,0.6870874587458746,0.59,0.41512513601741025
mnli+sst2+imdb+hellaswag+winogrande,0.5784313725490197,0.5110091743119266,0.5415162454873647,0.62607861936721,0.6607142857142857,0.7958607714016933,0.9202127659574468,0.9080675422138836,0.5325907590759076,0.7,0.6849836779107725
mnli+sst2+paws+hellaswag+winogrande,0.5612745098039216,0.5929663608562691,0.5451263537906137,0.538830297219559,0.7321428571428571,0.8264346190028222,0.8909574468085106,0.8836772983114447,0.7136963696369637,0.62,0.5685527747551686
mnli+sst2+paws+imdb+hellaswag,0.571078431372549,0.5896024464831804,0.5415162454873647,0.6126558005752637,0.7321428571428571,0.7939793038570084,0.9122340425531915,0.9099437148217636,0.6448019801980198,0.65,0.6327529923830251
mnli+sst2+paws+imdb+winogrande,0.5857843137254902,0.5788990825688073,0.5451263537906137,0.5838926174496645,0.6964285714285714,0.7605832549388523,0.9148936170212766,0.9061913696060038,0.6483085808580858,0.62,0.544069640914037
mnli+sst2+record+anli_r1+hellaswag,0.6102941176470589,0.5920489296636086,0.5595667870036101,0.5848513902205177,0.75,0.823612417685795,0.8829787234042553,0.8799249530956847,0.5340346534653465,0.67,0.5750816104461371
mnli+sst2+record+anli_r1+imdb,0.6078431372549019,0.5532110091743119,0.5703971119133574,0.62607861936721,0.6964285714285714,0.8203198494825964,0.9148936170212766,0.9015009380863039,0.5693069306930693,0.58,0.4396082698585419
mnli+sst2+record+anli_r1+paws,0.5955882352941176,0.6033639143730887,0.555956678700361,0.548418024928092,0.7678571428571429,0.8231420507996237,0.8909574468085106,0.8696060037523452,0.7085396039603961,0.31,0.15941240478781285
mnli+sst2+record+anli_r1+winogrande,0.6053921568627451,0.5804281345565749,0.5703971119133574,0.548418024928092,0.7321428571428571,0.8198494825964252,0.8882978723404256,0.8705440900562852,0.5389851485148515,0.61,0.501088139281828
mnli+sst2+record+hellaswag+winogrande,0.625,0.5792048929663609,0.5306859205776173,0.5541706615532119,0.6428571428571429,0.8269049858889934,0.901595744680851,0.8939962476547842,0.5554867986798679,0.71,0.6610446137105549
mnli+sst2+record+imdb+hellaswag,0.6225490196078431,0.553822629969419,0.5415162454873647,0.638542665388303,0.5714285714285714,0.8174976481655691,0.9202127659574468,0.9146341463414634,0.5468234323432343,0.71,0.6577801958650707
mnli+sst2+record+imdb+winogrande,0.6274509803921569,0.5446483180428134,0.5342960288808665,0.6040268456375839,0.5535714285714286,0.8113828786453434,0.9202127659574468,0.9108818011257036,0.5523927392739274,0.67,0.6164309031556039
mnli+sst2+record+paws+hellaswag,0.625,0.6281345565749236,0.5342960288808665,0.5503355704697986,0.6964285714285714,0.8330197554092192,0.901595744680851,0.8949343339587242,0.7143151815181518,0.59,0.36887921653971706
mnli+sst2+record+paws+imdb,0.6151960784313726,0.5883792048929664,0.5342960288808665,0.5925215723873442,0.5535714285714286,0.8137347130761995,0.9202127659574468,0.9099437148217636,0.6625412541254125,0.47,0.3454842219804135
mnli+sst2+record+paws+winogrande,0.6127450980392157,0.6244648318042814,0.5379061371841155,0.5397890699904123,0.6785714285714286,0.8231420507996237,0.898936170212766,0.8893058161350844,0.7093646864686468,0.47,0.2252448313384113
mnli+sst2+record+snli+anli_r1,0.39705882352941174,0.5519877675840978,0.5270758122743683,0.6059443911792906,0.8928571428571429,0.8024459078080903,0.8191489361702128,0.8086303939962477,0.6115924092409241,0.45,0.06855277475516866
mnli+sst2+record+snli+hellaswag,0.42401960784313725,0.5785932721712538,0.5270758122743683,0.6116970278044104,0.875,0.8104421448730009,0.8085106382978723,0.798311444652908,0.5868399339933993,0.61,0.18335146898803048
mnli+sst2+record+snli+imdb,0.45588235294117646,0.47889908256880737,0.5270758122743683,0.6251198465963567,0.875,0.8080903104421449,0.8457446808510638,0.8442776735459663,0.6167491749174917,0.53,0.13547334058759522
mnli+sst2+record+snli+paws,0.4485294117647059,0.6024464831804281,0.5270758122743683,0.5685522531160115,0.8928571428571429,0.8118532455315146,0.8085106382978723,0.7851782363977486,0.6969884488448845,0.18,0.011425462459194777
mnli+sst2+record+snli+winogrande,0.45588235294117646,0.5743119266055046,0.5270758122743683,0.5838926174496645,0.8571428571428571,0.8095014111006585,0.800531914893617,0.7945590994371482,0.5944719471947195,0.51,0.088139281828074
mnli+sst2+snli+anli_r1+hellaswag,0.36519607843137253,0.5122324159021406,0.5270758122743683,0.6049856184084372,0.8392857142857143,0.8047977422389464,0.800531914893617,0.801125703564728,0.6058168316831684,0.6,0.43471164309031557
mnli+sst2+snli+anli_r1+imdb,0.38235294117647056,0.3498470948012232,0.5270758122743683,0.6203259827420902,0.875,0.8033866415804327,0.8457446808510638,0.8433395872420263,0.6113861386138614,0.53,0.3416757344940152
mnli+sst2+snli+anli_r1+paws,0.35294117647058826,0.5896024464831804,0.5270758122743683,0.5829338446788112,0.8571428571428571,0.8057384760112888,0.8164893617021277,0.8105065666041276,0.6877062706270627,0.38,0.07997823721436344
mnli+sst2+snli+anli_r1+winogrande,0.3602941176470588,0.5110091743119266,0.5270758122743683,0.5781399808245445,0.8928571428571429,0.8024459078080903,0.8031914893617021,0.799249530956848,0.602516501650165,0.56,0.27584330794341677
mnli+sst2+snli+hellaswag+winogrande,0.39950980392156865,0.5290519877675841,0.5270758122743683,0.5867689357622243,0.875,0.8142050799623707,0.7819148936170213,0.7833020637898687,0.579414191419142,0.67,0.5369967355821545
mnli+sst2+snli+imdb+hellaswag,0.3627450980392157,0.41681957186544344,0.5270758122743683,0.6279961649089166,0.8571428571428571,0.8113828786453434,0.8457446808510638,0.8442776735459663,0.5957095709570958,0.64,0.5603917301414582
mnli+sst2+snli+imdb+winogrande,0.39705882352941174,0.42232415902140674,0.5270758122743683,0.6069031639501438,0.8571428571428571,0.8099717779868297,0.8457446808510638,0.8461538461538461,0.601897689768977,0.62,0.4575625680087051
mnli+sst2+snli+paws+hellaswag,0.3602941176470588,0.6027522935779817,0.5270758122743683,0.5848513902205177,0.8571428571428571,0.8137347130761995,0.800531914893617,0.7851782363977486,0.6984323432343235,0.56,0.19368879216539717
mnli+sst2+snli+paws+imdb,0.35294117647058826,0.5694189602446483,0.5306859205776173,0.6030680728667306,0.8928571428571429,0.8095014111006585,0.8563829787234043,0.8452157598499062,0.639026402640264,0.51,0.16811751904243744
mnli+sst2+snli+paws+winogrande,0.3946078431372549,0.5899082568807339,0.5270758122743683,0.5656759348034516,0.8928571428571429,0.8137347130761995,0.8031914893617021,0.7870544090056285,0.6916254125412541,0.5,0.0984766050054407
qnli+anli_r1+imdb+hellaswag+winogrande,0.3161764705882353,0.44097859327217126,0.6895306859205776,0.5992329817833174,0.4107142857142857,0.5512699905926622,0.9095744680851063,0.8921200750469043,0.539397689768977,0.71,0.6828073993471164
qnli+anli_r1+paws+hellaswag+winogrande,0.3161764705882353,0.6321100917431193,0.7509025270758123,0.5206136145733461,0.42857142857142855,0.49576669802445905,0.901595744680851,0.8395872420262664,0.7299917491749175,0.56,0.5021762785636561
qnli+anli_r1+paws+imdb+hellaswag,0.3161764705882353,0.5504587155963303,0.7436823104693141,0.5896452540747843,0.4107142857142857,0.5465663217309501,0.901595744680851,0.8874296435272045,0.6905940594059405,0.67,0.6436343852013058
qnli+anli_r1+paws+imdb+winogrande,0.31862745098039214,0.5470948012232416,0.7364620938628159,0.5465004793863855,0.4107142857142857,0.5526810912511759,0.9069148936170213,0.8836772983114447,0.6992574257425742,0.59,0.5310119695321001
qnli+paws+imdb+hellaswag+winogrande,0.3161764705882353,0.6467889908256881,0.7111913357400722,0.5436241610738255,0.4107142857142857,0.5437441204139228,0.9122340425531915,0.8930581613508443,0.699463696369637,0.64,0.5957562568008705
qnli+qqp+anli_r1+hellaswag+winogrande,0.3161764705882353,0.40152905198776756,0.4729241877256318,0.5436241610738255,0.4107142857142857,0.5634995296331138,0.776595744680851,0.7720450281425891,0.5602310231023102,0.57,0.38139281828073995
qnli+qqp+anli_r1+imdb+hellaswag,0.3161764705882353,0.40214067278287463,0.4729241877256318,0.6155321188878236,0.4107142857142857,0.5898400752587017,0.8617021276595744,0.8667917448405253,0.5785891089108911,0.52,0.4015233949945593
qnli+qqp+anli_r1+imdb+winogrande,0.3161764705882353,0.38256880733944953,0.47653429602888087,0.576222435282838,0.375,0.5888993414863594,0.8670212765957447,0.8621013133208255,0.5823019801980198,0.5,0.2192600652883569
qnli+qqp+anli_r1+paws+hellaswag,0.3161764705882353,0.5186544342507645,0.4729241877256318,0.5282837967401726,0.4107142857142857,0.5710253998118533,0.8058510638297872,0.8020637898686679,0.6245874587458746,0.33,0.1381936887921654
qnli+qqp+anli_r1+paws+imdb,0.3161764705882353,0.5055045871559632,0.47653429602888087,0.551294343240652,0.3392857142857143,0.6053621825023519,0.8696808510638298,0.8621013133208255,0.6068481848184818,0.13,0.0897714907508161
qnli+qqp+anli_r1+paws+winogrande,0.3161764705882353,0.5067278287461774,0.47653429602888087,0.5062320230105465,0.42857142857142855,0.5620884289746002,0.8111702127659575,0.8058161350844277,0.625,0.14,0.06637649619151251
qnli+qqp+imdb+hellaswag+winogrande,0.3161764705882353,0.34464831804281343,0.4729241877256318,0.5752636625119847,0.30357142857142855,0.5973659454374413,0.8617021276595744,0.873358348968105,0.5668316831683168,0.65,0.49836779107725787
qnli+qqp+paws+hellaswag+winogrande,0.3161764705882353,0.5048929663608562,0.4729241877256318,0.5119846596356663,0.39285714285714285,0.5733772342427094,0.8085106382978723,0.6726078799249531,0.6396452145214522,0.45,0.18008705114254625
qnli+qqp+paws+imdb+hellaswag,0.3161764705882353,0.5009174311926605,0.4729241877256318,0.5867689357622243,0.26785714285714285,0.6077140169332079,0.8723404255319149,0.8602251407129456,0.6177805280528053,0.41,0.2236126224156692
qnli+qqp+paws+imdb+winogrande,0.3161764705882353,0.4868501529051988,0.4729241877256318,0.5321188878235859,0.26785714285714285,0.6251175917215428,0.8670212765957447,0.8630393996247655,0.6153052805280528,0.29,0.12731229597388466
qnli+qqp+record+anli_r1+hellaswag,0.3161764705882353,0.45565749235474007,0.4729241877256318,0.5647171620325983,0.4107142857142857,0.5780809031044214,0.776595744680851,0.7879924953095685,0.5792079207920792,0.38,0.2323177366702938
qnli+qqp+record+anli_r1+imdb,0.3161764705882353,0.42324159021406726,0.47653429602888087,0.5973154362416108,0.4107142857142857,0.5926622765757291,0.8882978723404256,0.8808630393996247,0.5928217821782178,0.16,0.1528835690968444
qnli+qqp+record+anli_r1+paws,0.3161764705882353,0.5204892966360857,0.47653429602888087,0.5206136145733461,0.42857142857142855,0.5738476011288806,0.8218085106382979,0.8208255159474672,0.634075907590759,0.02,0.03264417845484222
qnli+qqp+record+anli_r1+winogrande,0.3161764705882353,0.43944954128440367,0.4729241877256318,0.5302013422818792,0.4107142857142857,0.5757290686735654,0.7925531914893617,0.7917448405253283,0.5841584158415841,0.17,0.11588683351468988
qnli+qqp+record+hellaswag+winogrande,0.3161764705882353,0.3929663608562691,0.4729241877256318,0.5263662511984659,0.44642857142857145,0.5272812793979303,0.776595744680851,0.7626641651031895,0.5926155115511551,0.47,0.28944504896626766
qnli+qqp+record+imdb+hellaswag,0.3161764705882353,0.40795107033639144,0.4729241877256318,0.6049856184084372,0.375,0.5799623706491063,0.8909574468085106,0.8864915572232646,0.5870462046204621,0.45,0.32100108813928185
qnli+qqp+record+imdb+winogrande,0.3161764705882353,0.3804281345565749,0.4729241877256318,0.5522531160115053,0.3392857142857143,0.5719661335841957,0.8936170212765957,0.8827392120075047,0.5864273927392739,0.3,0.22143634385201305
qnli+qqp+record+paws+hellaswag,0.3161764705882353,0.5293577981651376,0.4729241877256318,0.5302013422818792,0.42857142857142855,0.5451552210724365,0.8191489361702128,0.6303939962476548,0.6493399339933993,0.08,0.13275299238302501
qnli+qqp+record+paws+imdb,0.3161764705882353,0.5033639143730887,0.4729241877256318,0.5627996164908916,0.3392857142857143,0.5827845719661335,0.8803191489361702,0.8696060037523452,0.6223184818481848,0.04,0.08052230685527748
qnli+qqp+record+paws+winogrande,0.3161764705882353,0.5067278287461774,0.4729241877256318,0.4966442953020134,0.42857142857142855,0.548447789275635,0.8138297872340425,0.6472795497185742,0.6464521452145214,0.05,0.04352557127312296
qnli+qqp+record+snli+anli_r1,0.3161764705882353,0.4883792048929664,0.7870036101083032,0.5637583892617449,0.48214285714285715,0.5865475070555033,0.7021276595744681,0.723264540337711,0.6318069306930693,0.31,0.06637649619151251
qnli+qqp+record+snli+hellaswag,0.3161764705882353,0.4944954128440367,0.7725631768953068,0.5407478427612655,0.42857142857142855,0.5799623706491063,0.8404255319148937,0.8198874296435272,0.6221122112211221,0.47,0.22415669205658323
qnli+qqp+record+snli+imdb,0.3161764705882353,0.44678899082568807,0.7472924187725631,0.585810162991371,0.42857142857142855,0.5954844778927564,0.8723404255319149,0.8602251407129456,0.6295379537953796,0.41,0.1305767138193689
qnli+qqp+record+snli+paws,0.3161764705882353,0.5045871559633027,0.7436823104693141,0.37488015340364333,0.44642857142857145,0.5809031044214488,0.8430851063829787,0.8227016885553471,0.6458333333333334,0.07,0.015778019586507073
qnli+qqp+record+snli+winogrande,0.3161764705882353,0.4792048929663609,0.7545126353790613,0.49952061361457334,0.42857142857142855,0.5799623706491063,0.8377659574468085,0.8273921200750469,0.6262376237623762,0.41,0.0941240478781284
qnli+qqp+snli+anli_r1+hellaswag,0.3161764705882353,0.46636085626911317,0.7978339350180506,0.5838926174496645,0.5178571428571429,0.5856067732831609,0.6781914893617021,0.6632270168855535,0.6289191419141914,0.35,0.3394994559303591
qnli+qqp+snli+anli_r1+imdb,0.3161764705882353,0.38685015290519875,0.7978339350180506,0.5982742090124641,0.48214285714285715,0.5978363123236125,0.8111702127659575,0.8105065666041276,0.6309818481848185,0.33,0.27149075081610446
qnli+qqp+snli+anli_r1+paws,0.3161764705882353,0.4932721712538226,0.8050541516245487,0.5599232981783318,0.5178571428571429,0.5870178739416745,0.6808510638297872,0.5928705440900562,0.6452145214521452,0.14,0.062023939064200215
qnli+qqp+snli+anli_r1+winogrande,0.3161764705882353,0.4541284403669725,0.7906137184115524,0.5675934803451582,0.5178571428571429,0.5827845719661335,0.6835106382978723,0.6810506566604128,0.6303630363036303,0.27,0.23177366702937977
qnli+qqp+snli+hellaswag+winogrande,0.3161764705882353,0.4489296636085627,0.7725631768953068,0.5532118887823586,0.42857142857142855,0.5747883349012229,0.8218085106382979,0.8170731707317073,0.6183993399339934,0.49,0.4439608269858542
qnli+qqp+snli+imdb+hellaswag,0.3161764705882353,0.41100917431192663,0.7509025270758123,0.6021093000958773,0.4107142857142857,0.5945437441204139,0.8590425531914894,0.8611632270168855,0.6237623762376238,0.51,0.4630032644178455
qnli+qqp+snli+imdb+winogrande,0.3161764705882353,0.40856269113149846,0.7545126353790613,0.5838926174496645,0.4107142857142857,0.5945437441204139,0.8670212765957447,0.8630393996247655,0.6239686468646864,0.47,0.3411316648531012
qnli+qqp+snli+paws+hellaswag,0.3161764705882353,0.5051987767584097,0.7509025270758123,0.44966442953020136,0.44642857142857145,0.5757290686735654,0.8297872340425532,0.8161350844277674,0.6408828382838284,0.28,0.18770402611534276
qnli+qqp+snli+paws+imdb,0.3161764705882353,0.48256880733944957,0.7617328519855595,0.5771812080536913,0.42857142857142855,0.6491063029162747,0.8617021276595744,0.8583489681050657,0.6437706270627063,0.26,0.132208922742111
qnli+qqp+snli+paws+winogrande,0.3161764705882353,0.4926605504587156,0.7545126353790613,0.4343240651965484,0.42857142857142855,0.5747883349012229,0.8457446808510638,0.8189493433395872,0.6408828382838284,0.18,0.09249183895538629
qnli+qqp+sst2+anli_r1+hellaswag,0.3161764705882353,0.43516819571865445,0.4729241877256318,0.585810162991371,0.375,0.58137347130762,0.8909574468085106,0.8883677298311444,0.5886963696369637,0.57,0.36235038084874865
qnli+qqp+sst2+anli_r1+imdb,0.3161764705882353,0.38776758409785933,0.47653429602888087,0.6011505273250239,0.30357142857142855,0.6147695202257761,0.9202127659574468,0.9052532833020638,0.5996287128712872,0.48,0.22252448313384113
qnli+qqp+sst2+anli_r1+paws,0.3161764705882353,0.5091743119266054,0.4729241877256318,0.5110258868648131,0.35714285714285715,0.610065851364064,0.8803191489361702,0.8836772983114447,0.6150990099009901,0.2,0.0750816104461371
qnli+qqp+sst2+anli_r1+winogrande,0.3161764705882353,0.40886850152905196,0.47653429602888087,0.5800575263662512,0.35714285714285715,0.59689557855127,0.901595744680851,0.8902439024390244,0.5893151815181518,0.5,0.20184983677910773
qnli+qqp+sst2+hellaswag+winogrande,0.3161764705882353,0.38654434250764524,0.4729241877256318,0.5302013422818792,0.2857142857142857,0.5997177798682972,0.898936170212766,0.8874296435272045,0.576526402640264,0.64,0.46082698585418935
qnli+qqp+sst2+imdb+hellaswag,0.3161764705882353,0.3709480122324159,0.4729241877256318,0.62607861936721,0.25,0.5926622765757291,0.9095744680851063,0.9071294559099438,0.5891089108910891,0.64,0.48258977149075083
qnli+qqp+sst2+imdb+winogrande,0.3161764705882353,0.3409785932721712,0.4729241877256318,0.6049856184084372,0.23214285714285715,0.6175917215428034,0.9148936170212766,0.9061913696060038,0.5915841584158416,0.53,0.32426550598476606
qnli+qqp+sst2+paws+hellaswag,0.3161764705882353,0.5168195718654435,0.4729241877256318,0.5234899328859061,0.25,0.6119473189087489,0.8803191489361702,0.8874296435272045,0.6252062706270627,0.47,0.18770402611534276
qnli+qqp+sst2+paws+imdb,0.3161764705882353,0.5,0.4729241877256318,0.6059443911792906,0.23214285714285715,0.6345249294449671,0.9148936170212766,0.9043151969981238,0.6120049504950495,0.36,0.12404787812840043
qnli+qqp+sst2+paws+winogrande,0.3161764705882353,0.5058103975535169,0.4729241877256318,0.5186960690316395,0.23214285714285715,0.6204139228598307,0.8936170212765957,0.8846153846153846,0.6252062706270627,0.36,0.10772578890097932
qnli+qqp+sst2+record+anli_r1,0.3161764705882353,0.4559633027522936,0.47653429602888087,0.5781399808245445,0.39285714285714285,0.5884289746001882,0.901595744680851,0.8902439024390244,0.6041666666666666,0.16,0.12078346028291621
qnli+qqp+sst2+record+hellaswag,0.3161764705882353,0.4437308868501529,0.4729241877256318,0.5522531160115053,0.30357142857142855,0.570555032925682,0.8936170212765957,0.8939962476547842,0.5938531353135313,0.52,0.3030467899891186
qnli+qqp+sst2+record+imdb,0.3161764705882353,0.40336391437308866,0.4729241877256318,0.6251198465963567,0.26785714285714285,0.5893697083725306,0.9175531914893617,0.9118198874296435,0.6010726072607261,0.36,0.20348204570184983
qnli+qqp+sst2+record+paws,0.3161764705882353,0.5137614678899083,0.4729241877256318,0.5177372962607862,0.26785714285714285,0.5997177798682972,0.898936170212766,0.8883677298311444,0.633457095709571,0.06,0.05603917301414581
qnli+qqp+sst2+record+snli,0.3161764705882353,0.4614678899082569,0.7509025270758123,0.5790987535953979,0.42857142857142855,0.5936030103480715,0.8696808510638298,0.874296435272045,0.6344884488448845,0.39,0.0957562568008705
qnli+qqp+sst2+record+winogrande,0.3161764705882353,0.41834862385321103,0.4729241877256318,0.5302013422818792,0.30357142857142855,0.577140169332079,0.898936170212766,0.8930581613508443,0.5957095709570958,0.35,0.18171926006528835
qnli+qqp+sst2+snli+anli_r1,0.3161764705882353,0.40214067278287463,0.8014440433212996,0.5723873441994247,0.5,0.6368767638758231,0.851063829787234,0.8630393996247655,0.6384075907590759,0.29,0.21545157780195864
qnli+qqp+sst2+snli+hellaswag,0.3161764705882353,0.42752293577981654,0.7653429602888087,0.5800575263662512,0.4107142857142857,0.5884289746001882,0.8643617021276596,0.8705440900562852,0.6309818481848185,0.52,0.42219804134929273
qnli+qqp+sst2+snli+imdb,0.3161764705882353,0.3324159021406728,0.7436823104693141,0.6040268456375839,0.4107142857142857,0.676387582314205,0.8909574468085106,0.8949343339587242,0.6208745874587459,0.45,0.3144722524483134
qnli+qqp+sst2+snli+paws,0.3161764705882353,0.4914373088685015,0.7472924187725631,0.5608820709491851,0.4107142857142857,0.6787394167450611,0.8723404255319149,0.8714821763602252,0.641914191419142,0.25,0.09956474428726877
qnli+qqp+sst2+snli+winogrande,0.3161764705882353,0.42415902140672784,0.7870036101083032,0.5599232981783318,0.42857142857142855,0.6161806208842897,0.875,0.874296435272045,0.6313943894389439,0.45,0.2992383025027203
qnli+record+anli_r1+hellaswag+winogrande,0.3161764705882353,0.5314984709480123,0.6606498194945848,0.5302013422818792,0.42857142857142855,0.46425211665098776,0.898936170212766,0.8470919324577861,0.6278877887788779,0.64,0.6327529923830251
qnli+record+anli_r1+imdb+hellaswag,0.3161764705882353,0.4908256880733945,0.6389891696750902,0.6222435282837967,0.42857142857142855,0.5531514581373471,0.9122340425531915,0.8836772983114447,0.5818894389438944,0.67,0.6605005440696409
qnli+record+anli_r1+imdb+winogrande,0.31862745098039214,0.4675840978593272,0.631768953068592,0.5771812080536913,0.42857142857142855,0.5423330197554093,0.9095744680851063,0.8864915572232646,0.5985973597359736,0.64,0.588139281828074
qnli+record+anli_r1+paws+hellaswag,0.3161764705882353,0.6822629969418961,0.7220216606498195,0.5465004793863855,0.42857142857142855,0.46801505174035746,0.9042553191489362,0.8470919324577861,0.7223597359735974,0.58,0.3900979325353645
qnli+record+anli_r1+paws+imdb,0.31862745098039214,0.5804281345565749,0.6823104693140795,0.5800575263662512,0.4107142857142857,0.5428033866415805,0.9148936170212766,0.8827392120075047,0.6978135313531353,0.5,0.31120783460282914
qnli+record+anli_r1+paws+winogrande,0.31862745098039214,0.6767584097859327,0.7075812274368231,0.513902205177373,0.4107142857142857,0.4557855126999059,0.898936170212766,0.849906191369606,0.721947194719472,0.36,0.12459194776931447
qnli+record+imdb+hellaswag+winogrande,0.32107843137254904,0.4648318042813456,0.6787003610108303,0.5743048897411314,0.42857142857142855,0.5183443085606774,0.9122340425531915,0.8911819887429644,0.5736386138613861,0.68,0.6545157780195865
qnli+record+paws+hellaswag+winogrande,0.3161764705882353,0.6990825688073394,0.7075812274368231,0.49185043144774687,0.42857142857142855,0.45343367826904984,0.8936170212765957,0.8283302063789869,0.6978135313531353,0.3,0.16811751904243744
qnli+record+paws+imdb+hellaswag,0.31862745098039214,0.671559633027523,0.6787003610108303,0.5906040268456376,0.4107142857142857,0.4943555973659454,0.9122340425531915,0.8846153846153846,0.6953382838283828,0.59,0.5059847660500544
qnli+record+paws+imdb+winogrande,0.33088235294117646,0.6755351681957187,0.7003610108303249,0.5349952061361457,0.4107142857142857,0.5056444026340545,0.9202127659574468,0.8874296435272045,0.698019801980198,0.38,0.24918389553862894
qnli+record+snli+anli_r1+hellaswag,0.31862745098039214,0.5951070336391437,0.5776173285198556,0.5493767976989453,0.625,0.5602069614299153,0.8457446808510638,0.8236397748592871,0.661509900990099,0.61,0.4695321001088139
qnli+record+snli+anli_r1+imdb,0.3235294117647059,0.5602446483180428,0.5812274368231047,0.5973154362416108,0.6071428571428571,0.5921919096895578,0.8856382978723404,0.8564727954971857,0.568069306930693,0.5,0.3705114254624592
qnli+record+snli+anli_r1+paws,0.32107843137254904,0.5981651376146789,0.5812274368231047,0.5436241610738255,0.7142857142857143,0.5559736594543744,0.8218085106382979,0.8067542213883677,0.7287541254125413,0.32,0.03917301414581066
qnli+record+snli+anli_r1+winogrande,0.32107843137254904,0.5792048929663609,0.592057761732852,0.5330776605944392,0.7142857142857143,0.5639698965192851,0.8563829787234043,0.8151969981238274,0.6637788778877888,0.55,0.2812840043525571
qnli+record+snli+hellaswag+winogrande,0.3161764705882353,0.5706422018348624,0.5703971119133574,0.5349952061361457,0.625,0.5206961429915334,0.8696808510638298,0.8339587242026266,0.6726485148514851,0.71,0.544069640914037
qnli+record+snli+imdb+hellaswag,0.3161764705882353,0.5599388379204893,0.5631768953068592,0.6097794822627037,0.5357142857142857,0.58137347130762,0.8936170212765957,0.8667917448405253,0.5457920792079208,0.65,0.588683351468988
qnli+record+snli+imdb+winogrande,0.3161764705882353,0.537920489296636,0.5956678700361011,0.5532118887823586,0.5178571428571429,0.58137347130762,0.8909574468085106,0.8658536585365854,0.5497112211221122,0.6,0.4624591947769314
qnli+record+snli+paws+hellaswag,0.3161764705882353,0.6519877675840978,0.592057761732852,0.5330776605944392,0.6071428571428571,0.5301034807149577,0.8696808510638298,0.7804878048780488,0.7200907590759076,0.52,0.16050054406964093
qnli+record+snli+paws+imdb,0.31862745098039214,0.5889908256880734,0.5703971119133574,0.5656759348034516,0.5714285714285714,0.5827845719661335,0.9042553191489362,0.8677298311444653,0.7004950495049505,0.42,0.12241566920565833
qnli+record+snli+paws+winogrande,0.3161764705882353,0.6382262996941896,0.5631768953068592,0.49856184084372,0.6785714285714286,0.532925682031985,0.8723404255319149,0.7936210131332082,0.718440594059406,0.45,0.03917301414581066
qnli+snli+anli_r1+hellaswag+winogrande,0.31862745098039214,0.5529051987767584,0.6028880866425993,0.5407478427612655,0.75,0.5517403574788335,0.8138297872340425,0.8123827392120075,0.5992161716171617,0.64,0.6126224156692056
qnli+snli+anli_r1+imdb+hellaswag,0.32598039215686275,0.5415902140672783,0.5776173285198556,0.6155321188878236,0.7321428571428571,0.5898400752587017,0.8643617021276596,0.8470919324577861,0.5459983498349835,0.6,0.602829162132753
qnli+snli+anli_r1+imdb+winogrande,0.32107843137254904,0.5342507645259938,0.5776173285198556,0.588686481303931,0.7321428571428571,0.5893697083725306,0.8803191489361702,0.848968105065666,0.5546617161716172,0.55,0.544069640914037
qnli+snli+anli_r1+paws+hellaswag,0.3161764705882353,0.6009174311926605,0.5992779783393501,0.5407478427612655,0.7321428571428571,0.5564440263405456,0.773936170212766,0.7908067542213884,0.7293729372937293,0.55,0.41131664853101196
qnli+snli+anli_r1+paws+imdb,0.32107843137254904,0.5856269113149847,0.592057761732852,0.5752636625119847,0.75,0.5893697083725306,0.8563829787234043,0.8377110694183865,0.6800742574257426,0.4,0.33569096844396085
qnli+snli+anli_r1+paws+winogrande,0.31862745098039214,0.5923547400611621,0.5992779783393501,0.49760306807286675,0.75,0.5578551269990593,0.800531914893617,0.7814258911819888,0.7281353135313532,0.45,0.22633297062023938
qnli+snli+imdb+hellaswag+winogrande,0.31862745098039214,0.5088685015290519,0.5523465703971119,0.5743048897411314,0.6785714285714286,0.5747883349012229,0.8909574468085106,0.8696060037523452,0.534447194719472,0.72,0.6528835690968444
qnli+snli+paws+hellaswag+winogrande,0.3161764705882353,0.6131498470948012,0.5631768953068592,0.5244487056567594,0.6785714285714286,0.504233301975541,0.8670212765957447,0.8076923076923077,0.7285478547854786,0.66,0.4619151251360174
qnli+snli+paws+imdb+hellaswag,0.3161764705882353,0.5908256880733945,0.5523465703971119,0.576222435282838,0.6964285714285714,0.577140169332079,0.8962765957446809,0.8621013133208255,0.7013201320132013,0.63,0.5680087051142546
qnli+snli+paws+imdb+winogrande,0.31862745098039214,0.5831804281345566,0.555956678700361,0.5445829338446788,0.7142857142857143,0.577140169332079,0.8909574468085106,0.8658536585365854,0.7007013201320133,0.6,0.44940152339499456
qnli+sst2+anli_r1+hellaswag+winogrande,0.3161764705882353,0.46605504587155966,0.6750902527075813,0.5465004793863855,0.4107142857142857,0.5315145813734713,0.9148936170212766,0.9108818011257036,0.5831270627062707,0.7,0.6605005440696409
qnli+sst2+anli_r1+imdb+hellaswag,0.31862745098039214,0.46636085626911317,0.6642599277978339,0.6030680728667306,0.4107142857142857,0.5446848541862653,0.9228723404255319,0.9202626641651032,0.49876237623762376,0.71,0.6648531011969532
qnli+sst2+anli_r1+imdb+winogrande,0.3284313725490196,0.4434250764525994,0.6570397111913358,0.5723873441994247,0.4107142857142857,0.5489181561618062,0.9202127659574468,0.9183864915572233,0.4991749174917492,0.68,0.6381936887921654
qnli+sst2+anli_r1+paws+hellaswag,0.3161764705882353,0.5730886850152905,0.740072202166065,0.5407478427612655,0.4107142857142857,0.5244590780809031,0.9148936170212766,0.9099437148217636,0.7035891089108911,0.67,0.6011969532100109
qnli+sst2+anli_r1+paws+imdb,0.32107843137254904,0.5305810397553516,0.7256317689530686,0.5666347075743049,0.4107142857142857,0.5479774223894638,0.925531914893617,0.9202626641651032,0.6518151815181518,0.59,0.5478781284004353
qnli+sst2+anli_r1+paws+winogrande,0.3235294117647059,0.5681957186544343,0.7292418772563177,0.5340364333652924,0.4107142857142857,0.5324553151458138,0.9148936170212766,0.899624765478424,0.70503300330033,0.55,0.4820457018498368
qnli+sst2+imdb+hellaswag+winogrande,0.3235294117647059,0.42660550458715596,0.6714801444043321,0.576222435282838,0.4107142857142857,0.5475070555032926,0.925531914893617,0.9212007504690432,0.48865511551155116,0.71,0.676822633297062
qnli+sst2+paws+hellaswag+winogrande,0.3235294117647059,0.6434250764525994,0.7292418772563177,0.5225311601150527,0.4107142857142857,0.519755409219191,0.9175531914893617,0.9061913696060038,0.7017326732673267,0.61,0.4956474428726877
qnli+sst2+paws+imdb+hellaswag,0.32107843137254904,0.5409785932721712,0.7003610108303249,0.5685522531160115,0.4107142857142857,0.5357478833490122,0.9228723404255319,0.9212007504690432,0.6573844884488449,0.67,0.6409140369967355
qnli+sst2+paws+imdb+winogrande,0.33088235294117646,0.5330275229357798,0.6823104693140795,0.5493767976989453,0.4107142857142857,0.5573847601128881,0.9228723404255319,0.9174484052532833,0.654496699669967,0.58,0.5701849836779108
qnli+sst2+record+anli_r1+hellaswag,0.32107843137254904,0.5122324159021406,0.6642599277978339,0.5685522531160115,0.4107142857142857,0.5348071495766697,0.9228723404255319,0.9146341463414634,0.620049504950495,0.65,0.6354733405875952
qnli+sst2+record+anli_r1+imdb,0.32598039215686275,0.4853211009174312,0.6425992779783394,0.5896452540747843,0.4107142857142857,0.5710253998118533,0.9202127659574468,0.9212007504690432,0.516914191419142,0.6,0.5658324265505985
qnli+sst2+record+anli_r1+paws,0.3235294117647059,0.5951070336391437,0.6859205776173285,0.5426653883029722,0.4107142857142857,0.5291627469426152,0.9202127659574468,0.9090056285178236,0.7042079207920792,0.49,0.25244831338411317
qnli+sst2+record+anli_r1+winogrande,0.3333333333333333,0.4926605504587156,0.6642599277978339,0.5417066155321189,0.42857142857142855,0.5230479774223895,0.9175531914893617,0.9061913696060038,0.634075907590759,0.61,0.5625680087051143
qnli+sst2+record+hellaswag+winogrande,0.34068627450980393,0.4819571865443425,0.6823104693140795,0.5349952061361457,0.4107142857142857,0.4821260583254939,0.9175531914893617,0.9136960600375235,0.6153052805280528,0.68,0.6403699673558215
qnli+sst2+record+imdb+hellaswag,0.33578431372549017,0.4669724770642202,0.6498194945848376,0.5848513902205177,0.4107142857142857,0.5145813734713076,0.925531914893617,0.9230769230769231,0.503506600660066,0.68,0.6517954298150164
qnli+sst2+record+imdb+winogrande,0.3627450980392157,0.45168195718654436,0.6534296028880866,0.5599232981783318,0.4107142857142857,0.5225776105362182,0.925531914893617,0.9165103189493433,0.5068069306930693,0.64,0.5979325353645266
qnli+sst2+record+paws+hellaswag,0.3235294117647059,0.6743119266055045,0.7075812274368231,0.5407478427612655,0.4107142857142857,0.48777046095954846,0.9175531914893617,0.9118198874296435,0.7027640264026402,0.57,0.3982589771490751
qnli+sst2+record+paws+imdb,0.3480392156862745,0.5623853211009174,0.6714801444043321,0.5599232981783318,0.4107142857142857,0.51552210724365,0.925531914893617,0.9174484052532833,0.665016501650165,0.47,0.37268770402611534
qnli+sst2+record+paws+winogrande,0.3431372549019608,0.6773700305810397,0.7148014440433214,0.5254074784276127,0.4107142857142857,0.4995296331138288,0.9175531914893617,0.9071294559099438,0.6957508250825083,0.34,0.20620239390642003
qnli+sst2+record+snli+anli_r1,0.32107843137254904,0.5792048929663609,0.5667870036101083,0.5752636625119847,0.6607142857142857,0.5860771401693321,0.8856382978723404,0.8686679174484052,0.5833333333333334,0.52,0.29053318824809576
qnli+sst2+record+snli+hellaswag,0.3161764705882353,0.581039755351682,0.5740072202166066,0.5426653883029722,0.5714285714285714,0.5733772342427094,0.8882978723404256,0.8846153846153846,0.551980198019802,0.65,0.5315560391730142
qnli+sst2+record+snli+imdb,0.3235294117647059,0.5339449541284403,0.5776173285198556,0.6145733461169702,0.4642857142857143,0.5912511759172154,0.9175531914893617,0.9015009380863039,0.5816831683168316,0.57,0.45375408052230687
qnli+sst2+record+snli+paws,0.31862745098039214,0.599388379204893,0.6028880866425993,0.5254074784276127,0.625,0.5667920978363123,0.8882978723404256,0.8761726078799249,0.709983498349835,0.46,0.07780195865070728
qnli+sst2+record+snli+winogrande,0.31862745098039214,0.5663608562691131,0.592057761732852,0.5254074784276127,0.6071428571428571,0.5644402634054563,0.8882978723404256,0.8789868667917449,0.558993399339934,0.62,0.4009793253536453
qnli+sst2+snli+anli_r1+hellaswag,0.32107843137254904,0.5596330275229358,0.5884476534296029,0.5771812080536913,0.6964285714285714,0.5832549388523048,0.875,0.8677298311444653,0.5579620462046204,0.59,0.5826985854189336
qnli+sst2+snli+anli_r1+imdb,0.33088235294117646,0.4837920489296636,0.592057761732852,0.5915627996164909,0.6964285714285714,0.5940733772342427,0.901595744680851,0.8911819887429644,0.585602310231023,0.51,0.4842219804134929
qnli+sst2+snli+anli_r1+paws,0.3235294117647059,0.5886850152905199,0.5956678700361011,0.5570469798657718,0.7142857142857143,0.5804327375352775,0.8696808510638298,0.8667917448405253,0.6903877887788779,0.43,0.249727965179543
qnli+sst2+snli+anli_r1+winogrande,0.3235294117647059,0.5440366972477064,0.592057761732852,0.5666347075743049,0.7142857142857143,0.58137347130762,0.8803191489361702,0.8686679174484052,0.5602310231023102,0.54,0.5070729053318824
qnli+sst2+snli+hellaswag+winogrande,0.3161764705882353,0.5342507645259938,0.5703971119133574,0.5637583892617449,0.6785714285714286,0.5602069614299153,0.8829787234042553,0.873358348968105,0.5389851485148515,0.7,0.6349292709466812
qnli+sst2+snli+imdb+hellaswag,0.31862745098039214,0.5125382262996941,0.5667870036101083,0.5953978906999041,0.625,0.5898400752587017,0.9122340425531915,0.899624765478424,0.5641501650165016,0.67,0.6381936887921654
qnli+sst2+snli+imdb+winogrande,0.32107843137254904,0.4902140672782875,0.5703971119133574,0.5829338446788112,0.6607142857142857,0.5888993414863594,0.9122340425531915,0.8968105065666041,0.5649752475247525,0.63,0.6055495103373232
qnli+sst2+snli+paws+hellaswag,0.3161764705882353,0.5929663608562691,0.5667870036101083,0.5330776605944392,0.6964285714285714,0.5639698965192851,0.8829787234042553,0.873358348968105,0.7126650165016502,0.61,0.5059847660500544
qnli+sst2+snli+paws+imdb,0.31862745098039214,0.5782874617737003,0.5812274368231047,0.5695110258868649,0.6428571428571429,0.5898400752587017,0.9069148936170213,0.8949343339587242,0.6561468646864687,0.55,0.4619151251360174
qnli+sst2+snli+paws+winogrande,0.3161764705882353,0.591131498470948,0.5884476534296029,0.5263662511984659,0.7142857142857143,0.5587958607714016,0.8936170212765957,0.8714821763602252,0.7066831683168316,0.57,0.381936887921654
qqp+anli_r1+imdb+hellaswag+winogrande,0.3161764705882353,0.40886850152905196,0.4729241877256318,0.6164908916586769,0.14285714285714285,0.6133584195672624,0.875,0.8808630393996247,0.5501237623762376,0.68,0.5859630032644179
qqp+anli_r1+paws+hellaswag+winogrande,0.3161764705882353,0.5217125382262997,0.4729241877256318,0.5445829338446788,0.17857142857142858,0.616650987770461,0.8218085106382979,0.8030018761726079,0.6124174917491749,0.34,0.5
qqp+anli_r1+paws+imdb+hellaswag,0.3161764705882353,0.518348623853211,0.4729241877256318,0.6222435282837967,0.125,0.621354656632173,0.8856382978723404,0.8724202626641651,0.5936468646864687,0.4,0.5054406964091404
qqp+anli_r1+paws+imdb+winogrande,0.3161764705882353,0.5015290519877675,0.4729241877256318,0.5608820709491851,0.14285714285714285,0.6312323612417686,0.8829787234042553,0.875234521575985,0.5971534653465347,0.33,0.3862894450489663
qqp+paws+imdb+hellaswag+winogrande,0.3161764705882353,0.5030581039755352,0.4729241877256318,0.588686481303931,0.08928571428571429,0.6025399811853246,0.8829787234042553,0.8714821763602252,0.6029290429042904,0.59,0.5473340587595212
qqp+record+anli_r1+hellaswag+winogrande,0.3161764705882353,0.46085626911314986,0.4729241877256318,0.5541706615532119,0.17857142857142858,0.6119473189087489,0.8111702127659575,0.8105065666041276,0.5620874587458746,0.65,0.5761697497279652
qqp+record+anli_r1+imdb+hellaswag,0.3161764705882353,0.4706422018348624,0.4729241877256318,0.6375838926174496,0.10714285714285714,0.6133584195672624,0.9042553191489362,0.8921200750469043,0.5707508250825083,0.62,0.5767138193688792
qqp+record+anli_r1+imdb+winogrande,0.3161764705882353,0.43669724770642204,0.4729241877256318,0.5963566634707574,0.16071428571428573,0.6190028222013171,0.8936170212765957,0.8939962476547842,0.5792079207920792,0.58,0.42709466811751906
qqp+record+anli_r1+paws+hellaswag,0.3161764705882353,0.5409785932721712,0.4729241877256318,0.5723873441994247,0.16071428571428573,0.6208842897460018,0.8271276595744681,0.8292682926829268,0.6245874587458746,0.37,0.2540805223068553
qqp+record+anli_r1+paws+imdb,0.3161764705882353,0.5155963302752293,0.4729241877256318,0.5915627996164909,0.10714285714285714,0.6227657572906867,0.8962765957446809,0.8874296435272045,0.6027227722772277,0.3,0.13601741022850924
qqp+record+anli_r1+paws+winogrande,0.3161764705882353,0.5247706422018349,0.4729241877256318,0.5052732502396932,0.17857142857142858,0.6284101599247413,0.8351063829787234,0.8189493433395872,0.6252062706270627,0.28,0.08378672470076169
qqp+record+imdb+hellaswag+winogrande,0.3161764705882353,0.41987767584097857,0.4729241877256318,0.6126558005752637,0.08928571428571429,0.603480714957667,0.9042553191489362,0.8958724202626641,0.558993399339934,0.71,0.6137105549510338
qqp+record+paws+hellaswag+winogrande,0.3161764705882353,0.536697247706422,0.4729241877256318,0.46596356663470756,0.08928571428571429,0.5997177798682972,0.8404255319148937,0.8048780487804879,0.6346947194719472,0.51,0.3264417845484222
qqp+record+paws+imdb+hellaswag,0.3161764705882353,0.5308868501529052,0.4729241877256318,0.6011505273250239,0.08928571428571429,0.6030103480714958,0.898936170212766,0.8911819887429644,0.6099422442244224,0.54,0.38411316648531013
qqp+record+paws+imdb+winogrande,0.3161764705882353,0.5134556574923548,0.4729241877256318,0.551294343240652,0.08928571428571429,0.6025399811853246,0.898936170212766,0.8874296435272045,0.610973597359736,0.43,0.17301414581066377
qqp+record+snli+anli_r1+hellaswag,0.3161764705882353,0.5119266055045871,0.7184115523465704,0.5810162991371045,0.7857142857142857,0.8316086547507056,0.7473404255319149,0.7804878048780488,0.6198432343234324,0.48,0.29651795429815014
qqp+record+snli+anli_r1+imdb,0.3161764705882353,0.45168195718654436,0.7075812274368231,0.6174496644295302,0.7678571428571429,0.8198494825964252,0.848404255319149,0.8545966228893058,0.6295379537953796,0.41,0.22089227421109903
qqp+record+snli+anli_r1+paws,0.3161764705882353,0.5155963302752293,0.7545126353790613,0.5177372962607862,0.8035714285714286,0.8358419567262465,0.7287234042553191,0.7495309568480301,0.6410891089108911,0.07,0.03808487486398259
qqp+record+snli+anli_r1+winogrande,0.3161764705882353,0.4932721712538226,0.7111913357400722,0.5570469798657718,0.8214285714285714,0.8297271872060207,0.7792553191489362,0.775797373358349,0.6210808580858086,0.43,0.1926006528835691
qqp+record+snli+hellaswag+winogrande,0.3161764705882353,0.5048929663608562,0.7617328519855595,0.5378715244487057,0.7678571428571429,0.8226716839134525,0.8191489361702128,0.8076923076923077,0.6103547854785478,0.63,0.38792165397170836
qqp+record+snli+imdb+hellaswag,0.3161764705882353,0.47339449541284406,0.7545126353790613,0.6327900287631831,0.6964285714285714,0.8029162746942615,0.8670212765957447,0.8686679174484052,0.6186056105610561,0.56,0.397170837867247
qqp+record+snli+imdb+winogrande,0.3161764705882353,0.45871559633027525,0.7436823104693141,0.5982742090124641,0.6964285714285714,0.808560677328316,0.8643617021276596,0.8611632270168855,0.6134488448844885,0.48,0.32372143634385203
qqp+record+snli+paws+hellaswag,0.3161764705882353,0.5266055045871559,0.7472924187725631,0.5321188878235859,0.7321428571428571,0.8113828786453434,0.8430851063829787,0.8151969981238274,0.6464521452145214,0.31,0.1365614798694233
qqp+record+snli+paws+imdb,0.3161764705882353,0.4990825688073395,0.7509025270758123,0.5838926174496645,0.7142857142857143,0.7892756349952963,0.8723404255319149,0.8649155722326454,0.6351072607260726,0.17,0.08705114254624592
qqp+record+snli+paws+winogrande,0.3161764705882353,0.5119266055045871,0.7653429602888087,0.5110258868648131,0.8035714285714286,0.8080903104421449,0.8297872340425532,0.8170731707317073,0.6450082508250825,0.17,0.057127312295973884
qqp+snli+anli_r1+hellaswag+winogrande,0.3161764705882353,0.47706422018348627,0.7328519855595668,0.5685522531160115,0.8214285714285714,0.8316086547507056,0.6941489361702128,0.7213883677298312,0.6117986798679867,0.63,0.5331882480957563
qqp+snli+anli_r1+imdb+hellaswag,0.3161764705882353,0.42813455657492355,0.7148014440433214,0.6164908916586769,0.7857142857142857,0.8254938852304797,0.8164893617021277,0.8320825515947468,0.6150990099009901,0.58,0.5364526659412405
qqp+snli+anli_r1+imdb+winogrande,0.3161764705882353,0.42018348623853213,0.7184115523465704,0.5982742090124641,0.8392857142857143,0.8231420507996237,0.8271276595744681,0.8311444652908068,0.6225247524752475,0.56,0.38846572361262244
qqp+snli+anli_r1+paws+hellaswag,0.3161764705882353,0.518348623853211,0.7581227436823105,0.5119846596356663,0.8214285714285714,0.8278457196613358,0.6409574468085106,0.6688555347091932,0.633457095709571,0.43,0.20130576713819368
qqp+snli+anli_r1+paws+winogrande,0.3161764705882353,0.4972477064220184,0.7617328519855595,0.5023969319271333,0.8214285714285714,0.8287864534336783,0.6835106382978723,0.6941838649155723,0.6400577557755776,0.43,0.09303590859630033
qqp+snli+imdb+hellaswag+winogrande,0.3161764705882353,0.43241590214067277,0.7870036101083032,0.6212847555129435,0.7857142857142857,0.7638758231420508,0.851063829787234,0.8592870544090057,0.6041666666666666,0.65,0.6147986942328618
qqp+snli+paws+hellaswag+winogrande,0.3161764705882353,0.5238532110091743,0.7581227436823105,0.5071907957813998,0.7857142857142857,0.7888052681091251,0.824468085106383,0.8123827392120075,0.6351072607260726,0.55,0.29760609357997825
qqp+snli+paws+imdb+hellaswag,0.3161764705882353,0.4975535168195719,0.7689530685920578,0.6069031639501438,0.7678571428571429,0.751175917215428,0.8643617021276596,0.8592870544090057,0.6322194719471947,0.54,0.36996735582154516
qqp+snli+paws+imdb+winogrande,0.3161764705882353,0.4859327217125382,0.779783393501805,0.5771812080536913,0.7678571428571429,0.7074317968015051,0.8670212765957447,0.8545966228893058,0.6332508250825083,0.47,0.18715995647442873
qqp+sst2+anli_r1+hellaswag+winogrande,0.3161764705882353,0.43149847094801225,0.4729241877256318,0.5695110258868649,0.125,0.6218250235183443,0.898936170212766,0.8968105065666041,0.5538366336633663,0.65,0.5756256800870512
qqp+sst2+anli_r1+imdb+hellaswag,0.3161764705882353,0.41926605504587156,0.4729241877256318,0.6414189837008629,0.125,0.6265286923800565,0.9202127659574468,0.9165103189493433,0.5837458745874587,0.63,0.5669205658324266
qqp+sst2+anli_r1+imdb+winogrande,0.3161764705882353,0.39877675840978594,0.4729241877256318,0.6212847555129435,0.125,0.6345249294449671,0.9175531914893617,0.9118198874296435,0.5790016501650165,0.56,0.5184983677910773
qqp+sst2+anli_r1+paws+hellaswag,0.3161764705882353,0.5318042813455658,0.4729241877256318,0.5675934803451582,0.10714285714285714,0.6317027281279398,0.8829787234042553,0.8893058161350844,0.6068481848184818,0.39,0.46409140369967355
qqp+sst2+anli_r1+paws+imdb,0.3161764705882353,0.5088685015290519,0.4729241877256318,0.6088207094918504,0.125,0.6368767638758231,0.9175531914893617,0.9174484052532833,0.6070544554455446,0.34,0.3645266594124048
qqp+sst2+anli_r1+paws+winogrande,0.3161764705882353,0.5207951070336392,0.4729241877256318,0.5349952061361457,0.14285714285714285,0.6378174976481655,0.901595744680851,0.8902439024390244,0.6056105610561056,0.3,0.34657236126224156
qqp+sst2+imdb+hellaswag+winogrande,0.3161764705882353,0.3749235474006116,0.4729241877256318,0.6116970278044104,0.08928571428571429,0.603480714957667,0.9175531914893617,0.9136960600375235,0.5625,0.73,0.5968443960826986
qqp+sst2+paws+hellaswag+winogrande,0.3161764705882353,0.5217125382262997,0.4729241877256318,0.5417066155321189,0.08928571428571429,0.6025399811853246,0.8882978723404256,0.8911819887429644,0.6138613861386139,0.54,0.5244831338411317
qqp+sst2+paws+imdb+hellaswag,0.3161764705882353,0.5119266055045871,0.4729241877256318,0.5838926174496645,0.08928571428571429,0.6039510818438382,0.9122340425531915,0.9136960600375235,0.5965346534653465,0.57,0.5310119695321001
qqp+sst2+paws+imdb+winogrande,0.3161764705882353,0.500611620795107,0.4729241877256318,0.5532118887823586,0.08928571428571429,0.6030103480714958,0.9148936170212766,0.9099437148217636,0.596947194719472,0.5,0.44776931447225243
qqp+sst2+record+anli_r1+hellaswag,0.3161764705882353,0.48440366972477067,0.4729241877256318,0.5771812080536913,0.10714285714285714,0.6194731890874883,0.9042553191489362,0.9052532833020638,0.5790016501650165,0.66,0.5489662676822633
qqp+sst2+record+anli_r1+imdb,0.3161764705882353,0.45565749235474007,0.4729241877256318,0.62320230105465,0.125,0.6232361241768579,0.9228723404255319,0.9202626641651032,0.599009900990099,0.52,0.3906420021762786
qqp+sst2+record+anli_r1+paws,0.3161764705882353,0.5302752293577981,0.4729241877256318,0.5426653883029722,0.10714285714285714,0.6354656632173095,0.9069148936170213,0.899624765478424,0.6126237623762376,0.3,0.10282916213275299
qqp+sst2+record+anli_r1+winogrande,0.3161764705882353,0.463914373088685,0.4729241877256318,0.5407478427612655,0.10714285714285714,0.6284101599247413,0.9042553191489362,0.9015009380863039,0.5825082508250825,0.58,0.39662676822633297
qqp+sst2+record+hellaswag+winogrande,0.3161764705882353,0.4470948012232416,0.4729241877256318,0.5532118887823586,0.08928571428571429,0.6030103480714958,0.9095744680851063,0.9015009380863039,0.5662128712871287,0.7,0.5914036996735582
qqp+sst2+record+imdb+hellaswag,0.3161764705882353,0.4470948012232416,0.4729241877256318,0.6366251198465963,0.08928571428571429,0.6044214487300094,0.9202127659574468,0.9202626641651032,0.5853960396039604,0.71,0.5935799782372143
qqp+sst2+record+imdb+winogrande,0.3161764705882353,0.42048929663608564,0.4729241877256318,0.6021093000958773,0.08928571428571429,0.6063029162746942,0.9202127659574468,0.9183864915572233,0.5911716171617162,0.61,0.4695321001088139
qqp+sst2+record+paws+hellaswag,0.3161764705882353,0.5321100917431193,0.4729241877256318,0.5455417066155321,0.08928571428571429,0.603480714957667,0.901595744680851,0.900562851782364,0.620049504950495,0.53,0.27747551686615884
qqp+sst2+record+paws+imdb,0.3161764705882353,0.5051987767584097,0.4729241877256318,0.5829338446788112,0.08928571428571429,0.603480714957667,0.9175531914893617,0.9193245778611632,0.6076732673267327,0.42,0.18715995647442873
qqp+sst2+record+paws+winogrande,0.3161764705882353,0.5241590214067279,0.4729241877256318,0.5273250239693192,0.08928571428571429,0.6044214487300094,0.9122340425531915,0.8958724202626641,0.6283003300330033,0.37,0.1305767138193689
qqp+sst2+record+snli+anli_r1,0.3161764705882353,0.47186544342507647,0.7003610108303249,0.6030680728667306,0.7321428571428571,0.8207902163687676,0.8563829787234043,0.8621013133208255,0.6338696369636964,0.43,0.1838955386289445
qqp+sst2+record+snli+hellaswag,0.3161764705882353,0.4865443425076453,0.7581227436823105,0.6059443911792906,0.6428571428571429,0.80620884289746,0.8617021276595744,0.8724202626641651,0.6223184818481848,0.53,0.3601741022850925
qqp+sst2+record+snli+imdb,0.3161764705882353,0.39908256880733944,0.7545126353790613,0.6366251198465963,0.5535714285714286,0.7746942615239887,0.898936170212766,0.9043151969981238,0.6247937293729373,0.49,0.2850924918389554
qqp+sst2+record+snli+paws,0.3161764705882353,0.5113149847094801,0.7472924187725631,0.5647171620325983,0.6428571428571429,0.786453433678269,0.8696808510638298,0.8677298311444653,0.6373762376237624,0.22,0.06420021762785637
qqp+sst2+record+snli+winogrande,0.3161764705882353,0.47706422018348627,0.7617328519855595,0.5656759348034516,0.6428571428571429,0.8043273753527752,0.8723404255319149,0.8696060037523452,0.6247937293729373,0.5,0.27529923830250275
qqp+sst2+snli+anli_r1+hellaswag,0.3161764705882353,0.4327217125382263,0.7256317689530686,0.5896452540747843,0.7321428571428571,0.8297271872060207,0.8404255319148937,0.8630393996247655,0.6264438943894389,0.57,0.5059847660500544
qqp+sst2+snli+anli_r1+imdb,0.3161764705882353,0.3339449541284404,0.7111913357400722,0.6299137104506232,0.75,0.8057384760112888,0.8829787234042553,0.8864915572232646,0.6124174917491749,0.54,0.3808487486398259
qqp+sst2+snli+anli_r1+paws,0.3161764705882353,0.4984709480122324,0.7545126353790613,0.5743048897411314,0.7678571428571429,0.8207902163687676,0.848404255319149,0.8564727954971857,0.6377887788778878,0.44,0.12404787812840043
qqp+sst2+snli+anli_r1+winogrande,0.3161764705882353,0.4290519877675841,0.7256317689530686,0.5714285714285714,0.7857142857142857,0.825964252116651,0.8563829787234043,0.8621013133208255,0.6264438943894389,0.56,0.34929270946681173
qqp+sst2+snli+hellaswag+winogrande,0.3161764705882353,0.445565749235474,0.7725631768953068,0.573346116970278,0.7321428571428571,0.7826904985888994,0.8617021276595744,0.8677298311444653,0.6171617161716172,0.66,0.5875952121871599
qqp+sst2+snli+imdb+hellaswag,0.3161764705882353,0.3675840978593272,0.7617328519855595,0.6327900287631831,0.6607142857142857,0.7384760112888052,0.8803191489361702,0.9033771106941839,0.6010726072607261,0.64,0.5821545157780196
qqp+sst2+snli+imdb+winogrande,0.3161764705882353,0.36666666666666664,0.7472924187725631,0.6049856184084372,0.6428571428571429,0.6895578551269991,0.8909574468085106,0.8977485928705441,0.6070544554455446,0.59,0.4689880304678999
qqp+sst2+snli+paws+hellaswag,0.3161764705882353,0.5097859327217126,0.7545126353790613,0.5867689357622243,0.6785714285714286,0.7695202257761053,0.8696808510638298,0.8696060037523452,0.6365511551155115,0.55,0.2867247007616975
qqp+sst2+snli+paws+imdb,0.3161764705882353,0.4785932721712538,0.7581227436823105,0.6116970278044104,0.6607142857142857,0.6862652869238005,0.8856382978723404,0.8930581613508443,0.6392326732673267,0.49,0.20239390642002175
qqp+sst2+snli+paws+winogrande,0.3161764705882353,0.501834862385321,0.7833935018050542,0.5532118887823586,0.6964285714285714,0.7238946378174976,0.8696808510638298,0.8677298311444653,0.6351072607260726,0.51,0.1501632208922742
record+anli_r1+imdb+hellaswag+winogrande,0.6691176470588235,0.4896024464831804,0.6353790613718412,0.6059443911792906,0.30357142857142855,0.7017873941674506,0.9042553191489362,0.8968105065666041,0.5497112211221122,0.71,0.7013057671381937
record+anli_r1+paws+hellaswag+winogrande,0.5955882352941176,0.6657492354740061,0.6642599277978339,0.5369127516778524,0.44642857142857145,0.6952022577610536,0.9042553191489362,0.8330206378986866,0.7002887788778878,0.37,0.20348204570184983
record+anli_r1+paws+imdb+hellaswag,0.6299019607843137,0.6363914373088685,0.631768953068592,0.62320230105465,0.2857142857142857,0.7803386641580433,0.9122340425531915,0.8893058161350844,0.6742986798679867,0.65,0.5549510337323177
record+anli_r1+paws+imdb+winogrande,0.6446078431372549,0.6345565749235474,0.6425992779783394,0.5723873441994247,0.35714285714285715,0.7441204139228599,0.9095744680851063,0.8874296435272045,0.6747112211221122,0.51,0.40261153427638735
record+paws+imdb+hellaswag+winogrande,0.6495098039215687,0.6770642201834862,0.6462093862815884,0.5656759348034516,0.17857142857142858,0.6274694261523989,0.9148936170212766,0.8921200750469043,0.6794554455445545,0.45,0.3204570184983678
record+snli+anli_r1+hellaswag+winogrande,0.35294117647058826,0.6033639143730887,0.5812274368231047,0.5647171620325983,0.7678571428571429,0.7666980244590781,0.8377659574468085,0.8180112570356473,0.6367574257425742,0.69,0.5457018498367792
record+snli+anli_r1+imdb+hellaswag,0.35784313725490197,0.5788990825688073,0.5812274368231047,0.6318312559923298,0.7321428571428571,0.7845719661335842,0.875,0.8592870544090057,0.533003300330033,0.64,0.5973884657236126
record+snli+anli_r1+imdb+winogrande,0.3602941176470588,0.5648318042813456,0.5703971119133574,0.6001917545541706,0.8035714285714286,0.7883349012229539,0.8723404255319149,0.8574108818011257,0.539397689768977,0.64,0.4309031556039173
record+snli+anli_r1+paws+hellaswag,0.34068627450980393,0.6250764525993884,0.5812274368231047,0.5656759348034516,0.7321428571428571,0.7761053621825024,0.8351063829787234,0.8086303939962477,0.7139026402640264,0.45,0.10718171926006528
record+snli+anli_r1+paws+imdb,0.3480392156862745,0.5886850152905199,0.5776173285198556,0.5992329817833174,0.7321428571428571,0.7949200376293509,0.875,0.8639774859287055,0.6718234323432343,0.36,0.07997823721436344
record+snli+anli_r1+paws+winogrande,0.34068627450980393,0.6119266055045871,0.6028880866425993,0.5292425695110259,0.7857142857142857,0.7826904985888994,0.851063829787234,0.8142589118198874,0.7081270627062707,0.31,0.02883569096844396
record+snli+imdb+hellaswag+winogrande,0.35784313725490197,0.5685015290519878,0.5415162454873647,0.5963566634707574,0.7142857142857143,0.7521166509877705,0.8803191489361702,0.8649155722326454,0.5243399339933993,0.72,0.6735582154515778
record+snli+paws+hellaswag+winogrande,0.3235294117647059,0.654434250764526,0.5270758122743683,0.48609779482262705,0.75,0.7666980244590781,0.8324468085106383,0.46622889305816134,0.706476897689769,0.63,0.18607181719260066
record+snli+paws+imdb+hellaswag,0.36519607843137253,0.6449541284403669,0.5415162454873647,0.6059443911792906,0.6964285714285714,0.7737535277516463,0.8882978723404256,0.8714821763602252,0.6879125412541254,0.57,0.3563656147986942
record+snli+paws+imdb+winogrande,0.3799019607843137,0.6336391437308868,0.5306859205776173,0.5551294343240653,0.7678571428571429,0.7803386641580433,0.8882978723404256,0.8696060037523452,0.6891501650165016,0.48,0.19205658324265507
snli+anli_r1+imdb+hellaswag+winogrande,0.3480392156862745,0.5483180428134556,0.5740072202166066,0.6116970278044104,0.8392857142857143,0.7944496707431796,0.8670212765957447,0.851782363977486,0.5220709570957096,0.7,0.6866158868335147
snli+anli_r1+paws+imdb+hellaswag,0.35049019607843135,0.5889908256880734,0.5703971119133574,0.6011505273250239,0.7857142857142857,0.7996237064910631,0.8696808510638298,0.850844277673546,0.6697607260726073,0.62,0.5832426550598476
snli+anli_r1+paws+imdb+winogrande,0.3480392156862745,0.5868501529051988,0.5848375451263538,0.5589645254074784,0.7678571428571429,0.8043273753527752,0.8617021276595744,0.848968105065666,0.6691419141914191,0.61,0.4390642002176279
snli+paws+imdb+hellaswag+winogrande,0.33088235294117646,0.5923547400611621,0.5270758122743683,0.576222435282838,0.7857142857142857,0.7779868297271872,0.8803191489361702,0.8658536585365854,0.6765676567656765,0.71,0.64689880304679
sst2+anli_r1+imdb+hellaswag+winogrande,0.5,0.45718654434250766,0.6353790613718412,0.5982742090124641,0.16071428571428573,0.6801505174035748,0.9175531914893617,0.9230769230769231,0.4806105610561056,0.7,0.70620239390642
sst2+anli_r1+paws+hellaswag+winogrande,0.5220588235294118,0.600611620795107,0.6823104693140795,0.5474592521572388,0.30357142857142855,0.7455315145813735,0.9122340425531915,0.9061913696060038,0.6718234323432343,0.65,0.6479869423286181
sst2+anli_r1+paws+imdb+hellaswag,0.47549019607843135,0.5501529051987768,0.6534296028880866,0.5963566634707574,0.17857142857142858,0.6810912511759172,0.9228723404255319,0.9221388367729831,0.6499587458745875,0.67,0.6779107725788901
sst2+anli_r1+paws+imdb+winogrande,0.5,0.537920489296636,0.6570397111913358,0.5627996164908916,0.17857142857142858,0.6975540921919097,0.9228723404255319,0.9165103189493433,0.6452145214521452,0.59,0.6262241566920566
sst2+paws+imdb+hellaswag+winogrande,0.5147058823529411,0.5409785932721712,0.5595667870036101,0.5666347075743049,0.125,0.6359360301034808,0.9228723404255319,0.924015009380863,0.6478960396039604,0.66,0.6926006528835691
sst2+record+anli_r1+hellaswag+winogrande,0.6102941176470589,0.5100917431192661,0.6462093862815884,0.5541706615532119,0.25,0.6975540921919097,0.9228723404255319,0.9193245778611632,0.5901402640264026,0.71,0.6953210010881393
sst2+record+anli_r1+imdb+hellaswag,0.6029411764705882,0.5036697247706422,0.6101083032490975,0.6126558005752637,0.16071428571428573,0.6857949200376293,0.9202127659574468,0.924015009380863,0.4960808580858086,0.66,0.6800870511425462
sst2+record+anli_r1+imdb+winogrande,0.6102941176470589,0.4834862385321101,0.631768953068592,0.576222435282838,0.19642857142857142,0.6942615239887112,0.9202127659574468,0.9202626641651032,0.49484323432343236,0.63,0.6338411316648531
sst2+record+anli_r1+paws+hellaswag,0.5906862745098039,0.6461773700305811,0.6570397111913358,0.5637583892617449,0.25,0.7469426152398871,0.9202127659574468,0.9165103189493433,0.6860561056105611,0.58,0.4466811751904244
sst2+record+anli_r1+paws+imdb,0.5759803921568627,0.5761467889908257,0.6353790613718412,0.5695110258868649,0.16071428571428573,0.7046095954844779,0.9281914893617021,0.925891181988743,0.6524339933993399,0.46,0.3367791077257889
sst2+record+anli_r1+paws+winogrande,0.6151960784313726,0.6443425076452599,0.6462093862815884,0.5340364333652924,0.30357142857142855,0.7474129821260583,0.9202127659574468,0.9090056285178236,0.6835808580858086,0.46,0.3188248095756257
sst2+record+imdb+hellaswag+winogrande,0.5882352941176471,0.4767584097859327,0.6064981949458483,0.576222435282838,0.125,0.6227657572906867,0.9228723404255319,0.9230769230769231,0.4865924092409241,0.68,0.6964091403699674
sst2+record+paws+hellaswag+winogrande,0.6176470588235294,0.6694189602446483,0.6028880866425993,0.5244487056567594,0.125,0.6434619002822202,0.925531914893617,0.9174484052532833,0.6848184818481848,0.39,0.18117519042437433
sst2+record+paws+imdb+hellaswag,0.6151960784313726,0.5926605504587156,0.5848375451263538,0.5810162991371045,0.125,0.638758231420508,0.9228723404255319,0.925891181988743,0.6520214521452146,0.59,0.4842219804134929
sst2+record+paws+imdb+winogrande,0.6127450980392157,0.5932721712538226,0.6173285198555957,0.5455417066155321,0.125,0.6453433678269049,0.9228723404255319,0.9221388367729831,0.6524339933993399,0.47,0.4058759521218716
sst2+record+snli+anli_r1+hellaswag,0.36764705882352944,0.5877675840978593,0.592057761732852,0.576222435282838,0.7142857142857143,0.7916274694261524,0.8696808510638298,0.8667917448405253,0.5422854785478548,0.64,0.5272034820457019
sst2+record+snli+anli_r1+imdb,0.3946078431372549,0.5461773700305811,0.6137184115523465,0.6203259827420902,0.6428571428571429,0.7897460018814676,0.901595744680851,0.8930581613508443,0.5769389438943895,0.6,0.43471164309031557
sst2+record+snli+anli_r1+paws,0.38235294117647056,0.5972477064220183,0.5740072202166066,0.5417066155321189,0.6964285714285714,0.7949200376293509,0.875,0.8677298311444653,0.6889438943894389,0.39,0.0544069640914037
sst2+record+snli+anli_r1+winogrande,0.4068627450980392,0.5752293577981651,0.6101083032490975,0.5580057526366251,0.7321428571428571,0.7944496707431796,0.8803191489361702,0.8667917448405253,0.5453795379537953,0.59,0.35364526659412404
sst2+record+snli+hellaswag+winogrande,0.4019607843137255,0.581039755351682,0.5451263537906137,0.5474592521572388,0.6071428571428571,0.7714016933207902,0.8936170212765957,0.8855534709193246,0.5406353135313532,0.71,0.6256800870511425
sst2+record+snli+imdb+hellaswag,0.4019607843137255,0.5590214067278287,0.5415162454873647,0.6251198465963567,0.5357142857142857,0.7723424270931326,0.9148936170212766,0.9061913696060038,0.556930693069307,0.71,0.6235038084874864
sst2+record+snli+imdb+winogrande,0.4362745098039216,0.5513761467889908,0.5451263537906137,0.5934803451581975,0.48214285714285715,0.7761053621825024,0.9148936170212766,0.9015009380863039,0.5554867986798679,0.66,0.5038084874863983
sst2+record+snli+paws+hellaswag,0.41421568627450983,0.636697247706422,0.5487364620938628,0.5436241610738255,0.6785714285714286,0.779868297271872,0.8776595744680851,0.873358348968105,0.6996699669966997,0.57,0.20565832426550598
sst2+record+snli+paws+imdb,0.45098039215686275,0.5877675840978593,0.5703971119133574,0.5896452540747843,0.6785714285714286,0.7845719661335842,0.9122340425531915,0.9024390243902439,0.656559405940594,0.5,0.1528835690968444
sst2+record+snli+paws+winogrande,0.4583333333333333,0.6275229357798165,0.5379061371841155,0.5292425695110259,0.6428571428571429,0.7845719661335842,0.8829787234042553,0.8714821763602252,0.6949257425742574,0.47,0.1191512513601741
sst2+snli+anli_r1+hellaswag+winogrande,0.35049019607843135,0.5559633027522936,0.5667870036101083,0.5906040268456376,0.75,0.8005644402634055,0.8670212765957447,0.8686679174484052,0.5336221122112211,0.69,0.6708378672470077
sst2+snli+anli_r1+imdb+hellaswag,0.35784313725490197,0.517737003058104,0.592057761732852,0.6318312559923298,0.7142857142857143,0.793038570084666,0.8882978723404256,0.8893058161350844,0.5573432343234324,0.65,0.6610446137105549
sst2+snli+anli_r1+imdb+winogrande,0.36519607843137253,0.5137614678899083,0.5848375451263538,0.5944391179290508,0.7142857142857143,0.7920978363123237,0.8909574468085106,0.8855534709193246,0.5579620462046204,0.61,0.6077257889009793
sst2+snli+anli_r1+paws+hellaswag,0.34558823529411764,0.5957186544342508,0.5956678700361011,0.5503355704697986,0.75,0.8029162746942615,0.8696808510638298,0.8667917448405253,0.6765676567656765,0.61,0.5136017410228509
sst2+snli+anli_r1+paws+imdb,0.37254901960784315,0.5795107033639144,0.5812274368231047,0.6011505273250239,0.7142857142857143,0.7949200376293509,0.8936170212765957,0.8902439024390244,0.6097359735973598,0.52,0.45212187159956474
sst2+snli+anli_r1+paws+winogrande,0.3627450980392157,0.5923547400611621,0.6028880866425993,0.5330776605944392,0.75,0.8024459078080903,0.875,0.8630393996247655,0.6759488448844885,0.59,0.35092491838955386
sst2+snli+imdb+hellaswag+winogrande,0.39215686274509803,0.5042813455657492,0.5270758122743683,0.6116970278044104,0.5892857142857143,0.7652869238005644,0.9175531914893617,0.899624765478424,0.5387788778877888,0.71,0.6855277475516867
sst2+snli+paws+hellaswag+winogrande,0.3897058823529412,0.5990825688073395,0.5270758122743683,0.5369127516778524,0.7142857142857143,0.7845719661335842,0.8670212765957447,0.8705440900562852,0.6881188118811881,0.71,0.5843307943416758
sst2+snli+paws+imdb+hellaswag,0.40931372549019607,0.5807339449541284,0.5379061371841155,0.62320230105465,0.6607142857142857,0.7629350893697083,0.9122340425531915,0.900562851782364,0.6351072607260726,0.68,0.6354733405875952
sst2+snli+paws+imdb+winogrande,0.4264705882352941,0.5850152905198777,0.5306859205776173,0.5800575263662512,0.7142857142857143,0.7394167450611477,0.9122340425531915,0.8949343339587242,0.6396452145214522,0.61,0.5429815016322089
mnli+anli_r1+paws+imdb+hellaswag+winogrande,0.46078431372549017,0.5807339449541284,0.5415162454873647,0.5829338446788112,0.8392857142857143,0.8325493885230479,0.8882978723404256,0.8705440900562852,0.6732673267326733,0.65,0.6697497279651795
mnli+qnli+anli_r1+imdb+hellaswag+winogrande,0.33088235294117646,0.5247706422018349,0.5848375451263538,0.5992329817833174,0.8035714285714286,0.5917215428033866,0.8909574468085106,0.8658536585365854,0.5573432343234324,0.68,0.6436343852013058
mnli+qnli+anli_r1+paws+hellaswag+winogrande,0.3235294117647059,0.6,0.5956678700361011,0.5397890699904123,0.7857142857142857,0.5634995296331138,0.8643617021276596,0.8292682926829268,0.7429867986798679,0.6,0.5277475516866159
mnli+qnli+anli_r1+paws+imdb+hellaswag,0.3333333333333333,0.5850152905198777,0.5848375451263538,0.5934803451581975,0.75,0.5917215428033866,0.8882978723404256,0.8564727954971857,0.6817244224422442,0.62,0.6022850924918389
mnli+qnli+anli_r1+paws+imdb+winogrande,0.33088235294117646,0.5819571865443425,0.5812274368231047,0.5647171620325983,0.7678571428571429,0.5931326434619003,0.8776595744680851,0.8611632270168855,0.683993399339934,0.59,0.514145810663765
mnli+qnli+paws+imdb+hellaswag+winogrande,0.32598039215686275,0.582262996941896,0.5342960288808665,0.5560882070949185,0.7678571428571429,0.5818438381937912,0.898936170212766,0.874296435272045,0.6974009900990099,0.61,0.5854189336235038
mnli+qnli+qqp+anli_r1+hellaswag+winogrande,0.3161764705882353,0.43761467889908257,0.8231046931407943,0.573346116970278,0.5357142857142857,0.6326434619002822,0.8218085106382979,0.8020637898686679,0.6367574257425742,0.47,0.4581066376496192
mnli+qnli+qqp+anli_r1+imdb+hellaswag,0.3161764705882353,0.3553516819571865,0.8050541516245487,0.638542665388303,0.5178571428571429,0.687206020696143,0.8723404255319149,0.8592870544090057,0.6316006600660066,0.5,0.4880304678998912
mnli+qnli+qqp+anli_r1+imdb+winogrande,0.3161764705882353,0.3532110091743119,0.8086642599277978,0.6021093000958773,0.5178571428571429,0.6984948259642522,0.8696808510638298,0.8574108818011257,0.6324257425742574,0.43,0.4020674646354733
mnli+qnli+qqp+anli_r1+paws+hellaswag,0.3161764705882353,0.4932721712538226,0.8086642599277978,0.5704697986577181,0.5178571428571429,0.6933207902163687,0.7925531914893617,0.7954971857410882,0.6524339933993399,0.25,0.3106637649619151
mnli+qnli+qqp+anli_r1+paws+imdb,0.3161764705882353,0.4746177370030581,0.8014440433212996,0.5790987535953979,0.4642857142857143,0.7544684854186265,0.8617021276595744,0.850844277673546,0.6468646864686468,0.27,0.235038084874864
mnli+qnli+qqp+anli_r1+paws+winogrande,0.3161764705882353,0.4920489296636086,0.8086642599277978,0.5474592521572388,0.5178571428571429,0.7130761994355598,0.8111702127659575,0.7889305816135085,0.6491336633663366,0.21,0.17519042437431992
mnli+qnli+qqp+imdb+hellaswag+winogrande,0.3161764705882353,0.37951070336391435,0.7292418772563177,0.5982742090124641,0.42857142857142855,0.6528692380056444,0.8962765957446809,0.8686679174484052,0.6260313531353136,0.6,0.5212187159956474
mnli+qnli+qqp+paws+hellaswag+winogrande,0.3161764705882353,0.4957186544342508,0.7111913357400722,0.48322147651006714,0.44642857142857145,0.6467544684854186,0.8617021276595744,0.8330206378986866,0.656559405940594,0.44,0.3601741022850925
mnli+qnli+qqp+paws+imdb+hellaswag,0.3161764705882353,0.48623853211009177,0.703971119133574,0.6049856184084372,0.4107142857142857,0.7144873000940734,0.8882978723404256,0.8724202626641651,0.6505775577557755,0.47,0.41947769314472255
mnli+qnli+qqp+paws+imdb+winogrande,0.3161764705882353,0.4804281345565749,0.7003610108303249,0.576222435282838,0.39285714285714285,0.7253057384760113,0.8936170212765957,0.8686679174484052,0.6476897689768977,0.4,0.28618063112078346
mnli+qnli+qqp+record+anli_r1+hellaswag,0.3161764705882353,0.46788990825688076,0.8158844765342961,0.576222435282838,0.5,0.5907808090310442,0.8430851063829787,0.8311444652908068,0.6410891089108911,0.51,0.36126224156692055
mnli+qnli+qqp+record+anli_r1+imdb,0.3161764705882353,0.38960244648318043,0.8194945848375451,0.6001917545541706,0.5,0.6556914393226717,0.8803191489361702,0.8658536585365854,0.643976897689769,0.44,0.25571273122959737
mnli+qnli+qqp+record+anli_r1+paws,0.3161764705882353,0.4941896024464832,0.8050541516245487,0.5589645254074784,0.5357142857142857,0.680620884289746,0.8351063829787234,0.8095684803001876,0.6561468646864687,0.23,0.06365614798694233
mnli+qnli+qqp+record+anli_r1+winogrande,0.3161764705882353,0.4657492354740061,0.8194945848375451,0.5541706615532119,0.5,0.6053621825023519,0.851063829787234,0.8255159474671669,0.6396452145214522,0.43,0.20021762785636563
mnli+qnli+qqp+record+hellaswag+winogrande,0.3161764705882353,0.4828746177370031,0.7328519855595668,0.5407478427612655,0.42857142857142855,0.5841956726246472,0.8723404255319149,0.8367729831144465,0.6336633663366337,0.64,0.4134929270946681
mnli+qnli+qqp+record+imdb+hellaswag,0.3161764705882353,0.41773700305810396,0.7075812274368231,0.6126558005752637,0.42857142857142855,0.5978363123236125,0.901595744680851,0.8771106941838649,0.6371699669966997,0.62,0.45266594124047876
mnli+qnli+qqp+record+imdb+winogrande,0.3161764705882353,0.41773700305810396,0.7256317689530686,0.585810162991371,0.44642857142857145,0.6110065851364064,0.8962765957446809,0.8724202626641651,0.6406765676567657,0.54,0.31229597388465724
mnli+qnli+qqp+record+paws+hellaswag,0.3161764705882353,0.5067278287461774,0.703971119133574,0.4343240651965484,0.4107142857142857,0.5827845719661335,0.8696808510638298,0.8470919324577861,0.6695544554455446,0.4,0.17736670293797607
mnli+qnli+qqp+record+paws+imdb,0.3161764705882353,0.4819571865443425,0.6895306859205776,0.5934803451581975,0.4107142857142857,0.6782690498588899,0.8909574468085106,0.874296435272045,0.6478960396039604,0.33,0.11969532100108814
mnli+qnli+qqp+record+paws+winogrande,0.3161764705882353,0.4975535168195719,0.7148014440433214,0.4534995206136146,0.4107142857142857,0.5917215428033866,0.8776595744680851,0.8405253283302064,0.6639851485148515,0.37,0.06855277475516866
mnli+qnli+qqp+record+snli+anli_r1,0.3161764705882353,0.37522935779816513,0.5631768953068592,0.576222435282838,0.7678571428571429,0.7173095014111006,0.8085106382978723,0.7795497185741088,0.6602722772277227,0.09,0.09684439608269858
mnli+qnli+qqp+record+snli+hellaswag,0.3161764705882353,0.42171253822629967,0.5848375451263538,0.5752636625119847,0.8035714285714286,0.6345249294449671,0.7952127659574468,0.7579737335834896,0.6654290429042904,0.16,0.24211099020674645
mnli+qnli+qqp+record+snli+imdb,0.3161764705882353,0.29204892966360857,0.5992779783393501,0.6069031639501438,0.8214285714285714,0.7140169332079022,0.8430851063829787,0.8377110694183865,0.648102310231023,0.17,0.1969532100108814
mnli+qnli+qqp+record+snli+paws,0.3161764705882353,0.4804281345565749,0.6245487364620939,0.5474592521572388,0.7678571428571429,0.7276575729068674,0.8164893617021277,0.7166979362101313,0.6794554455445545,0.07,0.046245919477693145
mnli+qnli+qqp+record+snli+winogrande,0.3161764705882353,0.42660550458715596,0.6064981949458483,0.5417066155321189,0.7857142857142857,0.6533396048918156,0.7925531914893617,0.7598499061913696,0.6584158415841584,0.15,0.1458106637649619
mnli+qnli+qqp+snli+anli_r1+hellaswag,0.3161764705882353,0.3354740061162079,0.5667870036101083,0.5877277085330777,0.7857142857142857,0.7389463781749764,0.8058510638297872,0.7898686679174484,0.6600660066006601,0.07,0.18008705114254625
mnli+qnli+qqp+snli+anli_r1+imdb,0.3161764705882353,0.18837920489296636,0.5740072202166066,0.5944391179290508,0.8035714285714286,0.7831608654750706,0.848404255319149,0.8386491557223265,0.6216996699669967,0.05,0.1235038084874864
mnli+qnli+qqp+snli+anli_r1+paws,0.3161764705882353,0.4743119266055046,0.5776173285198556,0.5474592521572388,0.7857142857142857,0.79068673565381,0.8271276595744681,0.797373358348968,0.6617161716171617,0.03,0.04733405875952122
mnli+qnli+qqp+snli+anli_r1+winogrande,0.3161764705882353,0.3406727828746177,0.5776173285198556,0.5560882070949185,0.8035714285714286,0.7525870178739417,0.7819148936170213,0.7617260787992496,0.6575907590759076,0.05,0.11153427638737759
mnli+qnli+qqp+snli+hellaswag+winogrande,0.3161764705882353,0.38593272171253823,0.6209386281588448,0.5675934803451582,0.8035714285714286,0.6900282220131703,0.7898936170212766,0.7589118198874296,0.6602722772277227,0.11,0.2687704026115343
mnli+qnli+qqp+snli+imdb+hellaswag,0.3161764705882353,0.24281345565749235,0.6173285198555957,0.6011505273250239,0.7857142857142857,0.7502351834430856,0.8404255319148937,0.8311444652908068,0.6237623762376238,0.12,0.2878128400435256
mnli+qnli+qqp+snli+imdb+winogrande,0.3161764705882353,0.23700305810397554,0.6173285198555957,0.5771812080536913,0.8035714285714286,0.7554092191909689,0.8457446808510638,0.8377110694183865,0.6320132013201321,0.1,0.2312295973884657
mnli+qnli+qqp+snli+paws+hellaswag,0.3161764705882353,0.4874617737003058,0.6209386281588448,0.5637583892617449,0.8035714285714286,0.746472248353716,0.8164893617021277,0.724202626641651,0.6773927392739274,0.05,0.16866158868335146
mnli+qnli+qqp+snli+paws+imdb,0.3161764705882353,0.45718654434250766,0.6353790613718412,0.5848513902205177,0.7857142857142857,0.793038570084666,0.8563829787234043,0.8377110694183865,0.6557343234323433,0.05,0.13003264417845484
mnli+qnli+qqp+snli+paws+winogrande,0.3161764705882353,0.4746177370030581,0.6389891696750902,0.5234899328859061,0.8035714285714286,0.7657572906867357,0.8138297872340425,0.7279549718574109,0.6695544554455446,0.04,0.088139281828074
mnli+qnli+qqp+sst2+anli_r1+hellaswag,0.3161764705882353,0.37003058103975534,0.8122743682310469,0.5953978906999041,0.5,0.7107243650047037,0.8803191489361702,0.8771106941838649,0.6382013201320133,0.47,0.45321001088139284
mnli+qnli+qqp+sst2+anli_r1+imdb,0.3161764705882353,0.23761467889908258,0.8122743682310469,0.613614573346117,0.44642857142857145,0.7793979303857008,0.9042553191489362,0.8921200750469043,0.6076732673267327,0.44,0.4020674646354733
mnli+qnli+qqp+sst2+anli_r1+paws,0.3161764705882353,0.4801223241590214,0.8050541516245487,0.5925215723873442,0.48214285714285715,0.7732831608654751,0.8803191489361702,0.874296435272045,0.6485148514851485,0.23,0.1926006528835691
mnli+qnli+qqp+sst2+anli_r1+winogrande,0.3161764705882353,0.36299694189602444,0.8267148014440433,0.5656759348034516,0.5178571428571429,0.7267168391345249,0.8962765957446809,0.874296435272045,0.6417079207920792,0.43,0.37595212187159954
mnli+qnli+qqp+sst2+hellaswag+winogrande,0.3161764705882353,0.40091743119266054,0.740072202166065,0.573346116970278,0.4107142857142857,0.6613358419567262,0.8829787234042553,0.8808630393996247,0.634075907590759,0.59,0.5114254624591947
mnli+qnli+qqp+sst2+imdb+hellaswag,0.3161764705882353,0.28409785932721715,0.7003610108303249,0.6155321188878236,0.35714285714285715,0.7238946378174976,0.9148936170212766,0.9080675422138836,0.602516501650165,0.59,0.5184983677910773
mnli+qnli+qqp+sst2+imdb+winogrande,0.3161764705882353,0.28440366972477066,0.7184115523465704,0.6059443911792906,0.39285714285714285,0.7220131702728128,0.9122340425531915,0.9015009380863039,0.6107673267326733,0.55,0.4510337323177367
mnli+qnli+qqp+sst2+paws+hellaswag,0.3161764705882353,0.4935779816513762,0.703971119133574,0.5781399808245445,0.39285714285714285,0.7271872060206962,0.8856382978723404,0.8789868667917449,0.6489273927392739,0.42,0.35310119695321
mnli+qnli+qqp+sst2+paws+imdb,0.3161764705882353,0.463302752293578,0.6678700361010831,0.5896452540747843,0.39285714285714285,0.7681091251175918,0.9042553191489362,0.9033771106941839,0.6417079207920792,0.38,0.2992383025027203
mnli+qnli+qqp+sst2+paws+winogrande,0.3161764705882353,0.4840978593272171,0.7184115523465704,0.5599232981783318,0.375,0.7417685794920038,0.8909574468085106,0.875234521575985,0.6505775577557755,0.37,0.24374319912948858
mnli+qnli+qqp+sst2+record+anli_r1,0.3161764705882353,0.3966360856269113,0.8194945848375451,0.5963566634707574,0.4642857142857143,0.6919096895578551,0.901595744680851,0.8771106941838649,0.6491336633663366,0.43,0.2176278563656148
mnli+qnli+qqp+sst2+record+hellaswag,0.3161764705882353,0.4397553516819572,0.7111913357400722,0.5877277085330777,0.4107142857142857,0.6260583254938852,0.8909574468085106,0.8958724202626641,0.6392326732673267,0.63,0.3928182807399347
mnli+qnli+qqp+sst2+record+imdb,0.3161764705882353,0.3281345565749236,0.6750902527075813,0.6184084372003835,0.375,0.7083725305738476,0.9148936170212766,0.9071294559099438,0.6328382838283828,0.53,0.3215451577801959
mnli+qnli+qqp+sst2+record+paws,0.3161764705882353,0.4984709480122324,0.6931407942238267,0.5589645254074784,0.39285714285714285,0.7196613358419567,0.8962765957446809,0.8827392120075047,0.6522277227722773,0.36,0.088139281828074
mnli+qnli+qqp+sst2+record+snli,0.3161764705882353,0.2981651376146789,0.6028880866425993,0.5704697986577181,0.8035714285714286,0.7502351834430856,0.8377659574468085,0.8348968105065666,0.6536716171617162,0.16,0.1501632208922742
mnli+qnli+qqp+sst2+record+winogrande,0.3161764705882353,0.43944954128440367,0.7184115523465704,0.5656759348034516,0.44642857142857145,0.6415804327375353,0.8962765957446809,0.8930581613508443,0.6396452145214522,0.55,0.2763873775843308
mnli+qnli+qqp+sst2+snli+anli_r1,0.3161764705882353,0.20091743119266056,0.5703971119133574,0.5800575263662512,0.8035714285714286,0.7982126058325494,0.8351063829787234,0.8348968105065666,0.6371699669966997,0.03,0.09956474428726877
mnli+qnli+qqp+sst2+snli+hellaswag,0.3161764705882353,0.2434250764525994,0.6209386281588448,0.5819750719079578,0.7857142857142857,0.7770460959548448,0.8324468085106383,0.8264540337711069,0.6468646864686468,0.12,0.25952121871599565
mnli+qnli+qqp+sst2+snli+imdb,0.3161764705882353,0.10122324159021406,0.6101083032490975,0.5973154362416108,0.8035714285714286,0.8029162746942615,0.8563829787234043,0.8611632270168855,0.5517739273927392,0.1,0.2219804134929271
mnli+qnli+qqp+sst2+snli+paws,0.3161764705882353,0.4706422018348624,0.631768953068592,0.5608820709491851,0.8035714285714286,0.8146754468485419,0.8377659574468085,0.8377110694183865,0.654496699669967,0.04,0.09793253536452666
mnli+qnli+qqp+sst2+snli+winogrande,0.3161764705882353,0.25015290519877675,0.6137184115523465,0.5532118887823586,0.8035714285714286,0.7812793979303857,0.8324468085106383,0.8264540337711069,0.6412953795379538,0.08,0.1926006528835691
mnli+qnli+record+anli_r1+hellaswag+winogrande,0.3284313725490196,0.590519877675841,0.6064981949458483,0.5541706615532119,0.7678571428571429,0.5658513640639699,0.8723404255319149,0.8367729831144465,0.616542904290429,0.65,0.6039173014145811
mnli+qnli+record+anli_r1+imdb+hellaswag,0.3333333333333333,0.5648318042813456,0.6101083032490975,0.6069031639501438,0.7142857142857143,0.5945437441204139,0.9042553191489362,0.8677298311444653,0.5742574257425742,0.64,0.6278563656147987
mnli+qnli+record+anli_r1+imdb+winogrande,0.3382352941176471,0.5525993883792049,0.6245487364620939,0.5781399808245445,0.7678571428571429,0.5945437441204139,0.901595744680851,0.8724202626641651,0.5773514851485149,0.64,0.5718171926006529
mnli+qnli+record+anli_r1+paws+hellaswag,0.3284313725490196,0.6042813455657492,0.6173285198555957,0.5589645254074784,0.7321428571428571,0.5691439322671684,0.8723404255319149,0.8367729831144465,0.7460808580858086,0.6,0.41077257889009794
mnli+qnli+record+anli_r1+paws+imdb,0.33088235294117646,0.5828746177370031,0.6245487364620939,0.5771812080536913,0.75,0.5945437441204139,0.8909574468085106,0.8658536585365854,0.6951320132013201,0.47,0.3400435255712731
mnli+qnli+record+anli_r1+paws+winogrande,0.32598039215686275,0.5954128440366973,0.6209386281588448,0.5282837967401726,0.75,0.5658513640639699,0.8723404255319149,0.8348968105065666,0.744430693069307,0.5,0.1985854189336235
mnli+qnli+record+imdb+hellaswag+winogrande,0.32598039215686275,0.5574923547400612,0.5415162454873647,0.5771812080536913,0.6071428571428571,0.5823142050799623,0.9042553191489362,0.8696060037523452,0.5521864686468647,0.66,0.6414581066376496
mnli+qnli+record+paws+hellaswag+winogrande,0.32107843137254904,0.6611620795107034,0.555956678700361,0.5282837967401726,0.6785714285714286,0.5362182502351834,0.8829787234042553,0.8236397748592871,0.7343234323432343,0.53,0.31229597388465724
mnli+qnli+record+paws+imdb+hellaswag,0.32598039215686275,0.5929663608562691,0.555956678700361,0.585810162991371,0.6071428571428571,0.5865475070555033,0.9069148936170213,0.8686679174484052,0.715552805280528,0.63,0.515233949945593
mnli+qnli+record+paws+imdb+winogrande,0.3284313725490196,0.5840978593272171,0.5306859205776173,0.5426653883029722,0.6785714285714286,0.5870178739416745,0.9042553191489362,0.873358348968105,0.7157590759075908,0.54,0.33514689880304677
mnli+qnli+record+snli+anli_r1+hellaswag,0.32107843137254904,0.5758409785932722,0.5270758122743683,0.5829338446788112,0.8214285714285714,0.5954844778927564,0.8058510638297872,0.7476547842401501,0.6175742574257426,0.57,0.2997823721436344
mnli+qnli+record+snli+anli_r1+imdb,0.33088235294117646,0.4666666666666667,0.5270758122743683,0.6097794822627037,0.8035714285714286,0.636406396989652,0.8563829787234043,0.8358348968105066,0.6342821782178217,0.5,0.23721436343852012
mnli+qnli+record+snli+anli_r1+paws,0.3235294117647059,0.5871559633027523,0.5270758122743683,0.5627996164908916,0.8035714285714286,0.6293508936970837,0.8271276595744681,0.6566604127579737,0.7215346534653465,0.29,0.041893362350380846
mnli+qnli+record+snli+anli_r1+winogrande,0.3235294117647059,0.57217125382263,0.5270758122743683,0.5455417066155321,0.8214285714285714,0.6006585136406397,0.8085106382978723,0.7542213883677298,0.6186056105610561,0.5,0.16702937976060936
mnli+qnli+record+snli+hellaswag+winogrande,0.32107843137254904,0.5850152905198777,0.5270758122743683,0.5541706615532119,0.8392857142857143,0.5564440263405456,0.7845744680851063,0.4652908067542214,0.6002475247524752,0.67,0.37431991294885747
mnli+qnli+record+snli+imdb+hellaswag,0.3235294117647059,0.5146788990825688,0.5270758122743683,0.6145733461169702,0.8035714285714286,0.6030103480714958,0.8537234042553191,0.8358348968105066,0.614480198019802,0.62,0.4439608269858542
mnli+qnli+record+snli+imdb+winogrande,0.3235294117647059,0.519571865443425,0.5270758122743683,0.5752636625119847,0.8214285714285714,0.6011288805268109,0.8537234042553191,0.8348968105065666,0.6245874587458746,0.56,0.2981501632208923
mnli+qnli+record+snli+paws+hellaswag,0.31862745098039214,0.5960244648318043,0.5270758122743683,0.5234899328859061,0.7857142857142857,0.5804327375352775,0.723404255319149,0.25422138836772984,0.7281353135313532,0.47,0.11806311207834602
mnli+qnli+record+snli+paws+imdb,0.32598039215686275,0.573394495412844,0.5270758122743683,0.5915627996164909,0.8214285714285714,0.6086547507055503,0.8590425531914894,0.8348968105065666,0.7062706270627063,0.43,0.09684439608269858
mnli+qnli+record+snli+paws+winogrande,0.3161764705882353,0.5926605504587156,0.5270758122743683,0.49856184084372,0.8392857142857143,0.5888993414863594,0.7340425531914894,0.2767354596622889,0.7242161716171617,0.43,0.04352557127312296
mnli+qnli+snli+anli_r1+hellaswag+winogrande,0.32107843137254904,0.5342507645259938,0.5270758122743683,0.5608820709491851,0.8214285714285714,0.625587958607714,0.8031914893617021,0.7514071294559099,0.6101485148514851,0.6,0.5228509249183896
mnli+qnli+snli+anli_r1+imdb+hellaswag,0.32598039215686275,0.41284403669724773,0.5270758122743683,0.6126558005752637,0.7857142857142857,0.6481655691439323,0.8590425531914894,0.8358348968105066,0.6262376237623762,0.53,0.5386289445048966
mnli+qnli+snli+anli_r1+imdb+winogrande,0.3235294117647059,0.41712538226299695,0.5270758122743683,0.5925215723873442,0.8214285714285714,0.6622765757290687,0.848404255319149,0.8348968105065666,0.6276815181518152,0.53,0.4499455930359086
mnli+qnli+snli+anli_r1+paws+hellaswag,0.32107843137254904,0.5871559633027523,0.5270758122743683,0.5675934803451582,0.7857142857142857,0.6566321730950141,0.8218085106382979,0.6669793621013134,0.7207095709570958,0.49,0.27094668117519044
mnli+qnli+snli+anli_r1+paws+imdb,0.3235294117647059,0.5584097859327217,0.5270758122743683,0.5953978906999041,0.8214285714285714,0.6984948259642522,0.8563829787234043,0.8358348968105066,0.6588283828382838,0.32,0.2252448313384113
mnli+qnli+snli+anli_r1+paws+winogrande,0.32107843137254904,0.5770642201834862,0.5270758122743683,0.5340364333652924,0.8214285714285714,0.6712135465663217,0.8085106382978723,0.6697936210131332,0.718440594059406,0.4,0.16213275299238303
mnli+qnli+snli+imdb+hellaswag+winogrande,0.31862745098039214,0.4669724770642202,0.5270758122743683,0.585810162991371,0.8214285714285714,0.6015992474129821,0.8563829787234043,0.8320825515947468,0.6091171617161716,0.65,0.6196953210010882
mnli+qnli+snli+paws+hellaswag+winogrande,0.3161764705882353,0.591743119266055,0.5270758122743683,0.5436241610738255,0.8214285714285714,0.6133584195672624,0.7340425531914894,0.325515947467167,0.726897689768977,0.63,0.35527747551686617
mnli+qnli+snli+paws+imdb+hellaswag,0.31862745098039214,0.5685015290519878,0.5270758122743683,0.6059443911792906,0.8035714285714286,0.6429915333960489,0.8670212765957447,0.8330206378986866,0.695957095709571,0.61,0.4689880304678999
mnli+qnli+snli+paws+imdb+winogrande,0.31862745098039214,0.563302752293578,0.5270758122743683,0.5685522531160115,0.8214285714285714,0.6523988711194731,0.8617021276595744,0.8330206378986866,0.6949257425742574,0.53,0.3133841131664853
mnli+qnli+sst2+anli_r1+hellaswag+winogrande,0.3333333333333333,0.5467889908256881,0.5956678700361011,0.5685522531160115,0.8035714285714286,0.5846660395108184,0.898936170212766,0.8761726078799249,0.5678630363036303,0.68,0.6300326441784548
mnli+qnli+sst2+anli_r1+imdb+hellaswag,0.34558823529411764,0.4834862385321101,0.5812274368231047,0.6193672099712368,0.7857142857142857,0.5973659454374413,0.9042553191489362,0.8939962476547842,0.5835396039603961,0.66,0.6327529923830251
mnli+qnli+sst2+anli_r1+imdb+winogrande,0.33578431372549017,0.46422018348623856,0.5992779783393501,0.5848513902205177,0.8035714285714286,0.5973659454374413,0.898936170212766,0.8939962476547842,0.5907590759075908,0.63,0.6186071817192601
mnli+qnli+sst2+anli_r1+paws+hellaswag,0.33088235294117646,0.5923547400611621,0.5992779783393501,0.5493767976989453,0.7857142857142857,0.5851364063969896,0.8909574468085106,0.873358348968105,0.6955445544554455,0.63,0.5826985854189336
mnli+qnli+sst2+anli_r1+paws+imdb,0.33578431372549017,0.5654434250764526,0.6064981949458483,0.5925215723873442,0.8035714285714286,0.6039510818438382,0.898936170212766,0.8939962476547842,0.6208745874587459,0.52,0.5408052230685527
mnli+qnli+sst2+anli_r1+paws+winogrande,0.3333333333333333,0.5865443425076453,0.6137184115523465,0.548418024928092,0.8035714285714286,0.5841956726246472,0.8936170212765957,0.8714821763602252,0.6941006600660066,0.55,0.48313384113166485
mnli+qnli+sst2+imdb+hellaswag+winogrande,0.3333333333333333,0.4837920489296636,0.5342960288808665,0.6069031639501438,0.75,0.5898400752587017,0.9175531914893617,0.9108818011257036,0.5686881188118812,0.7,0.6556039173014145
mnli+qnli+sst2+paws+hellaswag+winogrande,0.3284313725490196,0.5886850152905199,0.555956678700361,0.535953978906999,0.7678571428571429,0.5611476952022577,0.8962765957446809,0.8864915572232646,0.7136963696369637,0.62,0.545157780195865
mnli+qnli+sst2+paws+imdb+hellaswag,0.3284313725490196,0.5749235474006116,0.5379061371841155,0.5953978906999041,0.7321428571428571,0.5841956726246472,0.9122340425531915,0.9080675422138836,0.6324257425742574,0.64,0.6218715995647442
mnli+qnli+sst2+paws+imdb+winogrande,0.3480392156862745,0.5642201834862385,0.5451263537906137,0.5714285714285714,0.8214285714285714,0.5846660395108184,0.9148936170212766,0.9024390243902439,0.6423267326732673,0.59,0.5663764961915125
mnli+qnli+sst2+record+anli_r1+hellaswag,0.3333333333333333,0.5767584097859327,0.6137184115523465,0.5800575263662512,0.7321428571428571,0.5851364063969896,0.898936170212766,0.8846153846153846,0.5816831683168316,0.64,0.6126224156692056
mnli+qnli+sst2+record+anli_r1+imdb,0.3431372549019608,0.5021406727828747,0.6101083032490975,0.6069031639501438,0.7321428571428571,0.5983066792097836,0.9042553191489362,0.899624765478424,0.6031353135313532,0.59,0.5669205658324266
mnli+qnli+sst2+record+anli_r1+paws,0.3382352941176471,0.5951070336391437,0.628158844765343,0.5599232981783318,0.75,0.5860771401693321,0.8936170212765957,0.8761726078799249,0.7143151815181518,0.49,0.29651795429815014
mnli+qnli+sst2+record+anli_r1+winogrande,0.3382352941176471,0.5626911314984709,0.6245487364620939,0.5618408437200384,0.7857142857142857,0.5851364063969896,0.8936170212765957,0.8780487804878049,0.5886963696369637,0.63,0.5516866158868335
mnli+qnli+sst2+record+hellaswag+winogrande,0.3382352941176471,0.5767584097859327,0.5631768953068592,0.5378715244487057,0.6428571428571429,0.5710253998118533,0.9069148936170213,0.8911819887429644,0.5606435643564357,0.65,0.6218715995647442
mnli+qnli+sst2+record+imdb+hellaswag,0.34068627450980393,0.5357798165137615,0.5776173285198556,0.62320230105465,0.6071428571428571,0.5936030103480715,0.9148936170212766,0.9108818011257036,0.5851897689768977,0.68,0.6392818280739935
mnli+qnli+sst2+record+imdb+winogrande,0.37745098039215685,0.5180428134556575,0.5776173285198556,0.5934803451581975,0.6428571428571429,0.5907808090310442,0.9148936170212766,0.9061913696060038,0.5932343234323433,0.65,0.6088139281828074
mnli+qnli+sst2+record+paws+hellaswag,0.33088235294117646,0.5984709480122324,0.5740072202166066,0.5349952061361457,0.625,0.5747883349012229,0.901595744680851,0.8874296435272045,0.7174092409240924,0.62,0.44124047878128403
mnli+qnli+sst2+record+paws+imdb,0.3700980392156863,0.5798165137614679,0.5884476534296029,0.5906040268456376,0.6607142857142857,0.5893697083725306,0.9148936170212766,0.9071294559099438,0.668523102310231,0.53,0.41458106637649617
mnli+qnli+sst2+record+paws+winogrande,0.35049019607843135,0.5871559633027523,0.5812274368231047,0.5273250239693192,0.6785714285714286,0.5710253998118533,0.901595744680851,0.8846153846153846,0.7217409240924092,0.54,0.2812840043525571
mnli+qnli+sst2+record+snli+anli_r1,0.3284313725490196,0.4761467889908257,0.5270758122743683,0.588686481303931,0.8035714285714286,0.6453433678269049,0.8377659574468085,0.8302063789868668,0.6448019801980198,0.5,0.17845484221980412
mnli+qnli+sst2+record+snli+hellaswag,0.32598039215686275,0.5385321100917431,0.5270758122743683,0.5829338446788112,0.8035714285714286,0.603480714957667,0.8377659574468085,0.8302063789868668,0.6268564356435643,0.62,0.38900979325353646
mnli+qnli+sst2+record+snli+imdb,0.33088235294117646,0.3730886850152905,0.5270758122743683,0.5896452540747843,0.8035714285714286,0.6241768579492004,0.8590425531914894,0.8555347091932458,0.6301567656765676,0.57,0.337867247007617
mnli+qnli+sst2+record+snli+paws,0.32598039215686275,0.5813455657492355,0.5270758122743683,0.5675934803451582,0.8035714285714286,0.6401693320790216,0.8404255319148937,0.8405253283302064,0.7101897689768977,0.45,0.06528835690968444
mnli+qnli+sst2+record+snli+winogrande,0.32598039215686275,0.5256880733944954,0.5270758122743683,0.5608820709491851,0.8392857142857143,0.6011288805268109,0.8324468085106383,0.8302063789868668,0.6301567656765676,0.59,0.2486398258977149
mnli+qnli+sst2+snli+anli_r1+hellaswag,0.3284313725490196,0.41620795107033637,0.5270758122743683,0.5953978906999041,0.8035714285714286,0.6669802445907808,0.8324468085106383,0.8245778611632271,0.6324257425742574,0.52,0.484766050054407
mnli+qnli+sst2+snli+anli_r1+imdb,0.33088235294117646,0.2400611620795107,0.5270758122743683,0.6069031639501438,0.8214285714285714,0.7154280338664158,0.8563829787234043,0.8574108818011257,0.6196369636963697,0.37,0.3900979325353645
mnli+qnli+sst2+snli+anli_r1+paws,0.3284313725490196,0.5660550458715596,0.5270758122743683,0.5666347075743049,0.8035714285714286,0.7257761053621825,0.851063829787234,0.8348968105065666,0.6829620462046204,0.29,0.17845484221980412
mnli+qnli+sst2+snli+anli_r1+winogrande,0.32598039215686275,0.43516819571865445,0.5270758122743683,0.5532118887823586,0.8214285714285714,0.6810912511759172,0.8377659574468085,0.8227016885553471,0.6309818481848185,0.46,0.39173014145810664
mnli+qnli+sst2+snli+hellaswag+winogrande,0.32598039215686275,0.4941896024464832,0.5270758122743683,0.5666347075743049,0.8214285714285714,0.6227657572906867,0.8271276595744681,0.8217636022514071,0.6206683168316832,0.65,0.5919477693144722
mnli+qnli+sst2+snli+imdb+hellaswag,0.33088235294117646,0.3003058103975535,0.5270758122743683,0.6251198465963567,0.7857142857142857,0.6458137347130762,0.8670212765957447,0.8564727954971857,0.6099422442244224,0.61,0.6006528835690969
mnli+qnli+sst2+snli+imdb+winogrande,0.3284313725490196,0.3091743119266055,0.5270758122743683,0.5925215723873442,0.8214285714285714,0.6575729068673566,0.8563829787234043,0.8574108818011257,0.6204620462046204,0.59,0.5462459194776932
mnli+qnli+sst2+snli+paws+hellaswag,0.31862745098039214,0.5792048929663609,0.5270758122743683,0.5743048897411314,0.8035714285714286,0.6683913452492944,0.8404255319148937,0.8358348968105066,0.7087458745874587,0.58,0.36996735582154516
mnli+qnli+sst2+snli+paws+imdb,0.33088235294117646,0.5480122324159021,0.5270758122743683,0.585810162991371,0.8214285714285714,0.7013170272812794,0.8643617021276596,0.8583489681050657,0.6538778877887789,0.53,0.3563656147986942
mnli+qnli+sst2+snli+paws+winogrande,0.3235294117647059,0.57217125382263,0.5270758122743683,0.5436241610738255,0.8214285714285714,0.6773283160865475,0.8430851063829787,0.8348968105065666,0.7027640264026402,0.55,0.2578890097932535
mnli+qqp+anli_r1+imdb+hellaswag+winogrande,0.3161764705882353,0.40581039755351683,0.7978339350180506,0.62320230105465,0.7857142857142857,0.8570084666039511,0.8696808510638298,0.8564727954971857,0.6153052805280528,0.65,0.6202393906420022
mnli+qqp+anli_r1+paws+hellaswag+winogrande,0.3161764705882353,0.5103975535168196,0.8194945848375451,0.5541706615532119,0.8035714285714286,0.8579492003762935,0.8271276595744681,0.8030018761726079,0.6423267326732673,0.6,0.41838955386289445
mnli+qqp+anli_r1+paws+imdb+hellaswag,0.3161764705882353,0.490519877675841,0.8050541516245487,0.6395014381591563,0.7678571428571429,0.8579492003762935,0.8723404255319149,0.851782363977486,0.6441831683168316,0.59,0.500544069640914
mnli+qqp+anli_r1+paws+imdb+winogrande,0.3161764705882353,0.4865443425076453,0.8158844765342961,0.6021093000958773,0.7678571428571429,0.8527751646284102,0.8670212765957447,0.8442776735459663,0.6415016501650165,0.51,0.33025027203482044
mnli+qqp+paws+imdb+hellaswag+winogrande,0.3161764705882353,0.4914373088685015,0.7111913357400722,0.6222435282837967,0.5,0.7050799623706491,0.8856382978723404,0.8686679174484052,0.6382013201320133,0.64,0.543525571273123
mnli+qqp+record+anli_r1+hellaswag+winogrande,0.3161764705882353,0.4868501529051988,0.7978339350180506,0.5637583892617449,0.8035714285714286,0.8593603010348071,0.8351063829787234,0.8180112570356473,0.6258250825082509,0.64,0.4434167573449401
mnli+qqp+record+anli_r1+imdb+hellaswag,0.3161764705882353,0.42385321100917434,0.7942238267148014,0.6375838926174496,0.7142857142857143,0.8584195672624647,0.8856382978723404,0.8714821763602252,0.628506600660066,0.62,0.515778019586507
mnli+qqp+record+anli_r1+imdb+winogrande,0.3161764705882353,0.42446483180428135,0.8014440433212996,0.6241610738255033,0.7321428571428571,0.8560677328316086,0.8803191489361702,0.8658536585365854,0.6264438943894389,0.52,0.3514689880304679
mnli+qqp+record+anli_r1+paws+hellaswag,0.3161764705882353,0.5100917431192661,0.8086642599277978,0.5551294343240653,0.75,0.8626528692380057,0.8404255319148937,0.8245778611632271,0.6610973597359736,0.44,0.2426550598476605
mnli+qqp+record+anli_r1+paws+imdb,0.3161764705882353,0.48990825688073397,0.8122743682310469,0.6164908916586769,0.7142857142857143,0.8527751646284102,0.8776595744680851,0.8621013133208255,0.6437706270627063,0.36,0.191512513601741
mnli+qqp+record+anli_r1+paws+winogrande,0.3161764705882353,0.5061162079510704,0.8086642599277978,0.5282837967401726,0.75,0.8598306679209784,0.8377659574468085,0.8161350844277674,0.6606848184818482,0.34,0.1425462459194777
mnli+qqp+record+imdb+hellaswag+winogrande,0.3161764705882353,0.4474006116207951,0.7148014440433214,0.6203259827420902,0.5178571428571429,0.8264346190028222,0.8936170212765957,0.875234521575985,0.6227310231023102,0.66,0.5538628944504896
mnli+qqp+record+paws+hellaswag+winogrande,0.3161764705882353,0.5137614678899083,0.7111913357400722,0.5340364333652924,0.5714285714285714,0.8438381937911571,0.8590425531914894,0.8358348968105066,0.6726485148514851,0.51,0.2807399347116431
mnli+qqp+record+paws+imdb+hellaswag,0.3161764705882353,0.5003058103975535,0.6895306859205776,0.6308724832214765,0.5178571428571429,0.8076199435559737,0.8936170212765957,0.8771106941838649,0.6421204620462047,0.48,0.3340587595212187
mnli+qqp+record+paws+imdb+winogrande,0.3161764705882353,0.4914373088685015,0.7184115523465704,0.6049856184084372,0.5357142857142857,0.7991533396048918,0.8909574468085106,0.8667917448405253,0.6382013201320133,0.46,0.24374319912948858
mnli+qqp+record+snli+anli_r1+hellaswag,0.3161764705882353,0.41743119266055045,0.555956678700361,0.6001917545541706,0.8035714285714286,0.8320790216368767,0.7632978723404256,0.7626641651031895,0.6538778877887789,0.34,0.3590859630032644
mnli+qqp+record+snli+anli_r1+imdb,0.3161764705882353,0.27370030581039756,0.5740072202166066,0.6327900287631831,0.8392857142857143,0.8264346190028222,0.8164893617021277,0.8264540337711069,0.639026402640264,0.29,0.29053318824809576
mnli+qqp+record+snli+anli_r1+paws,0.3161764705882353,0.48807339449541287,0.5812274368231047,0.5838926174496645,0.8035714285714286,0.8273753527751646,0.800531914893617,0.7607879924953096,0.661509900990099,0.17,0.07671381936887922
mnli+qqp+record+snli+anli_r1+winogrande,0.3161764705882353,0.41192660550458715,0.5595667870036101,0.5675934803451582,0.8571428571428571,0.8245531514581373,0.7686170212765957,0.7504690431519699,0.6575907590759076,0.33,0.24156692056583243
mnli+qqp+record+snli+hellaswag+winogrande,0.3161764705882353,0.45137614678899085,0.6245487364620939,0.5695110258868649,0.8392857142857143,0.8358419567262465,0.7526595744680851,0.6651031894934334,0.6532590759075908,0.58,0.4434167573449401
mnli+qqp+record+snli+imdb+hellaswag,0.3161764705882353,0.3412844036697248,0.6209386281588448,0.6222435282837967,0.8214285714285714,0.8301975540921919,0.8324468085106383,0.8255159474671669,0.6472772277227723,0.53,0.49455930359085964
mnli+qqp+record+snli+imdb+winogrande,0.3161764705882353,0.3370030581039755,0.6462093862815884,0.613614573346117,0.8571428571428571,0.8320790216368767,0.8271276595744681,0.8151969981238274,0.6415016501650165,0.52,0.3748639825897715
mnli+qqp+record+snli+paws+hellaswag,0.3161764705882353,0.4990825688073395,0.631768953068592,0.5752636625119847,0.8035714285714286,0.8358419567262465,0.7712765957446809,0.5384615384615384,0.665016501650165,0.45,0.18335146898803048
mnli+qqp+record+snli+paws+imdb,0.3161764705882353,0.4703363914373089,0.6462093862815884,0.5963566634707574,0.8571428571428571,0.8273753527751646,0.8297872340425532,0.8320825515947468,0.6507838283828383,0.41,0.1572361262241567
mnli+qqp+record+snli+paws+winogrande,0.3161764705882353,0.4944954128440367,0.6425992779783394,0.5675934803451582,0.8571428571428571,0.8363123236124177,0.7872340425531915,0.5478424015009381,0.661509900990099,0.42,0.10663764961915125
mnli+qqp+snli+anli_r1+hellaswag+winogrande,0.3161764705882353,0.3672782874617737,0.5776173285198556,0.5906040268456376,0.8392857142857143,0.825964252116651,0.7819148936170213,0.7570356472795498,0.6547029702970297,0.21,0.4662676822633297
mnli+qqp+snli+anli_r1+imdb+hellaswag,0.3161764705882353,0.21223241590214068,0.5631768953068592,0.6222435282837967,0.8214285714285714,0.8245531514581373,0.8297872340425532,0.8273921200750469,0.6138613861386139,0.19,0.46517954298150166
mnli+qqp+snli+anli_r1+imdb+winogrande,0.3161764705882353,0.23119266055045873,0.5740072202166066,0.6059443911792906,0.875,0.8203198494825964,0.824468085106383,0.8189493433395872,0.6208745874587459,0.14,0.39608269858541895
mnli+qqp+snli+anli_r1+paws+hellaswag,0.3161764705882353,0.4883792048929664,0.5812274368231047,0.585810162991371,0.8035714285714286,0.8203198494825964,0.8058510638297872,0.7626641651031895,0.6617161716171617,0.14,0.28944504896626766
mnli+qqp+snli+anli_r1+paws+imdb,0.3161764705882353,0.45198776758409787,0.5884476534296029,0.6040268456375839,0.8214285714285714,0.8273753527751646,0.8457446808510638,0.8330206378986866,0.6485148514851485,0.09,0.22633297062023938
mnli+qqp+snli+anli_r1+paws+winogrande,0.3161764705882353,0.47706422018348627,0.5848375451263538,0.5570469798657718,0.8571428571428571,0.8179680150517403,0.7978723404255319,0.7673545966228893,0.6600660066006601,0.09,0.19042437431991294
mnli+qqp+snli+imdb+hellaswag+winogrande,0.3161764705882353,0.2834862385321101,0.6245487364620939,0.6069031639501438,0.875,0.8316086547507056,0.8164893617021277,0.8208255159474672,0.6223184818481848,0.58,0.5500544069640914
mnli+qqp+snli+paws+hellaswag+winogrande,0.3161764705882353,0.4902140672782875,0.628158844765343,0.5589645254074784,0.8571428571428571,0.8363123236124177,0.7712765957446809,0.5919324577861164,0.6633663366336634,0.48,0.3868335146898803
mnli+qqp+snli+paws+imdb+hellaswag,0.3161764705882353,0.4706422018348624,0.6245487364620939,0.6126558005752637,0.8392857142857143,0.8311382878645344,0.8377659574468085,0.8255159474671669,0.6563531353135313,0.44,0.44450489662676823
mnli+qqp+snli+paws+imdb+winogrande,0.3161764705882353,0.46422018348623856,0.628158844765343,0.5848513902205177,0.875,0.8264346190028222,0.8404255319148937,0.8302063789868668,0.6483085808580858,0.39,0.35310119695321
mnli+qqp+sst2+anli_r1+hellaswag+winogrande,0.3161764705882353,0.3944954128440367,0.8050541516245487,0.5810162991371045,0.7321428571428571,0.8532455315145814,0.8856382978723404,0.873358348968105,0.6235561056105611,0.65,0.6229597388465724
mnli+qqp+sst2+anli_r1+imdb+hellaswag,0.31862745098039214,0.28440366972477066,0.7833935018050542,0.6442953020134228,0.6785714285714286,0.8471307619943556,0.898936170212766,0.900562851782364,0.5889026402640264,0.6,0.6245919477693145
mnli+qqp+sst2+anli_r1+imdb+winogrande,0.31862745098039214,0.29021406727828747,0.7906137184115524,0.613614573346117,0.6964285714285714,0.8396048918156162,0.901595744680851,0.8911819887429644,0.5988036303630363,0.59,0.5538628944504896
mnli+qqp+sst2+anli_r1+paws+hellaswag,0.3161764705882353,0.5030581039755352,0.8339350180505415,0.588686481303931,0.7321428571428571,0.8513640639698965,0.8776595744680851,0.8714821763602252,0.6437706270627063,0.56,0.4276387377584331
mnli+qqp+sst2+anli_r1+paws+imdb,0.31862745098039214,0.463302752293578,0.8303249097472925,0.6145733461169702,0.6607142857142857,0.8311382878645344,0.8962765957446809,0.8893058161350844,0.6415016501650165,0.52,0.3748639825897715
mnli+qqp+sst2+anli_r1+paws+winogrande,0.3161764705882353,0.4892966360856269,0.8231046931407943,0.5675934803451582,0.75,0.8508936970837253,0.8856382978723404,0.8677298311444653,0.6445957095709571,0.51,0.29325353645266594
mnli+qqp+sst2+imdb+hellaswag+winogrande,0.3161764705882353,0.32782874617737,0.7328519855595668,0.613614573346117,0.5357142857142857,0.665098777046096,0.9069148936170213,0.9080675422138836,0.5889026402640264,0.69,0.6425462459194777
mnli+qqp+sst2+paws+hellaswag+winogrande,0.3161764705882353,0.5,0.7292418772563177,0.576222435282838,0.5892857142857143,0.715898400752587,0.8882978723404256,0.873358348968105,0.6423267326732673,0.62,0.4940152339499456
mnli+qqp+sst2+paws+imdb+hellaswag,0.3161764705882353,0.48073394495412847,0.7075812274368231,0.6270373921380633,0.5,0.6646284101599247,0.901595744680851,0.9108818011257036,0.6429455445544554,0.61,0.5266594124047879
mnli+qqp+sst2+paws+imdb+winogrande,0.3161764705882353,0.4648318042813456,0.7148014440433214,0.5963566634707574,0.5357142857142857,0.6382878645343368,0.9069148936170213,0.9043151969981238,0.6441831683168316,0.6,0.4053318824809576
mnli+qqp+sst2+record+anli_r1+hellaswag,0.3161764705882353,0.43302752293577984,0.8014440433212996,0.6222435282837967,0.6964285714285714,0.8537158984007526,0.8856382978723404,0.8789868667917449,0.6326320132013201,0.61,0.4368879216539717
mnli+qqp+sst2+record+anli_r1+imdb,0.31862745098039214,0.3204892966360856,0.7942238267148014,0.62320230105465,0.5892857142857143,0.8367826904985889,0.9069148936170213,0.9024390243902439,0.6227310231023102,0.5,0.3335146898803047
mnli+qqp+sst2+record+anli_r1+paws,0.3161764705882353,0.501834862385321,0.8194945848375451,0.5800575263662512,0.6607142857142857,0.8490122295390404,0.8909574468085106,0.874296435272045,0.6472772277227723,0.37,0.15451577801958652
mnli+qqp+sst2+record+anli_r1+winogrande,0.3161764705882353,0.43425076452599387,0.8014440433212996,0.573346116970278,0.6964285714285714,0.8518344308560677,0.8909574468085106,0.8724202626641651,0.6330445544554455,0.55,0.31719260065288357
mnli+qqp+sst2+record+hellaswag+winogrande,0.3161764705882353,0.4565749235474006,0.7364620938628159,0.5915627996164909,0.48214285714285715,0.8254938852304797,0.8962765957446809,0.8921200750469043,0.6256188118811881,0.66,0.5
mnli+qqp+sst2+record+imdb+hellaswag,0.3161764705882353,0.36636085626911313,0.7148014440433214,0.6414189837008629,0.4642857142857143,0.7765757290686736,0.9175531914893617,0.9108818011257036,0.6196369636963697,0.64,0.5397170837867247
mnli+qqp+sst2+record+imdb+winogrande,0.31862745098039214,0.36636085626911313,0.7364620938628159,0.6145733461169702,0.5,0.7718720602069614,0.9175531914893617,0.9071294559099438,0.6216996699669967,0.6,0.3906420021762786
mnli+qqp+sst2+record+paws+hellaswag,0.3161764705882353,0.5128440366972477,0.703971119133574,0.588686481303931,0.44642857142857145,0.8029162746942615,0.8882978723404256,0.8864915572232646,0.643976897689769,0.51,0.2927094668117519
mnli+qqp+sst2+record+paws+imdb,0.3161764705882353,0.4834862385321101,0.6931407942238267,0.6116970278044104,0.5,0.753527751646284,0.9175531914893617,0.9090056285178236,0.6421204620462047,0.42,0.235038084874864
mnli+qqp+sst2+record+paws+winogrande,0.3161764705882353,0.4981651376146789,0.7184115523465704,0.5599232981783318,0.5,0.8095014111006585,0.8882978723404256,0.8827392120075047,0.6452145214521452,0.48,0.2029379760609358
mnli+qqp+sst2+record+snli+anli_r1,0.3161764705882353,0.2944954128440367,0.5703971119133574,0.5838926174496645,0.8571428571428571,0.8320790216368767,0.8164893617021277,0.8227016885553471,0.6518151815181518,0.18,0.21653971708378672
mnli+qqp+sst2+record+snli+hellaswag,0.3161764705882353,0.3385321100917431,0.6245487364620939,0.6069031639501438,0.8392857142857143,0.8306679209783632,0.8031914893617021,0.8217636022514071,0.6493399339933993,0.54,0.426550598476605
mnli+qqp+sst2+record+snli+imdb,0.3161764705882353,0.19327217125382262,0.6064981949458483,0.6040268456375839,0.8035714285714286,0.8231420507996237,0.8537234042553191,0.8564727954971857,0.6054042904290429,0.47,0.3715995647442873
mnli+qqp+sst2+record+snli+paws,0.3161764705882353,0.482262996941896,0.6389891696750902,0.5790987535953979,0.8214285714285714,0.825964252116651,0.8324468085106383,0.8189493433395872,0.6547029702970297,0.39,0.1147986942328618
mnli+qqp+sst2+record+snli+winogrande,0.3161764705882353,0.3547400611620795,0.631768953068592,0.573346116970278,0.8571428571428571,0.8311382878645344,0.8164893617021277,0.8133208255159474,0.648102310231023,0.5,0.32100108813928185
mnli+qqp+sst2+snli+anli_r1+hellaswag,0.3161764705882353,0.2434250764525994,0.5740072202166066,0.6030680728667306,0.8571428571428571,0.8316086547507056,0.8085106382978723,0.8142589118198874,0.6346947194719472,0.12,0.40261153427638735
mnli+qqp+sst2+snli+anli_r1+imdb,0.3161764705882353,0.09327217125382263,0.5776173285198556,0.6203259827420902,0.875,0.8287864534336783,0.8590425531914894,0.851782363977486,0.5270214521452146,0.08,0.3063112078346028
mnli+qqp+sst2+snli+anli_r1+paws,0.3161764705882353,0.4654434250764526,0.5812274368231047,0.573346116970278,0.8571428571428571,0.8287864534336783,0.8271276595744681,0.8245778611632271,0.6493399339933993,0.08,0.15397170837867247
mnli+qqp+sst2+snli+anli_r1+winogrande,0.3161764705882353,0.24311926605504589,0.5848375451263538,0.5743048897411314,0.8928571428571429,0.8254938852304797,0.8111702127659575,0.8114446529080676,0.633457095709571,0.09,0.33460282916213274
mnli+qqp+sst2+snli+hellaswag+winogrande,0.3161764705882353,0.2874617737003058,0.6389891696750902,0.5944391179290508,0.8571428571428571,0.8297271872060207,0.8164893617021277,0.8114446529080676,0.6408828382838284,0.53,0.5310119695321001
mnli+qqp+sst2+snli+imdb+hellaswag,0.3161764705882353,0.1437308868501529,0.628158844765343,0.6203259827420902,0.8571428571428571,0.8189087488240828,0.851063829787234,0.8574108818011257,0.5340346534653465,0.43,0.5326441784548422
mnli+qqp+sst2+snli+imdb+winogrande,0.3161764705882353,0.15168195718654434,0.6389891696750902,0.5915627996164909,0.8392857142857143,0.8142050799623707,0.848404255319149,0.8545966228893058,0.5492986798679867,0.38,0.4923830250272035
mnli+qqp+sst2+snli+paws+hellaswag,0.3161764705882353,0.4837920489296636,0.6425992779783394,0.5896452540747843,0.8571428571428571,0.8287864534336783,0.8218085106382979,0.8123827392120075,0.656559405940594,0.35,0.38411316648531013
mnli+qqp+sst2+snli+paws+imdb,0.3161764705882353,0.42844036697247706,0.6209386281588448,0.5982742090124641,0.8571428571428571,0.8123236124176858,0.8537234042553191,0.8621013133208255,0.6386138613861386,0.2,0.3068552774755169
mnli+qqp+sst2+snli+paws+winogrande,0.3161764705882353,0.4746177370030581,0.6425992779783394,0.5666347075743049,0.8571428571428571,0.8250235183443085,0.8297872340425532,0.8189493433395872,0.653052805280528,0.27,0.26550598476605003
mnli+record+anli_r1+imdb+hellaswag+winogrande,0.5490196078431373,0.5718654434250765,0.5451263537906137,0.6164908916586769,0.7857142857142857,0.8278457196613358,0.901595744680851,0.874296435272045,0.5447607260726073,0.69,0.6708378672470077
mnli+record+anli_r1+paws+hellaswag+winogrande,0.47794117647058826,0.6397553516819572,0.5451263537906137,0.5627996164908916,0.8214285714285714,0.8278457196613358,0.8670212765957447,0.8339587242026266,0.7291666666666666,0.59,0.3868335146898803
mnli+record+anli_r1+paws+imdb+hellaswag,0.5367647058823529,0.5941896024464832,0.5415162454873647,0.6174496644295302,0.7678571428571429,0.8301975540921919,0.9042553191489362,0.874296435272045,0.6796617161716172,0.59,0.49020674646354734
mnli+record+anli_r1+paws+imdb+winogrande,0.5686274509803921,0.5798165137614679,0.555956678700361,0.573346116970278,0.8214285714285714,0.825964252116651,0.8936170212765957,0.8714821763602252,0.6800742574257426,0.55,0.37704026115342765
mnli+record+paws+imdb+hellaswag+winogrande,0.5931372549019608,0.6042813455657492,0.5451263537906137,0.5838926174496645,0.7142857142857143,0.8297271872060207,0.898936170212766,0.8761726078799249,0.6978135313531353,0.6,0.5391730141458106
mnli+record+snli+anli_r1+hellaswag+winogrande,0.35784313725490197,0.5865443425076453,0.5270758122743683,0.5800575263662512,0.875,0.8029162746942615,0.7792553191489362,0.6135084427767354,0.5895214521452146,0.65,0.3335146898803047
mnli+record+snli+anli_r1+imdb+hellaswag,0.3602941176470588,0.5058103975535169,0.5270758122743683,0.6471716203259827,0.8214285714285714,0.8095014111006585,0.8377659574468085,0.8208255159474672,0.6150990099009901,0.62,0.4173014145810664
mnli+record+snli+anli_r1+imdb+winogrande,0.35294117647058826,0.501223241590214,0.5270758122743683,0.62320230105465,0.8928571428571429,0.8080903104421449,0.824468085106383,0.8208255159474672,0.6202557755775577,0.56,0.26550598476605003
mnli+record+snli+anli_r1+paws+hellaswag,0.34558823529411764,0.6015290519877676,0.5270758122743683,0.5752636625119847,0.8035714285714286,0.8132643461900282,0.7819148936170213,0.45872420262664165,0.7139026402640264,0.49,0.08759521218715996
mnli+record+snli+anli_r1+paws+imdb,0.3480392156862745,0.5764525993883792,0.5270758122743683,0.610738255033557,0.8214285714285714,0.8076199435559737,0.8324468085106383,0.8320825515947468,0.6695544554455446,0.37,0.07453754080522307
mnli+record+snli+anli_r1+paws+winogrande,0.3382352941176471,0.5944954128440367,0.5270758122743683,0.551294343240652,0.8571428571428571,0.8066792097836313,0.7898936170212766,0.4718574108818011,0.7128712871287128,0.39,0.03536452665941241
mnli+record+snli+imdb+hellaswag+winogrande,0.3897058823529412,0.5308868501529052,0.5270758122743683,0.6212847555129435,0.875,0.8076199435559737,0.8297872340425532,0.8151969981238274,0.6000412541254125,0.69,0.5027203482045702
mnli+record+snli+paws+hellaswag+winogrande,0.3480392156862745,0.5981651376146789,0.5270758122743683,0.3537871524448706,0.875,0.8109125117591721,0.5771276595744681,0.10412757973733583,0.715552805280528,0.55,0.10337323177366703
mnli+record+snli+paws+imdb+hellaswag,0.3946078431372549,0.5850152905198777,0.5270758122743683,0.6308724832214765,0.8571428571428571,0.8052681091251176,0.8351063829787234,0.8142589118198874,0.6932755775577558,0.52,0.17682263329706202
mnli+record+snli+paws+imdb+winogrande,0.4215686274509804,0.5788990825688073,0.5270758122743683,0.576222435282838,0.8928571428571429,0.8090310442144873,0.8377659574468085,0.8086303939962477,0.6955445544554455,0.48,0.07997823721436344
mnli+snli+anli_r1+imdb+hellaswag+winogrande,0.3602941176470588,0.4397553516819572,0.5270758122743683,0.6241610738255033,0.875,0.8057384760112888,0.8191489361702128,0.8142589118198874,0.5994224422442245,0.65,0.6104461371055495
mnli+snli+anli_r1+paws+hellaswag+winogrande,0.34558823529411764,0.5923547400611621,0.5270758122743683,0.5666347075743049,0.8392857142857143,0.8142050799623707,0.7819148936170213,0.5234521575984991,0.7130775577557755,0.59,0.33133841131664854
mnli+snli+anli_r1+paws+imdb+hellaswag,0.36519607843137253,0.5770642201834862,0.5270758122743683,0.6069031639501438,0.8214285714285714,0.8071495766698025,0.8377659574468085,0.8283302063789869,0.6417079207920792,0.6,0.4053318824809576
mnli+snli+anli_r1+paws+imdb+winogrande,0.35784313725490197,0.57217125382263,0.5270758122743683,0.6069031639501438,0.875,0.8109125117591721,0.8324468085106383,0.8245778611632271,0.6456270627062707,0.53,0.2763873775843308
mnli+snli+paws+imdb+hellaswag+winogrande,0.3382352941176471,0.5788990825688073,0.5270758122743683,0.5953978906999041,0.875,0.8043273753527752,0.8404255319148937,0.8151969981238274,0.6767739273927392,0.64,0.4842219804134929
mnli+sst2+anli_r1+imdb+hellaswag+winogrande,0.5171568627450981,0.4920489296636086,0.5667870036101083,0.6356663470757431,0.7321428571428571,0.8240827845719662,0.9095744680851063,0.899624765478424,0.5591996699669967,0.69,0.691512513601741
mnli+sst2+anli_r1+paws+hellaswag+winogrande,0.5269607843137255,0.5984709480122324,0.5415162454873647,0.5417066155321189,0.7857142857142857,0.8292568203198495,0.8909574468085106,0.8696060037523452,0.6821369636963697,0.65,0.6458106637649619
mnli+sst2+anli_r1+paws+imdb+hellaswag,0.4877450980392157,0.5770642201834862,0.5523465703971119,0.6251198465963567,0.7857142857142857,0.8269049858889934,0.901595744680851,0.8958724202626641,0.6004537953795379,0.64,0.6610446137105549
mnli+sst2+anli_r1+paws+imdb+winogrande,0.5245098039215687,0.572782874617737,0.5451263537906137,0.5896452540747843,0.7678571428571429,0.8226716839134525,0.901595744680851,0.8921200750469043,0.6004537953795379,0.58,0.6153427638737758
mnli+sst2+paws+imdb+hellaswag+winogrande,0.5735294117647058,0.581039755351682,0.5451263537906137,0.5953978906999041,0.7142857142857143,0.7756349952963312,0.9202127659574468,0.9071294559099438,0.6150990099009901,0.66,0.6670293797606094
mnli+sst2+record+anli_r1+hellaswag+winogrande,0.5735294117647058,0.5785932721712538,0.5703971119133574,0.5723873441994247,0.75,0.8283160865475071,0.8962765957446809,0.875234521575985,0.5490924092409241,0.68,0.6528835690968444
mnli+sst2+record+anli_r1+imdb+hellaswag,0.5882352941176471,0.5357798165137615,0.5812274368231047,0.6375838926174496,0.7142857142857143,0.8212605832549389,0.9122340425531915,0.9033771106941839,0.576526402640264,0.66,0.6572361262241567
mnli+sst2+record+anli_r1+imdb+winogrande,0.5931372549019608,0.517737003058104,0.5848375451263538,0.6097794822627037,0.6607142857142857,0.8170272812793979,0.9095744680851063,0.900562851782364,0.5835396039603961,0.65,0.6066376496191512
mnli+sst2+record+anli_r1+paws+hellaswag,0.5808823529411765,0.5996941896024465,0.5776173285198556,0.5541706615532119,0.7678571428571429,0.8264346190028222,0.8936170212765957,0.874296435272045,0.6967821782178217,0.61,0.39336235038084877
mnli+sst2+record+anli_r1+paws+imdb,0.5637254901960784,0.5825688073394495,0.6064981949458483,0.6069031639501438,0.7321428571428571,0.8231420507996237,0.901595744680851,0.8968105065666041,0.628506600660066,0.53,0.3710554951033732
mnli+sst2+record+anli_r1+paws+winogrande,0.6004901960784313,0.591743119266055,0.5740072202166066,0.5436241610738255,0.7678571428571429,0.8273753527751646,0.8962765957446809,0.8696060037523452,0.6990511551155115,0.53,0.30359085963003263
mnli+sst2+record+imdb+hellaswag+winogrande,0.6176470588235294,0.5391437308868502,0.5342960288808665,0.6059443911792906,0.5714285714285714,0.8179680150517403,0.9202127659574468,0.9099437148217636,0.5653877887788779,0.71,0.6730141458106638
mnli+sst2+record+paws+hellaswag+winogrande,0.6102941176470589,0.6174311926605505,0.5415162454873647,0.5330776605944392,0.6964285714285714,0.8269049858889934,0.898936170212766,0.8911819887429644,0.7042079207920792,0.58,0.44885745375408054
mnli+sst2+record+paws+imdb+hellaswag,0.6078431372549019,0.5892966360856269,0.5415162454873647,0.6040268456375839,0.5714285714285714,0.8160865475070554,0.9175531914893617,0.9118198874296435,0.6567656765676567,0.65,0.5756256800870512
mnli+sst2+record+paws+imdb+winogrande,0.6274509803921569,0.5795107033639144,0.5451263537906137,0.5867689357622243,0.5714285714285714,0.80620884289746,0.9175531914893617,0.9090056285178236,0.659447194719472,0.58,0.5043525571273123
mnli+sst2+record+snli+anli_r1+hellaswag,0.375,0.5094801223241591,0.5270758122743683,0.5973154362416108,0.875,0.8057384760112888,0.8164893617021277,0.8151969981238274,0.621493399339934,0.61,0.34602829162132753
mnli+sst2+record+snli+anli_r1+imdb,0.3897058823529412,0.3458715596330275,0.5270758122743683,0.6222435282837967,0.875,0.8047977422389464,0.8537234042553191,0.8592870544090057,0.6311881188118812,0.57,0.27584330794341677
mnli+sst2+record+snli+anli_r1+paws,0.35294117647058826,0.5828746177370031,0.5270758122743683,0.5714285714285714,0.875,0.8113828786453434,0.8351063829787234,0.8236397748592871,0.6883250825082509,0.41,0.05386289445048966
mnli+sst2+record+snli+anli_r1+winogrande,0.375,0.5079510703363914,0.5270758122743683,0.5771812080536913,0.8928571428571429,0.8076199435559737,0.8111702127659575,0.8142589118198874,0.6233498349834984,0.57,0.23014145810663764
mnli+sst2+record+snli+hellaswag+winogrande,0.4583333333333333,0.554434250764526,0.5270758122743683,0.5953978906999041,0.8571428571428571,0.8160865475070554,0.8111702127659575,0.8067542213883677,0.6047854785478548,0.68,0.4211099020674646
mnli+sst2+record+snli+imdb+hellaswag,0.43137254901960786,0.4379204892966361,0.5270758122743683,0.6318312559923298,0.875,0.812793979303857,0.851063829787234,0.8564727954971857,0.6138613861386139,0.65,0.4896626768226333
mnli+sst2+record+snli+imdb+winogrande,0.47549019607843135,0.40581039755351683,0.5270758122743683,0.610738255033557,0.8571428571428571,0.8142050799623707,0.8457446808510638,0.851782363977486,0.6212871287128713,0.62,0.3514689880304679
mnli+sst2+record+snli+paws+hellaswag,0.4387254901960784,0.5941896024464832,0.5270758122743683,0.5608820709491851,0.875,0.8123236124176858,0.824468085106383,0.8020637898686679,0.7027640264026402,0.53,0.13601741022850924
mnli+sst2+record+snli+paws+imdb,0.4068627450980392,0.5724770642201835,0.5270758122743683,0.6011505273250239,0.875,0.8118532455315146,0.8537234042553191,0.8536585365853658,0.6503712871287128,0.49,0.11425462459194777
mnli+sst2+record+snli+paws+winogrande,0.4632352941176471,0.5902140672782875,0.5270758122743683,0.5627996164908916,0.8928571428571429,0.812793979303857,0.8271276595744681,0.8030018761726079,0.7033828382838284,0.47,0.06147986942328618
mnli+sst2+snli+anli_r1+hellaswag+winogrande,0.36519607843137253,0.4599388379204893,0.5270758122743683,0.5925215723873442,0.8928571428571429,0.8118532455315146,0.8111702127659575,0.8123827392120075,0.6120049504950495,0.61,0.5826985854189336
mnli+sst2+snli+anli_r1+imdb+hellaswag,0.3553921568627451,0.28103975535168196,0.5270758122743683,0.6289549376797698,0.8928571428571429,0.8057384760112888,0.8430851063829787,0.851782363977486,0.5973597359735974,0.61,0.5821545157780196
mnli+sst2+snli+anli_r1+imdb+winogrande,0.36519607843137253,0.2889908256880734,0.5270758122743683,0.6078619367209971,0.8928571428571429,0.8029162746942615,0.8563829787234043,0.8461538461538461,0.6008663366336634,0.55,0.5043525571273123
mnli+sst2+snli+anli_r1+paws+hellaswag,0.3553921568627451,0.590519877675841,0.5270758122743683,0.5915627996164909,0.8392857142857143,0.8080903104421449,0.8297872340425532,0.8180112570356473,0.6745049504950495,0.53,0.33133841131664854
mnli+sst2+snli+anli_r1+paws+imdb,0.37254901960784315,0.5486238532110091,0.5270758122743683,0.5925215723873442,0.8928571428571429,0.8052681091251176,0.848404255319149,0.8480300187617261,0.6542904290429042,0.39,0.28563656147986943
mnli+sst2+snli+anli_r1+paws+winogrande,0.3431372549019608,0.5804281345565749,0.5270758122743683,0.5695110258868649,0.8928571428571429,0.8095014111006585,0.8218085106382979,0.8133208255159474,0.6742986798679867,0.44,0.19586507072905332
mnli+sst2+snli+imdb+hellaswag+winogrande,0.3700980392156863,0.3470948012232416,0.5270758122743683,0.6078619367209971,0.8392857142857143,0.8146754468485419,0.848404255319149,0.8480300187617261,0.5839521452145214,0.66,0.6534276387377584
mnli+sst2+snli+paws+hellaswag+winogrande,0.38480392156862747,0.5941896024464832,0.5270758122743683,0.5551294343240653,0.8928571428571429,0.8123236124176858,0.8164893617021277,0.8039399624765479,0.6949257425742574,0.61,0.4053318824809576
mnli+sst2+snli+paws+imdb+hellaswag,0.3431372549019608,0.5626911314984709,0.5270758122743683,0.6126558005752637,0.8928571428571429,0.8132643461900282,0.8537234042553191,0.850844277673546,0.6458333333333334,0.64,0.5059847660500544
mnli+sst2+snli+paws+imdb+winogrande,0.36519607843137253,0.5565749235474006,0.5306859205776173,0.5781399808245445,0.875,0.8137347130761995,0.8563829787234043,0.850844277673546,0.6476897689768977,0.59,0.37268770402611534
qnli+anli_r1+paws+imdb+hellaswag+winogrande,0.31862745098039214,0.5483180428134556,0.740072202166065,0.5599232981783318,0.42857142857142855,0.5202257761053621,0.9095744680851063,0.8855534709193246,0.6712046204620462,0.67,0.6338411316648531
qnli+qqp+anli_r1+imdb+hellaswag+winogrande,0.3161764705882353,0.41376146788990825,0.47653429602888087,0.5973154362416108,0.375,0.5898400752587017,0.8696808510638298,0.8621013133208255,0.5957095709570958,0.66,0.5652883569096845
qnli+qqp+anli_r1+paws+hellaswag+winogrande,0.3161764705882353,0.5159021406727828,0.47653429602888087,0.5062320230105465,0.42857142857142855,0.577140169332079,0.824468085106383,0.8161350844277674,0.6293316831683168,0.56,0.3204570184983678
qnli+qqp+anli_r1+paws+imdb+hellaswag,0.3161764705882353,0.499388379204893,0.47653429602888087,0.5944391179290508,0.375,0.5926622765757291,0.875,0.8658536585365854,0.6208745874587459,0.51,0.3792165397170838
qnli+qqp+anli_r1+paws+imdb+winogrande,0.3161764705882353,0.4972477064220184,0.47653429602888087,0.5426653883029722,0.35714285714285715,0.6048918156161807,0.8696808510638298,0.8602251407129456,0.6183993399339934,0.46,0.20511425462459196
qnli+qqp+paws+imdb+hellaswag+winogrande,0.3161764705882353,0.4987767584097859,0.4729241877256318,0.5397890699904123,0.26785714285714285,0.6124176857949201,0.875,0.8667917448405253,0.6093234323432343,0.62,0.44504896626768226
qnli+qqp+record+anli_r1+hellaswag+winogrande,0.3161764705882353,0.4764525993883792,0.47653429602888087,0.5234899328859061,0.42857142857142855,0.5799623706491063,0.8271276595744681,0.8114446529080676,0.6021039603960396,0.56,0.36126224156692055
qnli+qqp+record+anli_r1+imdb+hellaswag,0.3161764705882353,0.4648318042813456,0.47653429602888087,0.5982742090124641,0.4107142857142857,0.5945437441204139,0.8856382978723404,0.8761726078799249,0.6070544554455446,0.54,0.39227421109902066
qnli+qqp+record+anli_r1+imdb+winogrande,0.3161764705882353,0.4437308868501529,0.47653429602888087,0.5714285714285714,0.4107142857142857,0.5945437441204139,0.8829787234042553,0.8771106941838649,0.6111798679867987,0.47,0.20511425462459196
qnli+qqp+record+anli_r1+paws+hellaswag,0.3161764705882353,0.5155963302752293,0.47653429602888087,0.5091083413231065,0.4107142857142857,0.5823142050799623,0.8324468085106383,0.8198874296435272,0.6382013201320133,0.34,0.15070729053318824
qnli+qqp+record+anli_r1+paws+imdb,0.3161764705882353,0.4981651376146789,0.47653429602888087,0.5541706615532119,0.375,0.5945437441204139,0.8803191489361702,0.8686679174484052,0.6262376237623762,0.13,0.10119695321001088
qnli+qqp+record+anli_r1+paws+winogrande,0.3161764705882353,0.5140672782874618,0.48014440433212996,0.4841802492809204,0.4107142857142857,0.5757290686735654,0.8457446808510638,0.8264540337711069,0.6373762376237624,0.15,0.06311207834602829
qnli+qqp+record+imdb+hellaswag+winogrande,0.3161764705882353,0.42477064220183486,0.4729241877256318,0.5551294343240653,0.39285714285714285,0.5841956726246472,0.8936170212765957,0.8846153846153846,0.6021039603960396,0.64,0.4602829162132753
qnli+qqp+record+paws+hellaswag+winogrande,0.3161764705882353,0.518960244648318,0.4729241877256318,0.5062320230105465,0.4107142857142857,0.5366886171213546,0.8404255319148937,0.7870544090056285,0.6557343234323433,0.43,0.18008705114254625
qnli+qqp+record+paws+imdb+hellaswag,0.3161764705882353,0.5045871559633027,0.4729241877256318,0.5666347075743049,0.375,0.5851364063969896,0.8776595744680851,0.8705440900562852,0.6252062706270627,0.41,0.2219804134929271
qnli+qqp+record+paws+imdb+winogrande,0.3161764705882353,0.5003058103975535,0.4729241877256318,0.5206136145733461,0.30357142857142855,0.5912511759172154,0.8803191489361702,0.8658536585365854,0.6278877887788779,0.28,0.13601741022850924
qnli+qqp+record+snli+anli_r1+hellaswag,0.3161764705882353,0.4730886850152905,0.7725631768953068,0.5704697986577181,0.4642857142857143,0.5898400752587017,0.7154255319148937,0.7363977485928705,0.6412953795379538,0.47,0.3117519042437432
qnli+qqp+record+snli+anli_r1+imdb,0.3161764705882353,0.381651376146789,0.7833935018050542,0.5953978906999041,0.4642857142857143,0.5936030103480715,0.8297872340425532,0.8414634146341463,0.6408828382838284,0.4,0.2290533188248096
qnli+qqp+record+snli+anli_r1+paws,0.3161764705882353,0.4902140672782875,0.7978339350180506,0.5570469798657718,0.5178571428571429,0.5907808090310442,0.75,0.6801125703564728,0.6516089108910891,0.16,0.04896626768226333
qnli+qqp+record+snli+anli_r1+winogrande,0.3161764705882353,0.46788990825688076,0.779783393501805,0.5522531160115053,0.4642857142857143,0.5917215428033866,0.723404255319149,0.7467166979362101,0.641914191419142,0.39,0.17682263329706202
qnli+qqp+record+snli+hellaswag+winogrande,0.3161764705882353,0.4837920489296636,0.7689530685920578,0.5522531160115053,0.42857142857142855,0.5827845719661335,0.8430851063829787,0.8302063789868668,0.635519801980198,0.61,0.3982589771490751
qnli+qqp+record+snli+imdb+hellaswag,0.3161764705882353,0.42599388379204894,0.7617328519855595,0.6184084372003835,0.42857142857142855,0.5973659454374413,0.8803191489361702,0.8649155722326454,0.6382013201320133,0.57,0.41893362350380847
qnli+qqp+record+snli+imdb+winogrande,0.3161764705882353,0.41896024464831805,0.7581227436823105,0.5685522531160115,0.42857142857142855,0.5945437441204139,0.8829787234042553,0.8649155722326454,0.6379950495049505,0.49,0.30359085963003263
qnli+qqp+record+snli+paws+hellaswag,0.3161764705882353,0.499388379204893,0.7581227436823105,0.4928092042186002,0.44642857142857145,0.5841956726246472,0.8563829787234043,0.8273921200750469,0.6555280528052805,0.34,0.1441784548422198
qnli+qqp+record+snli+paws+imdb,0.3161764705882353,0.4834862385321101,0.7472924187725631,0.5714285714285714,0.42857142857142855,0.5940733772342427,0.875,0.8639774859287055,0.6497524752475248,0.31,0.10718171926006528
qnli+qqp+record+snli+paws+winogrande,0.3161764705882353,0.4944954128440367,0.7545126353790613,0.4419942473633749,0.44642857142857145,0.5785512699905927,0.851063829787234,0.8245778611632271,0.6520214521452146,0.26,0.07072905331882481
qnli+qqp+snli+anli_r1+hellaswag+winogrande,0.3161764705882353,0.43914373088685016,0.779783393501805,0.5551294343240653,0.5178571428571429,0.5851364063969896,0.6968085106382979,0.6819887429643527,0.6398514851485149,0.32,0.42872687704026113
qnli+qqp+snli+anli_r1+imdb+hellaswag,0.3161764705882353,0.3397553516819572,0.7833935018050542,0.6049856184084372,0.48214285714285715,0.5950141110065852,0.8218085106382979,0.8180112570356473,0.6338696369636964,0.38,0.43307943416757344
qnli+qqp+snli+anli_r1+paws+hellaswag,0.3161764705882353,0.4957186544342508,0.8050541516245487,0.5608820709491851,0.5178571428571429,0.5917215428033866,0.7127659574468085,0.5975609756097561,0.6518151815181518,0.19,0.24483133841131666
qnli+qqp+snli+anli_r1+paws+imdb,0.3161764705882353,0.47155963302752296,0.8086642599277978,0.5800575263662512,0.5178571428571429,0.6444026340545626,0.8111702127659575,0.8189493433395872,0.6524339933993399,0.2,0.20076169749727965
qnli+qqp+snli+anli_r1+paws+winogrande,0.3161764705882353,0.4804281345565749,0.8050541516245487,0.535953978906999,0.5178571428571429,0.5898400752587017,0.7313829787234043,0.6210131332082551,0.650990099009901,0.16,0.14200217627856365
qnli+qqp+snli+imdb+hellaswag+winogrande,0.3161764705882353,0.3743119266055046,0.7833935018050542,0.585810162991371,0.42857142857142855,0.5959548447789276,0.8670212765957447,0.8602251407129456,0.6270627062706271,0.55,0.499455930359086
qnli+qqp+snli+paws+hellaswag+winogrande,0.3161764705882353,0.48990825688073397,0.7617328519855595,0.4928092042186002,0.42857142857142855,0.5804327375352775,0.8404255319148937,0.8236397748592871,0.6540841584158416,0.29,0.338411316648531
qnli+qqp+snli+paws+imdb+hellaswag,0.3161764705882353,0.48623853211009177,0.7581227436823105,0.6088207094918504,0.44642857142857145,0.6072436500470367,0.8643617021276596,0.8564727954971857,0.6485148514851485,0.34,0.3939064200217628
qnli+qqp+snli+paws+imdb+winogrande,0.3161764705882353,0.4798165137614679,0.7509025270758123,0.5704697986577181,0.44642857142857145,0.6392285983066792,0.8670212765957447,0.8639774859287055,0.6458333333333334,0.28,0.2660500544069641
qnli+qqp+sst2+anli_r1+hellaswag+winogrande,0.3161764705882353,0.43211009174311926,0.47653429602888087,0.5781399808245445,0.375,0.583725305738476,0.8909574468085106,0.8911819887429644,0.6035478547854786,0.67,0.5261153427638737
qnli+qqp+sst2+anli_r1+imdb+hellaswag,0.3161764705882353,0.40061162079510704,0.47653429602888087,0.6203259827420902,0.32142857142857145,0.5959548447789276,0.9175531914893617,0.9071294559099438,0.6012788778877888,0.63,0.5500544069640914
qnli+qqp+sst2+anli_r1+imdb+winogrande,0.3161764705882353,0.3874617737003058,0.47653429602888087,0.5906040268456376,0.30357142857142855,0.610065851364064,0.9122340425531915,0.9015009380863039,0.6037541254125413,0.58,0.44940152339499456
qnli+qqp+sst2+anli_r1+paws+hellaswag,0.3161764705882353,0.5155963302752293,0.47653429602888087,0.5637583892617449,0.35714285714285715,0.5936030103480715,0.8803191489361702,0.8855534709193246,0.6202557755775577,0.55,0.338411316648531
qnli+qqp+sst2+anli_r1+paws+imdb,0.3161764705882353,0.48807339449541287,0.47653429602888087,0.588686481303931,0.2857142857142857,0.6392285983066792,0.9122340425531915,0.9043151969981238,0.6303630363036303,0.48,0.24537540805223068
qnli+qqp+sst2+anli_r1+paws+winogrande,0.3161764705882353,0.500611620795107,0.47653429602888087,0.5465004793863855,0.3392857142857143,0.6020696142991533,0.8936170212765957,0.8855534709193246,0.6245874587458746,0.47,0.1822633297062024
qnli+qqp+sst2+imdb+hellaswag+winogrande,0.3161764705882353,0.38440366972477064,0.4729241877256318,0.5982742090124641,0.25,0.599247412982126,0.9148936170212766,0.9015009380863039,0.5959158415841584,0.65,0.5810663764961915
qnli+qqp+sst2+paws+hellaswag+winogrande,0.3161764705882353,0.5055045871559632,0.4729241877256318,0.5071907957813998,0.25,0.6006585136406397,0.901595744680851,0.8855534709193246,0.6243811881188119,0.62,0.397714907508161
qnli+qqp+sst2+paws+imdb+hellaswag,0.3161764705882353,0.4914373088685015,0.4729241877256318,0.6001917545541706,0.25,0.603480714957667,0.9148936170212766,0.9043151969981238,0.6179867986798679,0.62,0.43362350380848746
qnli+qqp+sst2+paws+imdb+winogrande,0.3161764705882353,0.4828746177370031,0.4729241877256318,0.5743048897411314,0.25,0.5954844778927564,0.9069148936170213,0.9024390243902439,0.6233498349834984,0.51,0.2801958650707291
qnli+qqp+sst2+record+anli_r1+hellaswag,0.3161764705882353,0.4767584097859327,0.47653429602888087,0.5752636625119847,0.4107142857142857,0.587958607714017,0.901595744680851,0.8949343339587242,0.6148927392739274,0.55,0.32698585418933623
qnli+qqp+sst2+record+anli_r1+imdb,0.3161764705882353,0.41253822629969417,0.47653429602888087,0.6203259827420902,0.3392857142857143,0.5973659454374413,0.9228723404255319,0.9108818011257036,0.6171617161716172,0.47,0.2176278563656148
qnli+qqp+sst2+record+anli_r1+paws,0.3161764705882353,0.5067278287461774,0.47653429602888087,0.535953978906999,0.35714285714285715,0.5888993414863594,0.8909574468085106,0.8921200750469043,0.6307755775577558,0.17,0.07616974972796518
qnli+qqp+sst2+record+anli_r1+winogrande,0.3161764705882353,0.45932721712538227,0.47653429602888087,0.5723873441994247,0.35714285714285715,0.5893697083725306,0.9069148936170213,0.8958724202626641,0.6208745874587459,0.52,0.16866158868335146
qnli+qqp+sst2+record+hellaswag+winogrande,0.3161764705882353,0.45168195718654436,0.4729241877256318,0.5474592521572388,0.3392857142857143,0.5691439322671684,0.9042553191489362,0.8958724202626641,0.6066419141914191,0.64,0.4162132752992383
qnli+qqp+sst2+record+imdb+hellaswag,0.3161764705882353,0.4290519877675841,0.4729241877256318,0.6155321188878236,0.26785714285714285,0.5917215428033866,0.9175531914893617,0.9099437148217636,0.6078795379537953,0.6,0.42274211099020675
qnli+qqp+sst2+record+imdb+winogrande,0.3161764705882353,0.41131498470948014,0.4729241877256318,0.5925215723873442,0.25,0.590310442144873,0.9175531914893617,0.9118198874296435,0.6157178217821783,0.51,0.2763873775843308
qnli+qqp+sst2+record+paws+hellaswag,0.3161764705882353,0.5174311926605505,0.4729241877256318,0.5129434324065196,0.30357142857142855,0.5790216368767639,0.9042553191489362,0.8911819887429644,0.6363448844884488,0.44,0.19967355821545157
qnli+qqp+sst2+record+paws+imdb,0.3161764705882353,0.4963302752293578,0.4729241877256318,0.6011505273250239,0.25,0.6067732831608654,0.9175531914893617,0.9071294559099438,0.6270627062706271,0.34,0.12894450489662676
qnli+qqp+sst2+record+paws+winogrande,0.3161764705882353,0.5119266055045871,0.4729241877256318,0.50143815915628,0.26785714285714285,0.5823142050799623,0.9042553191489362,0.8939962476547842,0.633457095709571,0.3,0.11099020674646355
qnli+qqp+sst2+record+snli+anli_r1,0.3161764705882353,0.39357798165137614,0.7906137184115524,0.5685522531160115,0.4642857142857143,0.5931326434619003,0.8696808510638298,0.8714821763602252,0.6433580858085809,0.38,0.19205658324265507
qnli+qqp+sst2+record+snli+hellaswag,0.3161764705882353,0.4437308868501529,0.776173285198556,0.6021093000958773,0.42857142857142855,0.5940733772342427,0.8803191489361702,0.8818011257035647,0.641914191419142,0.54,0.3634385201305767
qnli+qqp+sst2+record+snli+winogrande,0.3161764705882353,0.4415902140672783,0.7725631768953068,0.5647171620325983,0.4107142857142857,0.5912511759172154,0.8803191489361702,0.8761726078799249,0.6408828382838284,0.49,0.2540805223068553
qnli+qqp+sst2+snli+anli_r1+hellaswag,0.3161764705882353,0.3565749235474006,0.7833935018050542,0.5829338446788112,0.5,0.5954844778927564,0.848404255319149,0.8658536585365854,0.6392326732673267,0.3,0.4200217627856366
qnli+qqp+sst2+snli+anli_r1+imdb,0.3161764705882353,0.22874617737003058,0.7689530685920578,0.5953978906999041,0.4642857142857143,0.6815616180620885,0.8909574468085106,0.8883677298311444,0.6012788778877888,0.31,0.3710554951033732
qnli+qqp+sst2+snli+anli_r1+paws,0.3161764705882353,0.47889908256880737,0.8122743682310469,0.5647171620325983,0.5,0.6754468485418627,0.8563829787234043,0.8564727954971857,0.647483498349835,0.19,0.14798694232861806
qnli+qqp+sst2+snli+anli_r1+winogrande,0.3161764705882353,0.3636085626911315,0.7725631768953068,0.5570469798657718,0.48214285714285715,0.6152398871119473,0.8537234042553191,0.8639774859287055,0.641914191419142,0.27,0.3443960826985854
qnli+qqp+sst2+snli+hellaswag+winogrande,0.3161764705882353,0.39541284403669724,0.7942238267148014,0.5627996164908916,0.4107142857142857,0.590310442144873,0.8723404255319149,0.875234521575985,0.634075907590759,0.52,0.4842219804134929
qnli+qqp+sst2+snli+imdb+hellaswag,0.3161764705882353,0.26758409785932724,0.7617328519855595,0.6126558005752637,0.4107142857142857,0.6368767638758231,0.8882978723404256,0.8968105065666041,0.5983910891089109,0.53,0.4771490750816104
qnli+qqp+sst2+snli+imdb+winogrande,0.3161764705882353,0.27125382262996944,0.7653429602888087,0.5810162991371045,0.42857142857142855,0.6712135465663217,0.898936170212766,0.8968105065666041,0.606023102310231,0.48,0.42872687704026113
qnli+qqp+sst2+snli+paws+hellaswag,0.3161764705882353,0.4847094801223242,0.7581227436823105,0.5704697986577181,0.42857142857142855,0.6312323612417686,0.8803191489361702,0.873358348968105,0.6522277227722773,0.28,0.3248095756256801
qnli+qqp+sst2+snli+paws+imdb,0.3161764705882353,0.4617737003058104,0.7436823104693141,0.5877277085330777,0.4107142857142857,0.6980244590780809,0.8909574468085106,0.8921200750469043,0.6431518151815182,0.25,0.2584330794341676
qnli+qqp+sst2+snli+paws+winogrande,0.3161764705882353,0.481651376146789,0.7653429602888087,0.5637583892617449,0.42857142857142855,0.6556914393226717,0.875,0.873358348968105,0.6497524752475248,0.26,0.20946681175190424
qnli+record+anli_r1+imdb+hellaswag+winogrande,0.3161764705882353,0.5,0.6498194945848376,0.5829338446788112,0.42857142857142855,0.5639698965192851,0.9122340425531915,0.8864915572232646,0.5096947194719472,0.7,0.6594124047878128
qnli+record+anli_r1+paws+hellaswag+winogrande,0.3161764705882353,0.6801223241590214,0.7256317689530686,0.5186960690316395,0.4107142857142857,0.5018814675446849,0.898936170212766,0.851782363977486,0.719059405940594,0.45,0.35527747551686617
qnli+record+anli_r1+paws+imdb+hellaswag,0.31862745098039214,0.581651376146789,0.6823104693140795,0.5982742090124641,0.4107142857142857,0.5583254938852305,0.9202127659574468,0.8827392120075047,0.6891501650165016,0.63,0.5750816104461371
qnli+record+anli_r1+paws+imdb+winogrande,0.3235294117647059,0.5749235474006116,0.6859205776173285,0.5503355704697986,0.4107142857142857,0.5597365945437441,0.9228723404255319,0.8855534709193246,0.6872937293729373,0.54,0.4047878128400435
qnli+record+paws+imdb+hellaswag+winogrande,0.32598039215686275,0.6391437308868502,0.6967509025270758,0.5465004793863855,0.42857142857142855,0.47742238946378174,0.9202127659574468,0.8836772983114447,0.6908003300330033,0.5,0.4749727965179543
qnli+record+snli+anli_r1+hellaswag+winogrande,0.32107843137254904,0.5859327217125382,0.5740072202166066,0.5349952061361457,0.7142857142857143,0.5724365004703669,0.848404255319149,0.8133208255159474,0.5649752475247525,0.66,0.5968443960826986
qnli+record+snli+anli_r1+imdb+hellaswag,0.32107843137254904,0.5568807339449541,0.5776173285198556,0.6021093000958773,0.5892857142857143,0.5870178739416745,0.8909574468085106,0.8602251407129456,0.5812706270627063,0.62,0.6115342763873776
qnli+record+snli+anli_r1+imdb+winogrande,0.32107843137254904,0.5562691131498471,0.5848375451263538,0.5800575263662512,0.6607142857142857,0.5921919096895578,0.8882978723404256,0.8564727954971857,0.5870462046204621,0.58,0.5342763873775843
qnli+record+snli+anli_r1+paws+hellaswag,0.31862745098039214,0.609480122324159,0.5776173285198556,0.5417066155321189,0.6428571428571429,0.5644402634054563,0.8191489361702128,0.8048780487804879,0.7252475247524752,0.59,0.31610446137105547
qnli+record+snli+anli_r1+paws+imdb,0.32107843137254904,0.581651376146789,0.5776173285198556,0.5618408437200384,0.6964285714285714,0.5931326434619003,0.8776595744680851,0.848968105065666,0.681930693069307,0.46,0.24319912948857453
qnli+record+snli+anli_r1+paws+winogrande,0.32107843137254904,0.5990825688073395,0.5740072202166066,0.5100671140939598,0.7321428571428571,0.5611476952022577,0.8297872340425532,0.800187617260788,0.7235973597359736,0.52,0.16539717083786726
qnli+record+snli+imdb+hellaswag+winogrande,0.3161764705882353,0.5611620795107034,0.5812274368231047,0.5714285714285714,0.5714285714285714,0.5841956726246472,0.898936170212766,0.8724202626641651,0.5643564356435643,0.7,0.6463547334058759
qnli+record+snli+paws+hellaswag+winogrande,0.3161764705882353,0.6587155963302752,0.5956678700361011,0.513902205177373,0.6607142857142857,0.5362182502351834,0.8829787234042553,0.8320825515947468,0.713490099009901,0.63,0.32861806311207836
qnli+record+snli+paws+imdb+hellaswag,0.3161764705882353,0.5865443425076453,0.5812274368231047,0.5743048897411314,0.6071428571428571,0.58137347130762,0.901595744680851,0.8667917448405253,0.6901815181518152,0.66,0.48258977149075083
qnli+record+snli+paws+imdb+winogrande,0.31862745098039214,0.5850152905198777,0.5776173285198556,0.535953978906999,0.6607142857142857,0.5827845719661335,0.8936170212765957,0.8714821763602252,0.6953382838283828,0.58,0.3204570184983678
qnli+snli+anli_r1+imdb+hellaswag+winogrande,0.3235294117647059,0.5180428134556575,0.592057761732852,0.6049856184084372,0.75,0.5888993414863594,0.8776595744680851,0.8574108818011257,0.5670379537953796,0.67,0.6022850924918389
qnli+snli+anli_r1+paws+hellaswag+winogrande,0.31862745098039214,0.5951070336391437,0.6137184115523465,0.5206136145733461,0.7678571428571429,0.5587958607714016,0.7978723404255319,0.7711069418386491,0.7289603960396039,0.59,0.4809575625680087
qnli+snli+anli_r1+paws+imdb+hellaswag,0.32107843137254904,0.5798165137614679,0.5812274368231047,0.573346116970278,0.7321428571428571,0.590310442144873,0.8617021276595744,0.8386491557223265,0.6765676567656765,0.54,0.5168661588683352
qnli+snli+anli_r1+paws+imdb+winogrande,0.32107843137254904,0.5792048929663609,0.6173285198555957,0.5608820709491851,0.75,0.590310442144873,0.8563829787234043,0.8377110694183865,0.6773927392739274,0.47,0.4276387377584331
qnli+snli+paws+imdb+hellaswag+winogrande,0.31862745098039214,0.5831804281345566,0.5487364620938628,0.5436241610738255,0.6964285714285714,0.5780809031044214,0.8909574468085106,0.8667917448405253,0.6893564356435643,0.65,0.5865070729053319
qnli+sst2+anli_r1+imdb+hellaswag+winogrande,0.3235294117647059,0.472782874617737,0.6534296028880866,0.5723873441994247,0.4107142857142857,0.5578551269990593,0.9202127659574468,0.9193245778611632,0.5101072607260726,0.69,0.6860718171926007
qnli+sst2+anli_r1+paws+hellaswag+winogrande,0.32107843137254904,0.5672782874617737,0.7364620938628159,0.5330776605944392,0.42857142857142855,0.5235183443085607,0.9148936170212766,0.9024390243902439,0.6866749174917491,0.65,0.6104461371055495
qnli+sst2+anli_r1+paws+imdb+hellaswag,0.31862745098039214,0.5651376146788991,0.7256317689530686,0.573346116970278,0.4107142857142857,0.5682031984948259,0.9228723404255319,0.9202626641651032,0.6520214521452146,0.66,0.6349292709466812
qnli+sst2+anli_r1+paws+imdb+winogrande,0.3235294117647059,0.5596330275229358,0.7184115523465704,0.5474592521572388,0.4107142857142857,0.5653809971777987,0.9202127659574468,0.9146341463414634,0.6516089108910891,0.62,0.5723612622415669
qnli+sst2+paws+imdb+hellaswag+winogrande,0.33088235294117646,0.5489296636085627,0.7003610108303249,0.5445829338446788,0.4107142857142857,0.5305738476011289,0.925531914893617,0.9193245778611632,0.6600660066006601,0.66,0.6528835690968444
qnli+sst2+record+anli_r1+hellaswag+winogrande,0.3284313725490196,0.5342507645259938,0.6678700361010831,0.5426653883029722,0.4107142857142857,0.5451552210724365,0.9148936170212766,0.9071294559099438,0.5507425742574258,0.68,0.6403699673558215
qnli+sst2+record+anli_r1+imdb+hellaswag,0.32598039215686275,0.5223241590214067,0.6462093862815884,0.5848513902205177,0.42857142857142855,0.5766698024459078,0.9175531914893617,0.9202626641651032,0.5305280528052805,0.66,0.6523394994559304
qnli+sst2+record+anli_r1+imdb+winogrande,0.3480392156862745,0.5094801223241591,0.6570397111913358,0.5560882070949185,0.4107142857142857,0.5761994355597366,0.9228723404255319,0.9136960600375235,0.5356848184818482,0.65,0.6191512513601741
qnli+sst2+record+anli_r1+paws+hellaswag,0.3235294117647059,0.5966360856269113,0.6859205776173285,0.5503355704697986,0.4107142857142857,0.5517403574788335,0.9175531914893617,0.9118198874296435,0.7009075907590759,0.62,0.5223068552774756
qnli+sst2+record+anli_r1+paws+imdb,0.3382352941176471,0.5770642201834862,0.6787003610108303,0.5618408437200384,0.4107142857142857,0.5733772342427094,0.925531914893617,0.9146341463414634,0.6569719471947195,0.54,0.4662676822633297
qnli+sst2+record+anli_r1+paws+winogrande,0.3382352941176471,0.5853211009174312,0.6859205776173285,0.5330776605944392,0.42857142857142855,0.5493885230479775,0.9175531914893617,0.9024390243902439,0.7017326732673267,0.53,0.3710554951033732
qnli+sst2+record+imdb+hellaswag+winogrande,0.3602941176470588,0.48440366972477067,0.6642599277978339,0.5599232981783318,0.4107142857142857,0.5432737535277516,0.9228723404255319,0.9155722326454033,0.5216584158415841,0.7,0.6670293797606094
qnli+sst2+record+paws+hellaswag+winogrande,0.3480392156862745,0.6434250764525994,0.7111913357400722,0.5225311601150527,0.4107142857142857,0.47412982126058323,0.9175531914893617,0.9090056285178236,0.6932755775577558,0.48,0.38139281828073995
qnli+sst2+record+paws+imdb+hellaswag,0.3480392156862745,0.5773700305810398,0.6859205776173285,0.5532118887823586,0.4107142857142857,0.5475070555032926,0.9228723404255319,0.9193245778611632,0.6670792079207921,0.63,0.588139281828074
qnli+sst2+record+paws+imdb+winogrande,0.38480392156862747,0.5718654434250765,0.6823104693140795,0.5349952061361457,0.4107142857142857,0.5357478833490122,0.9202127659574468,0.9155722326454033,0.6670792079207921,0.54,0.48258977149075083
qnli+sst2+record+snli+anli_r1+hellaswag,0.3235294117647059,0.5657492354740061,0.5776173285198556,0.5771812080536913,0.6071428571428571,0.5870178739416745,0.8882978723404256,0.8724202626641651,0.5891089108910891,0.61,0.5794341675734495
qnli+sst2+record+snli+anli_r1+imdb,0.32598039215686275,0.4948012232415902,0.5848375451263538,0.5944391179290508,0.6071428571428571,0.5940733772342427,0.901595744680851,0.8930581613508443,0.6097359735973598,0.52,0.49020674646354734
qnli+sst2+record+snli+anli_r1+paws,0.32107843137254904,0.5886850152905199,0.5812274368231047,0.5474592521572388,0.6607142857142857,0.583725305738476,0.8856382978723404,0.8724202626641651,0.6897689768976898,0.44,0.1985854189336235
qnli+sst2+record+snli+anli_r1+winogrande,0.3235294117647059,0.5694189602446483,0.5812274368231047,0.5551294343240653,0.6428571428571429,0.5832549388523048,0.8936170212765957,0.8724202626641651,0.595503300330033,0.57,0.500544069640914
qnli+sst2+record+snli+hellaswag+winogrande,0.32107843137254904,0.5758409785932722,0.5848375451263538,0.551294343240652,0.5714285714285714,0.5733772342427094,0.8962765957446809,0.8789868667917449,0.571575907590759,0.66,0.6256800870511425
qnli+sst2+record+snli+imdb+hellaswag,0.3235294117647059,0.5253822629969419,0.5848375451263538,0.5953978906999041,0.5,0.590310442144873,0.9122340425531915,0.9052532833020638,0.588490099009901,0.68,0.6240478781284005
qnli+sst2+record+snli+imdb+winogrande,0.32107843137254904,0.517737003058104,0.5740072202166066,0.5522531160115053,0.48214285714285715,0.5874882408278457,0.9122340425531915,0.9015009380863039,0.5917904290429042,0.64,0.5794341675734495
qnli+sst2+record+snli+paws+hellaswag,0.31862745098039214,0.6012232415902141,0.5740072202166066,0.5321188878235859,0.6071428571428571,0.5658513640639699,0.8962765957446809,0.8789868667917449,0.7017326732673267,0.61,0.3928182807399347
qnli+sst2+record+snli+paws+imdb,0.32107843137254904,0.5694189602446483,0.5812274368231047,0.5656759348034516,0.5892857142857143,0.5898400752587017,0.9122340425531915,0.9015009380863039,0.6555280528052805,0.53,0.34494015233949943
qnli+sst2+record+snli+paws+winogrande,0.31862745098039214,0.5951070336391437,0.5956678700361011,0.5282837967401726,0.6428571428571429,0.5686735653809972,0.8962765957446809,0.8771106941838649,0.7000825082508251,0.56,0.2426550598476605
qnli+sst2+snli+anli_r1+hellaswag+winogrande,0.32107843137254904,0.5446483180428134,0.592057761732852,0.5647171620325983,0.7142857142857143,0.5823142050799623,0.8856382978723404,0.8696060037523452,0.5740511551155115,0.65,0.5788900979325353
qnli+sst2+snli+anli_r1+imdb+hellaswag,0.3284313725490196,0.4577981651376147,0.5848375451263538,0.6040268456375839,0.6785714285714286,0.5921919096895578,0.901595744680851,0.8911819887429644,0.5938531353135313,0.67,0.5783460282916213
qnli+sst2+snli+anli_r1+imdb+winogrande,0.33088235294117646,0.45504587155963305,0.5848375451263538,0.5953978906999041,0.7142857142857143,0.5950141110065852,0.901595744680851,0.8874296435272045,0.5973597359735974,0.62,0.4972796517954298
qnli+sst2+snli+anli_r1+paws+hellaswag,0.31862745098039214,0.5902140672782875,0.592057761732852,0.5704697986577181,0.6964285714285714,0.583725305738476,0.8696808510638298,0.8686679174484052,0.6860561056105611,0.58,0.4689880304678999
qnli+sst2+snli+anli_r1+paws+imdb,0.3284313725490196,0.5617737003058104,0.5848375451263538,0.5743048897411314,0.6964285714285714,0.5917215428033866,0.901595744680851,0.8883677298311444,0.6291254125412541,0.48,0.35799782372143635
qnli+sst2+snli+anli_r1+paws+winogrande,0.31862745098039214,0.5859327217125382,0.6137184115523465,0.548418024928092,0.6964285714285714,0.5794920037629351,0.8776595744680851,0.8630393996247655,0.6835808580858086,0.5,0.37268770402611534
qnli+sst2+snli+imdb+hellaswag+winogrande,0.32107843137254904,0.4856269113149847,0.5776173285198556,0.5752636625119847,0.6428571428571429,0.5912511759172154,0.9122340425531915,0.899624765478424,0.5796204620462047,0.7,0.6381936887921654
qnli+sst2+snli+paws+hellaswag+winogrande,0.3161764705882353,0.5874617737003058,0.5667870036101083,0.5234899328859061,0.6964285714285714,0.5639698965192851,0.8936170212765957,0.8724202626641651,0.696575907590759,0.65,0.5516866158868335
qnli+sst2+snli+paws+imdb+hellaswag,0.31862745098039214,0.5675840978593272,0.592057761732852,0.585810162991371,0.6607142857142857,0.5860771401693321,0.9042553191489362,0.8968105065666041,0.6175742574257426,0.64,0.5875952121871599
qnli+sst2+snli+paws+imdb+winogrande,0.31862745098039214,0.5672782874617737,0.5884476534296029,0.5627996164908916,0.6785714285714286,0.5888993414863594,0.9042553191489362,0.8921200750469043,0.6278877887788779,0.6,0.530467899891186
qqp+anli_r1+paws+imdb+hellaswag+winogrande,0.3161764705882353,0.5131498470948013,0.4729241877256318,0.5800575263662512,0.14285714285714285,0.6505174035747884,0.8829787234042553,0.8771106941838649,0.6031353135313532,0.57,0.49347116430903154
qqp+record+anli_r1+imdb+hellaswag+winogrande,0.3161764705882353,0.4703363914373089,0.4729241877256318,0.6126558005752637,0.16071428571428573,0.6448730009407337,0.8962765957446809,0.8902439024390244,0.5901402640264026,0.7,0.5968443960826986
qqp+record+anli_r1+paws+hellaswag+winogrande,0.3161764705882353,0.5256880733944954,0.4729241877256318,0.5311601150527325,0.17857142857142858,0.6603951081843838,0.8617021276595744,0.8339587242026266,0.635519801980198,0.42,0.42219804134929273
qqp+record+anli_r1+paws+imdb+hellaswag,0.3161764705882353,0.5211009174311927,0.4729241877256318,0.6030680728667306,0.10714285714285714,0.6505174035747884,0.898936170212766,0.8883677298311444,0.6095297029702971,0.48,0.46354733405875953
qqp+record+anli_r1+paws+imdb+winogrande,0.3161764705882353,0.5027522935779817,0.4729241877256318,0.5541706615532119,0.16071428571428573,0.6688617121354656,0.898936170212766,0.8893058161350844,0.619430693069307,0.41,0.2997823721436344
qqp+record+paws+imdb+hellaswag+winogrande,0.3161764705882353,0.5162079510703363,0.4729241877256318,0.5714285714285714,0.08928571428571429,0.6030103480714958,0.901595744680851,0.8893058161350844,0.6163366336633663,0.54,0.5212187159956474
qqp+record+snli+anli_r1+hellaswag+winogrande,0.3161764705882353,0.48807339449541287,0.7111913357400722,0.576222435282838,0.7857142857142857,0.8306679209783632,0.7792553191489362,0.7786116322701688,0.6295379537953796,0.63,0.42219804134929273
qqp+record+snli+anli_r1+imdb+hellaswag,0.3161764705882353,0.41467889908256883,0.7075812274368231,0.638542665388303,0.7857142857142857,0.8325493885230479,0.851063829787234,0.8527204502814258,0.6287128712871287,0.6,0.4880304678998912
qqp+record+snli+anli_r1+imdb+winogrande,0.3161764705882353,0.42629969418960245,0.7003610108303249,0.588686481303931,0.8035714285714286,0.8320790216368767,0.8537234042553191,0.8461538461538461,0.6326320132013201,0.53,0.33460282916213274
qqp+record+snli+anli_r1+paws+hellaswag,0.3161764705882353,0.5122324159021406,0.7617328519855595,0.5397890699904123,0.7857142857142857,0.8311382878645344,0.7367021276595744,0.7495309568480301,0.6489273927392739,0.43,0.17464635473340587
qqp+record+snli+anli_r1+paws+imdb,0.3161764705882353,0.4840978593272171,0.7581227436823105,0.5953978906999041,0.75,0.8273753527751646,0.8430851063829787,0.8311444652908068,0.6456270627062707,0.4,0.13003264417845484
qqp+record+snli+anli_r1+paws+winogrande,0.3161764705882353,0.5045871559633027,0.7581227436823105,0.5206136145733461,0.8214285714285714,0.8273753527751646,0.7632978723404256,0.7551594746716698,0.6472772277227723,0.42,0.08922742110990206
qqp+record+snli+imdb+hellaswag+winogrande,0.3161764705882353,0.44403669724770645,0.7581227436823105,0.6021093000958773,0.6964285714285714,0.8184383819379115,0.8803191489361702,0.8677298311444653,0.6278877887788779,0.66,0.5603917301414582
qqp+record+snli+paws+hellaswag+winogrande,0.3161764705882353,0.5198776758409785,0.7617328519855595,0.5167785234899329,0.7678571428571429,0.8264346190028222,0.8377659574468085,0.8264540337711069,0.6516089108910891,0.52,0.22850924918389554
qqp+record+snli+paws+imdb+hellaswag,0.3161764705882353,0.5030581039755352,0.7581227436823105,0.6069031639501438,0.6964285714285714,0.7991533396048918,0.875,0.8677298311444653,0.6456270627062707,0.53,0.27094668117519044
qqp+record+snli+paws+imdb+winogrande,0.3161764705882353,0.4902140672782875,0.7472924187725631,0.5790987535953979,0.75,0.7949200376293509,0.8776595744680851,0.8649155722326454,0.6417079207920792,0.45,0.18443960826985853
qqp+snli+anli_r1+imdb+hellaswag+winogrande,0.3161764705882353,0.38685015290519875,0.7184115523465704,0.6174496644295302,0.8214285714285714,0.8306679209783632,0.824468085106383,0.8320825515947468,0.6142739273927392,0.64,0.6191512513601741
qqp+snli+anli_r1+paws+hellaswag+winogrande,0.3161764705882353,0.5070336391437309,0.7653429602888087,0.5618408437200384,0.8214285714285714,0.8287864534336783,0.6835106382978723,0.6876172607879925,0.6441831683168316,0.6,0.4243743199129489
qqp+snli+anli_r1+paws+imdb+hellaswag,0.3161764705882353,0.48440366972477067,0.7509025270758123,0.610738255033557,0.7857142857142857,0.8306679209783632,0.8111702127659575,0.8105065666041276,0.6443894389438944,0.57,0.4836779107725789
qqp+snli+anli_r1+paws+imdb+winogrande,0.3161764705882353,0.4761467889908257,0.7545126353790613,0.5934803451581975,0.8214285714285714,0.8311382878645344,0.8138297872340425,0.8076923076923077,0.641914191419142,0.54,0.3204570184983678
qqp+snli+paws+imdb+hellaswag+winogrande,0.3161764705882353,0.491131498470948,0.7653429602888087,0.5723873441994247,0.75,0.7163687676387582,0.8643617021276596,0.8602251407129456,0.6406765676567657,0.64,0.5353645266594124
qqp+sst2+anli_r1+imdb+hellaswag+winogrande,0.3161764705882353,0.42629969418960245,0.4729241877256318,0.6270373921380633,0.14285714285714285,0.6571025399811853,0.9148936170212766,0.9108818011257036,0.5897277227722773,0.68,0.6060935799782372
qqp+sst2+anli_r1+paws+hellaswag+winogrande,0.3161764705882353,0.5253822629969419,0.4729241877256318,0.5378715244487057,0.14285714285714285,0.6641580432737535,0.8936170212765957,0.8883677298311444,0.6056105610561056,0.6,0.4836779107725789
qqp+sst2+anli_r1+paws+imdb+hellaswag,0.3161764705882353,0.5048929663608562,0.4729241877256318,0.6347075743048898,0.125,0.6481655691439323,0.9148936170212766,0.9136960600375235,0.6122112211221122,0.58,0.46844396082698586
qqp+sst2+anli_r1+paws+imdb+winogrande,0.3161764705882353,0.5003058103975535,0.4729241877256318,0.6097794822627037,0.125,0.6326434619002822,0.9122340425531915,0.9080675422138836,0.6117986798679867,0.51,0.41566920565832427
qqp+sst2+paws+imdb+hellaswag+winogrande,0.3161764705882353,0.4996941896024465,0.4729241877256318,0.6069031639501438,0.08928571428571429,0.603480714957667,0.9175531914893617,0.9071294559099438,0.6054042904290429,0.66,0.5228509249183896
qqp+sst2+record+anli_r1+hellaswag+winogrande,0.3161764705882353,0.482262996941896,0.4729241877256318,0.5714285714285714,0.125,0.6571025399811853,0.9069148936170213,0.9015009380863039,0.5979785478547854,0.65,0.5870511425462459
qqp+sst2+record+anli_r1+imdb+hellaswag,0.3161764705882353,0.45137614678899085,0.4729241877256318,0.6318312559923298,0.125,0.6439322671683914,0.9228723404255319,0.9202626641651032,0.608085808580858,0.66,0.5848748639825898
qqp+sst2+record+anli_r1+imdb+winogrande,0.3161764705882353,0.43944954128440367,0.4729241877256318,0.610738255033557,0.125,0.6632173095014111,0.9202127659574468,0.9136960600375235,0.6064356435643564,0.59,0.5195865070729053
qqp+sst2+record+anli_r1+paws+hellaswag,0.3161764705882353,0.5256880733944954,0.4729241877256318,0.5493767976989453,0.10714285714285714,0.6589840075258702,0.9148936170212766,0.8977485928705441,0.616542904290429,0.47,0.397714907508161
qqp+sst2+record+anli_r1+paws+imdb,0.3161764705882353,0.5064220183486239,0.4729241877256318,0.6241610738255033,0.125,0.6556914393226717,0.9175531914893617,0.9165103189493433,0.625,0.37,0.2763873775843308
qqp+sst2+record+anli_r1+paws+winogrande,0.3161764705882353,0.5110091743119266,0.4729241877256318,0.5369127516778524,0.14285714285714285,0.6730950141110066,0.9069148936170213,0.8977485928705441,0.6202557755775577,0.33,0.24156692056583243
qqp+sst2+record+imdb+hellaswag+winogrande,0.3161764705882353,0.43853211009174314,0.4729241877256318,0.5963566634707574,0.08928571428571429,0.610065851364064,0.9202127659574468,0.9165103189493433,0.6004537953795379,0.69,0.6115342763873776
qqp+sst2+record+paws+hellaswag+winogrande,0.3161764705882353,0.5281345565749236,0.4729241877256318,0.5254074784276127,0.08928571428571429,0.6053621825023519,0.9122340425531915,0.8968105065666041,0.6258250825082509,0.54,0.455930359085963
qqp+sst2+record+paws+imdb+hellaswag,0.3161764705882353,0.5070336391437309,0.4729241877256318,0.6030680728667306,0.08928571428571429,0.6044214487300094,0.9228723404255319,0.9183864915572233,0.6155115511551155,0.58,0.4809575625680087
qqp+sst2+record+paws+imdb+winogrande,0.3161764705882353,0.5033639143730887,0.4729241877256318,0.5810162991371045,0.08928571428571429,0.6044214487300094,0.9202127659574468,0.9165103189493433,0.6181930693069307,0.47,0.3639825897714907
qqp+sst2+record+snli+anli_r1+hellaswag,0.3161764705882353,0.43669724770642204,0.7220216606498195,0.6011505273250239,0.7321428571428571,0.8325493885230479,0.8563829787234043,0.8639774859287055,0.6357260726072608,0.62,0.4200217627856366
qqp+sst2+record+snli+anli_r1+imdb,0.3161764705882353,0.3107033639143731,0.7075812274368231,0.6164908916586769,0.6785714285714286,0.8151458137347131,0.8962765957446809,0.8921200750469043,0.621493399339934,0.54,0.33188248095756256
qqp+sst2+record+snli+anli_r1+paws,0.3161764705882353,0.4954128440366973,0.7545126353790613,0.5704697986577181,0.7142857142857143,0.8311382878645344,0.8696808510638298,0.8639774859287055,0.6478960396039604,0.42,0.09466811751904244
qqp+sst2+record+snli+anli_r1+winogrande,0.3161764705882353,0.42844036697247706,0.7111913357400722,0.5656759348034516,0.7321428571428571,0.8358419567262465,0.8723404255319149,0.8667917448405253,0.6326320132013201,0.55,0.2660500544069641
qqp+sst2+record+snli+hellaswag+winogrande,0.3161764705882353,0.44954128440366975,0.7689530685920578,0.5838926174496645,0.6607142857142857,0.8179680150517403,0.8776595744680851,0.874296435272045,0.6328382838283828,0.66,0.5114254624591947
qqp+sst2+record+snli+imdb+hellaswag,0.3161764705882353,0.3642201834862385,0.7436823104693141,0.6222435282837967,0.5892857142857143,0.7873941674506115,0.898936170212766,0.9061913696060038,0.6229372937293729,0.65,0.5315560391730142
qqp+sst2+record+snli+imdb+winogrande,0.3161764705882353,0.36666666666666664,0.7292418772563177,0.6069031639501438,0.5535714285714286,0.7831608654750706,0.9095744680851063,0.9024390243902439,0.6237623762376238,0.6,0.41403699673558214
qqp+sst2+record+snli+paws+hellaswag,0.3161764705882353,0.5100917431192661,0.7545126353790613,0.5781399808245445,0.6071428571428571,0.8029162746942615,0.8829787234042553,0.8686679174484052,0.6470709570957096,0.51,0.2295973884657236
qqp+sst2+record+snli+paws+imdb,0.3161764705882353,0.4831804281345566,0.7472924187725631,0.6049856184084372,0.5892857142857143,0.7610536218250236,0.9069148936170213,0.8977485928705441,0.6408828382838284,0.47,0.17682263329706202
qqp+sst2+record+snli+paws+winogrande,0.3161764705882353,0.4987767584097859,0.7617328519855595,0.5580057526366251,0.6428571428571429,0.7991533396048918,0.8856382978723404,0.8714821763602252,0.6433580858085809,0.46,0.14091403699673558
qqp+sst2+snli+anli_r1+hellaswag+winogrande,0.3161764705882353,0.41131498470948014,0.7328519855595668,0.5675934803451582,0.75,0.8344308560677328,0.8590425531914894,0.8630393996247655,0.628506600660066,0.65,0.6115342763873776
qqp+sst2+snli+anli_r1+imdb+hellaswag,0.3161764705882353,0.26299694189602446,0.7148014440433214,0.6203259827420902,0.7142857142857143,0.8189087488240828,0.8829787234042553,0.8911819887429644,0.5831270627062707,0.62,0.6104461371055495
qqp+sst2+snli+anli_r1+imdb+winogrande,0.3161764705882353,0.2724770642201835,0.7111913357400722,0.5944391179290508,0.75,0.8132643461900282,0.8909574468085106,0.8902439024390244,0.5946782178217822,0.59,0.5342763873775843
qqp+sst2+snli+anli_r1+paws+imdb,0.3161764705882353,0.45902140672782876,0.7545126353790613,0.588686481303931,0.7142857142857143,0.8090310442144873,0.8856382978723404,0.8883677298311444,0.6408828382838284,0.52,0.33188248095756256
qqp+sst2+snli+anli_r1+paws+winogrande,0.3161764705882353,0.48807339449541287,0.7545126353790613,0.5599232981783318,0.7678571428571429,0.8301975540921919,0.848404255319149,0.8611632270168855,0.6464521452145214,0.52,0.2731229597388466
qqp+sst2+snli+imdb+hellaswag+winogrande,0.3161764705882353,0.31896024464831807,0.7509025270758123,0.6155321188878236,0.6428571428571429,0.6933207902163687,0.8936170212765957,0.8939962476547842,0.5845709570957096,0.66,0.6392818280739935
qqp+sst2+snli+paws+hellaswag+winogrande,0.3161764705882353,0.501223241590214,0.7653429602888087,0.5656759348034516,0.6785714285714286,0.7187206020696143,0.875,0.8696060037523452,0.6435643564356436,0.64,0.48313384113166485
qqp+sst2+snli+paws+imdb+hellaswag,0.3161764705882353,0.4764525993883792,0.7472924187725631,0.6203259827420902,0.6428571428571429,0.6754468485418627,0.8909574468085106,0.8958724202626641,0.6435643564356436,0.61,0.5223068552774756
qqp+sst2+snli+paws+imdb+winogrande,0.3161764705882353,0.46972477064220186,0.7509025270758123,0.5867689357622243,0.6785714285714286,0.6523988711194731,0.8909574468085106,0.8911819887429644,0.6382013201320133,0.58,0.3982589771490751
record+anli_r1+paws+imdb+hellaswag+winogrande,0.6299019607843137,0.6131498470948012,0.6787003610108303,0.5819750719079578,0.32142857142857145,0.7050799623706491,0.9095744680851063,0.8902439024390244,0.6676980198019802,0.61,0.5897714907508161
record+snli+anli_r1+imdb+hellaswag+winogrande,0.35784313725490197,0.5776758409785933,0.5740072202166066,0.5982742090124641,0.7678571428571429,0.7728127939793038,0.8776595744680851,0.8639774859287055,0.5476485148514851,0.72,0.6702937976060935
record+snli+anli_r1+paws+hellaswag+winogrande,0.3431372549019608,0.6342507645259939,0.5776173285198556,0.5407478427612655,0.7857142857142857,0.768579492003763,0.8404255319148937,0.8114446529080676,0.7101897689768977,0.65,0.3297062023939064
record+snli+anli_r1+paws+imdb+hellaswag,0.3480392156862745,0.5902140672782875,0.5848375451263538,0.5992329817833174,0.7321428571428571,0.7888052681091251,0.8776595744680851,0.8611632270168855,0.665016501650165,0.63,0.4390642002176279
record+snli+anli_r1+paws+imdb+winogrande,0.37254901960784315,0.5865443425076453,0.5812274368231047,0.5695110258868649,0.7678571428571429,0.7850423330197555,0.875,0.8545966228893058,0.6709983498349835,0.57,0.26550598476605003
record+snli+paws+imdb+hellaswag+winogrande,0.38235294117647056,0.6232415902140673,0.5342960288808665,0.5666347075743049,0.7321428571428571,0.7662276575729069,0.8936170212765957,0.8705440900562852,0.6811056105610561,0.68,0.4815016322089227
snli+anli_r1+paws+imdb+hellaswag+winogrande,0.35049019607843135,0.5874617737003058,0.5848375451263538,0.5743048897411314,0.7857142857142857,0.7986829727187206,0.8670212765957447,0.849906191369606,0.6621287128712872,0.67,0.6414581066376496
sst2+anli_r1+paws+imdb+hellaswag+winogrande,0.4852941176470588,0.5611620795107034,0.6570397111913358,0.5618408437200384,0.19642857142857142,0.7088428974600188,0.9228723404255319,0.9174484052532833,0.6450082508250825,0.7,0.6936887921653971
sst2+record+anli_r1+imdb+hellaswag+winogrande,0.6004901960784313,0.5217125382262997,0.6353790613718412,0.5810162991371045,0.17857142857142858,0.687206020696143,0.9175531914893617,0.9202626641651032,0.5088696369636964,0.72,0.6953210010881393
sst2+record+anli_r1+paws+hellaswag+winogrande,0.6200980392156863,0.6284403669724771,0.6606498194945848,0.5311601150527325,0.26785714285714285,0.7168391345249294,0.9202127659574468,0.9080675422138836,0.6833745874587459,0.58,0.49183895538628947
sst2+record+anli_r1+paws+imdb+hellaswag,0.5392156862745098,0.5819571865443425,0.6462093862815884,0.5800575263662512,0.17857142857142858,0.7008466603951082,0.9228723404255319,0.924015009380863,0.6557343234323433,0.63,0.6115342763873776
sst2+record+anli_r1+paws+imdb+winogrande,0.5686274509803921,0.5788990825688073,0.6353790613718412,0.548418024928092,0.19642857142857142,0.7191909689557855,0.9228723404255319,0.9221388367729831,0.6514026402640264,0.55,0.5413492927094669
sst2+record+paws+imdb+hellaswag+winogrande,0.5980392156862745,0.5785932721712538,0.6245487364620939,0.5532118887823586,0.125,0.6190028222013171,0.9228723404255319,0.9212007504690432,0.6542904290429042,0.6,0.5674646354733406
sst2+record+snli+anli_r1+hellaswag+winogrande,0.39215686274509803,0.581039755351682,0.5740072202166066,0.573346116970278,0.75,0.7826904985888994,0.8856382978723404,0.8686679174484052,0.5662128712871287,0.69,0.6528835690968444
sst2+record+snli+anli_r1+imdb+hellaswag,0.3700980392156863,0.5302752293577981,0.5884476534296029,0.6184084372003835,0.6964285714285714,0.7873941674506115,0.9042553191489362,0.8949343339587242,0.5862211221122112,0.66,0.6447225244831338
sst2+record+snli+anli_r1+imdb+winogrande,0.39950980392156865,0.5070336391437309,0.5956678700361011,0.588686481303931,0.6607142857142857,0.7892756349952963,0.9069148936170213,0.8930581613508443,0.5835396039603961,0.61,0.5946681175190425
sst2+record+snli+anli_r1+paws+hellaswag,0.37745098039215685,0.6003058103975535,0.6101083032490975,0.5465004793863855,0.7142857142857143,0.7958607714016933,0.8776595744680851,0.8667917448405253,0.6798679867986799,0.63,0.3482045701849837
sst2+record+snli+anli_r1+paws+imdb,0.40441176470588236,0.5792048929663609,0.5956678700361011,0.6030680728667306,0.6607142857142857,0.79068673565381,0.9069148936170213,0.8911819887429644,0.6186056105610561,0.55,0.30359085963003263
sst2+record+snli+anli_r1+paws+winogrande,0.40441176470588236,0.5972477064220183,0.592057761732852,0.5369127516778524,0.7321428571428571,0.8015051740357478,0.8882978723404256,0.8639774859287055,0.676980198019802,0.58,0.22742110990206746
sst2+record+snli+imdb+hellaswag+winogrande,0.42401960784313725,0.5321100917431193,0.5595667870036101,0.6021093000958773,0.5178571428571429,0.7714016933207902,0.9122340425531915,0.9024390243902439,0.5670379537953796,0.71,0.676278563656148
sst2+record+snli+paws+hellaswag+winogrande,0.45098039215686275,0.6250764525993884,0.5631768953068592,0.5349952061361457,0.6607142857142857,0.7779868297271872,0.8882978723404256,0.8724202626641651,0.6864686468646864,0.68,0.38792165397170836
sst2+record+snli+paws+imdb+hellaswag,0.44607843137254904,0.5889908256880734,0.5631768953068592,0.5810162991371045,0.5892857142857143,0.7822201317027281,0.9095744680851063,0.899624765478424,0.6431518151815182,0.66,0.4923830250272035
sst2+record+snli+paws+imdb+winogrande,0.49264705882352944,0.5853211009174312,0.5595667870036101,0.5771812080536913,0.5714285714285714,0.7761053621825024,0.9148936170212766,0.8949343339587242,0.6478960396039604,0.59,0.367791077257889
sst2+snli+anli_r1+imdb+hellaswag+winogrande,0.3627450980392157,0.4776758409785933,0.592057761732852,0.6059443911792906,0.75,0.793038570084666,0.898936170212766,0.8883677298311444,0.5614686468646864,0.69,0.6697497279651795
sst2+snli+anli_r1+paws+hellaswag+winogrande,0.34558823529411764,0.5951070336391437,0.5884476534296029,0.5445829338446788,0.75,0.7982126058325494,0.8776595744680851,0.8677298311444653,0.6726485148514851,0.65,0.6071817192600653
sst2+snli+anli_r1+paws+imdb+hellaswag,0.35784313725490197,0.5773700305810398,0.6064981949458483,0.6097794822627037,0.6964285714285714,0.7963311382878645,0.8962765957446809,0.8883677298311444,0.6126237623762376,0.63,0.6137105549510338
sst2+snli+anli_r1+paws+imdb+winogrande,0.39215686274509803,0.5672782874617737,0.592057761732852,0.5656759348034516,0.6964285714285714,0.793038570084666,0.901595744680851,0.8864915572232646,0.6082920792079208,0.56,0.5511425462459195
sst2+snli+paws+imdb+hellaswag+winogrande,0.40931372549019607,0.5792048929663609,0.5306859205776173,0.5790987535953979,0.6607142857142857,0.7450611476952023,0.9069148936170213,0.8968105065666041,0.5952970297029703,0.71,0.675734494015234
mnli+qnli+anli_r1+paws+imdb+hellaswag+winogrande,0.3284313725490196,0.5737003058103975,0.5992779783393501,0.5589645254074784,0.7678571428571429,0.5917215428033866,0.8856382978723404,0.8574108818011257,0.6712046204620462,0.64,0.5761697497279652
mnli+qnli+qqp+anli_r1+imdb+hellaswag+winogrande,0.3161764705882353,0.30275229357798167,0.8086642599277978,0.6030680728667306,0.5178571428571429,0.6665098777046096,0.8723404255319149,0.8574108818011257,0.6225247524752475,0.48,0.48639825897714906
mnli+qnli+qqp+anli_r1+paws+imdb+hellaswag,0.3161764705882353,0.4709480122324159,0.8086642599277978,0.5944391179290508,0.5178571428571429,0.729068673565381,0.8563829787234043,0.848968105065666,0.6526402640264026,0.28,0.4134929270946681
mnli+qnli+qqp+anli_r1+paws+imdb+winogrande,0.3161764705882353,0.46422018348623856,0.8158844765342961,0.5800575263662512,0.5,0.7460018814675446,0.8590425531914894,0.8442776735459663,0.6497524752475248,0.25,0.33188248095756256
mnli+qnli+qqp+paws+imdb+hellaswag+winogrande,0.3161764705882353,0.4795107033639144,0.7111913357400722,0.5838926174496645,0.42857142857142855,0.6867356538099718,0.8882978723404256,0.8686679174484052,0.6536716171617162,0.43,0.45321001088139284
mnli+qnli+qqp+record+anli_r1+hellaswag+winogrande,0.3161764705882353,0.43883792048929665,0.8231046931407943,0.5541706615532119,0.5,0.5978363123236125,0.8537234042553191,0.8273921200750469,0.6497524752475248,0.56,0.45538628944504894
mnli+qnli+qqp+record+anli_r1+imdb+hellaswag,0.3161764705882353,0.34464831804281343,0.8122743682310469,0.6279961649089166,0.5,0.6279397930385701,0.8776595744680851,0.8686679174484052,0.6410891089108911,0.53,0.4738846572361262
mnli+qnli+qqp+record+anli_r1+imdb+winogrande,0.3161764705882353,0.3486238532110092,0.8194945848375451,0.5743048897411314,0.48214285714285715,0.6444026340545626,0.8696808510638298,0.8667917448405253,0.6384075907590759,0.51,0.3857453754080522
mnli+qnli+qqp+record+anli_r1+paws+hellaswag,0.3161764705882353,0.5033639143730887,0.8086642599277978,0.5695110258868649,0.5357142857142857,0.6420507996237065,0.8271276595744681,0.8086303939962477,0.6654290429042904,0.31,0.2731229597388466
mnli+qnli+qqp+record+anli_r1+paws+imdb,0.3161764705882353,0.4749235474006116,0.8086642599277978,0.588686481303931,0.48214285714285715,0.7144873000940734,0.8723404255319149,0.8630393996247655,0.6538778877887789,0.3,0.20783460282916214
mnli+qnli+qqp+record+anli_r1+paws+winogrande,0.3161764705882353,0.4923547400611621,0.8158844765342961,0.5532118887823586,0.5178571428571429,0.6599247412982127,0.8324468085106383,0.8142589118198874,0.6637788778877888,0.26,0.14744287268770404
mnli+qnli+qqp+record+imdb+hellaswag+winogrande,0.3161764705882353,0.3908256880733945,0.7256317689530686,0.5790987535953979,0.4107142857142857,0.5973659454374413,0.898936170212766,0.875234521575985,0.6338696369636964,0.65,0.5184983677910773
mnli+qnli+qqp+record+paws+hellaswag+winogrande,0.3161764705882353,0.4996941896024465,0.7256317689530686,0.5206136145733461,0.44642857142857145,0.5860771401693321,0.875,0.8470919324577861,0.6749174917491749,0.46,0.3014145810663765
mnli+qnli+qqp+record+paws+imdb+hellaswag,0.3161764705882353,0.4892966360856269,0.6967509025270758,0.6001917545541706,0.42857142857142855,0.6547507055503292,0.8909574468085106,0.8761726078799249,0.653052805280528,0.49,0.36561479869423286
mnli+qnli+qqp+record+paws+imdb+winogrande,0.3161764705882353,0.4819571865443425,0.7111913357400722,0.5743048897411314,0.42857142857142855,0.6674506114769521,0.8962765957446809,0.8724202626641651,0.6532590759075908,0.44,0.24156692056583243
mnli+qnli+qqp+record+snli+anli_r1+hellaswag,0.3161764705882353,0.3275229357798165,0.5523465703971119,0.5647171620325983,0.7857142857142857,0.69379115710254,0.8164893617021277,0.7954971857410882,0.6639851485148515,0.09,0.2159956474428727
mnli+qnli+qqp+record+snli+anli_r1+imdb,0.3161764705882353,0.16452599388379205,0.555956678700361,0.5982742090124641,0.8035714285714286,0.751175917215428,0.848404255319149,0.8395872420262664,0.6227310231023102,0.1,0.15560391730141457
mnli+qnli+qqp+record+snli+anli_r1+paws,0.3161764705882353,0.4767584097859327,0.5848375451263538,0.5627996164908916,0.7678571428571429,0.7539981185324554,0.8164893617021277,0.8039399624765479,0.6584158415841584,0.04,0.05767138193688792
mnli+qnli+qqp+record+snli+anli_r1+winogrande,0.3161764705882353,0.3394495412844037,0.5595667870036101,0.5493767976989453,0.8035714285714286,0.7064910630291628,0.8111702127659575,0.7926829268292683,0.6608910891089109,0.09,0.1425462459194777
mnli+qnli+qqp+record+snli+hellaswag+winogrande,0.3161764705882353,0.38960244648318043,0.6101083032490975,0.5560882070949185,0.8035714285714286,0.6251175917215428,0.8111702127659575,0.7861163227016885,0.661509900990099,0.15,0.2981501632208923
mnli+qnli+qqp+record+snli+imdb+hellaswag,0.3161764705882353,0.23333333333333334,0.5992779783393501,0.5992329817833174,0.8035714285714286,0.6928504233301975,0.8537234042553191,0.8424015009380863,0.6382013201320133,0.17,0.31610446137105547
mnli+qnli+qqp+record+snli+imdb+winogrande,0.3161764705882353,0.24067278287461774,0.6173285198555957,0.585810162991371,0.8035714285714286,0.715898400752587,0.8563829787234043,0.8377110694183865,0.6421204620462047,0.15,0.25680087051142547
mnli+qnli+qqp+record+snli+paws+hellaswag,0.3161764705882353,0.4886850152905199,0.6137184115523465,0.5580057526366251,0.7857142857142857,0.6947318908748824,0.8218085106382979,0.7654784240150094,0.6806930693069307,0.11,0.1528835690968444
mnli+qnli+qqp+record+snli+paws+imdb,0.3161764705882353,0.4648318042813456,0.6137184115523465,0.5771812080536913,0.7857142857142857,0.7699905926622765,0.8590425531914894,0.8433395872420263,0.6514026402640264,0.1,0.13492927094668117
mnli+qnli+qqp+record+snli+paws+winogrande,0.3161764705882353,0.4792048929663609,0.6245487364620939,0.5426653883029722,0.8214285714285714,0.7107243650047037,0.8271276595744681,0.7485928705440901,0.6771864686468647,0.08,0.09085963003264418
mnli+qnli+qqp+snli+anli_r1+hellaswag+winogrande,0.3161764705882353,0.2837920489296636,0.5703971119133574,0.5570469798657718,0.8035714285714286,0.729068673565381,0.8085106382978723,0.7917448405253283,0.6596534653465347,0.13,0.18171926006528835
mnli+qnli+qqp+snli+anli_r1+imdb+hellaswag,0.3161764705882353,0.12048929663608562,0.5740072202166066,0.6001917545541706,0.7857142857142857,0.7596425211665099,0.8457446808510638,0.8424015009380863,0.5808580858085809,0.16,0.17899891186071817
mnli+qnli+qqp+snli+anli_r1+imdb+winogrande,0.3161764705882353,0.1400611620795107,0.5776173285198556,0.5906040268456376,0.8035714285714286,0.7746942615239887,0.8457446808510638,0.8330206378986866,0.5975660066006601,0.09,0.13547334058759522
mnli+qnli+qqp+snli+anli_r1+paws+hellaswag,0.3161764705882353,0.4730886850152905,0.5848375451263538,0.5570469798657718,0.8035714285714286,0.764346190028222,0.8351063829787234,0.8030018761726079,0.6648102310231023,0.05,0.12731229597388466
mnli+qnli+qqp+snli+anli_r1+paws+imdb,0.3161764705882353,0.41620795107033637,0.5884476534296029,0.5810162991371045,0.7857142857142857,0.7968015051740357,0.8537234042553191,0.8414634146341463,0.6497524752475248,0.03,0.0794341675734494
mnli+qnli+qqp+snli+anli_r1+paws+winogrande,0.3161764705882353,0.46788990825688076,0.5884476534296029,0.5369127516778524,0.8035714285714286,0.7770460959548448,0.8297872340425532,0.7954971857410882,0.6602722772277227,0.04,0.07181719260065289
mnli+qnli+qqp+snli+imdb+hellaswag+winogrande,0.3161764705882353,0.19785932721712537,0.6245487364620939,0.5896452540747843,0.8035714285714286,0.731420507996237,0.8537234042553191,0.8358348968105066,0.5979785478547854,0.27,0.28726877040261156
mnli+qnli+qqp+snli+paws+hellaswag+winogrande,0.3161764705882353,0.4776758409785933,0.6462093862815884,0.5426653883029722,0.8035714285714286,0.7389463781749764,0.824468085106383,0.7720450281425891,0.6707920792079208,0.05,0.1985854189336235
mnli+qnli+qqp+snli+paws+imdb+hellaswag,0.3161764705882353,0.4489296636085627,0.6353790613718412,0.5838926174496645,0.7857142857142857,0.7789275634995296,0.851063829787234,0.8442776735459663,0.6532590759075908,0.07,0.22850924918389554
mnli+qnli+qqp+snli+paws+imdb+winogrande,0.3161764705882353,0.44587155963302755,0.6425992779783394,0.5474592521572388,0.8214285714285714,0.7888052681091251,0.8590425531914894,0.8433395872420263,0.6520214521452146,0.06,0.16376496191512513
mnli+qnli+qqp+sst2+anli_r1+hellaswag+winogrande,0.3161764705882353,0.2984709480122324,0.8339350180505415,0.5675934803451582,0.5178571428571429,0.6900282220131703,0.8909574468085106,0.8799249530956847,0.6349009900990099,0.42,0.47116430903155604
mnli+qnli+qqp+sst2+anli_r1+imdb+hellaswag,0.3161764705882353,0.1767584097859327,0.8158844765342961,0.6126558005752637,0.4642857142857143,0.7469426152398871,0.9042553191489362,0.8939962476547842,0.568069306930693,0.47,0.4738846572361262
mnli+qnli+qqp+sst2+anli_r1+imdb+winogrande,0.3161764705882353,0.18501529051987767,0.8194945848375451,0.5934803451581975,0.48214285714285715,0.7544684854186265,0.9042553191489362,0.8921200750469043,0.5761138613861386,0.44,0.43471164309031557
mnli+qnli+qqp+sst2+anli_r1+paws+hellaswag,0.3161764705882353,0.4837920489296636,0.8267148014440433,0.585810162991371,0.48214285714285715,0.7568203198494826,0.8856382978723404,0.8789868667917449,0.6575907590759076,0.26,0.3900979325353645
mnli+qnli+qqp+sst2+anli_r1+paws+imdb,0.3161764705882353,0.4327217125382263,0.8194945848375451,0.6011505273250239,0.48214285714285715,0.7968015051740357,0.901595744680851,0.8893058161350844,0.6460396039603961,0.27,0.3454842219804135
mnli+qnli+qqp+sst2+anli_r1+paws+winogrande,0.3161764705882353,0.47155963302752296,0.8303249097472925,0.5560882070949185,0.48214285714285715,0.7591721542803387,0.8882978723404256,0.8705440900562852,0.6507838283828383,0.21,0.2959738846572361
mnli+qnli+qqp+sst2+imdb+hellaswag+winogrande,0.3161764705882353,0.227217125382263,0.7220216606498195,0.6069031639501438,0.375,0.7008466603951082,0.9095744680851063,0.9052532833020638,0.554042904290429,0.58,0.5206746463547334
mnli+qnli+qqp+sst2+paws+hellaswag+winogrande,0.3161764705882353,0.481039755351682,0.7220216606498195,0.5627996164908916,0.375,0.7144873000940734,0.898936170212766,0.8808630393996247,0.6526402640264026,0.38,0.42872687704026113
mnli+qnli+qqp+sst2+paws+imdb+hellaswag,0.3161764705882353,0.4596330275229358,0.6895306859205776,0.5992329817833174,0.375,0.748824082784572,0.9042553191489362,0.9061913696060038,0.6514026402640264,0.44,0.4515778019586507
mnli+qnli+qqp+sst2+paws+imdb+winogrande,0.3161764705882353,0.4562691131498471,0.6931407942238267,0.5685522531160115,0.375,0.7502351834430856,0.9069148936170213,0.9024390243902439,0.6478960396039604,0.39,0.3862894450489663
mnli+qnli+qqp+sst2+record+anli_r1+hellaswag,0.3161764705882353,0.3568807339449541,0.8194945848375451,0.5915627996164909,0.48214285714285715,0.654280338664158,0.8962765957446809,0.8818011257035647,0.6478960396039604,0.55,0.4401523394994559
mnli+qnli+qqp+sst2+record+anli_r1+imdb,0.3161764705882353,0.20825688073394497,0.7978339350180506,0.5934803451581975,0.44642857142857145,0.7427093132643462,0.9042553191489362,0.8958724202626641,0.6089108910891089,0.48,0.38465723612622416
mnli+qnli+qqp+sst2+record+anli_r1+paws,0.3161764705882353,0.4831804281345566,0.8194945848375451,0.5695110258868649,0.48214285714285715,0.738005644402634,0.8909574468085106,0.8771106941838649,0.6540841584158416,0.28,0.16267682263329705
mnli+qnli+qqp+sst2+record+anli_r1+winogrande,0.3161764705882353,0.3660550458715596,0.8158844765342961,0.5714285714285714,0.5178571428571429,0.6749764816556915,0.898936170212766,0.8789868667917449,0.6491336633663366,0.52,0.3498367791077258
mnli+qnli+qqp+sst2+record+hellaswag+winogrande,0.3161764705882353,0.40030581039755353,0.7256317689530686,0.5675934803451582,0.42857142857142855,0.6157102539981185,0.8962765957446809,0.8874296435272045,0.6468646864686468,0.61,0.48694232861806314
mnli+qnli+qqp+sst2+record+imdb+hellaswag,0.3161764705882353,0.27675840978593275,0.6967509025270758,0.6164908916586769,0.39285714285714285,0.6768579492003763,0.9122340425531915,0.9071294559099438,0.6198432343234324,0.66,0.5032644178454843
mnli+qnli+qqp+sst2+record+imdb+winogrande,0.3161764705882353,0.2764525993883792,0.7111913357400722,0.5982742090124641,0.4107142857142857,0.6848541862652869,0.9148936170212766,0.900562851782364,0.6183993399339934,0.59,0.4249183895538629
mnli+qnli+qqp+sst2+record+paws+hellaswag,0.3161764705882353,0.4996941896024465,0.6967509025270758,0.576222435282838,0.4107142857142857,0.6857949200376293,0.898936170212766,0.8827392120075047,0.6553217821782178,0.47,0.3117519042437432
mnli+qnli+qqp+sst2+record+paws+imdb,0.3161764705882353,0.4740061162079511,0.6787003610108303,0.6001917545541706,0.375,0.7507055503292568,0.9122340425531915,0.9043151969981238,0.6458333333333334,0.4,0.27094668117519044
mnli+qnli+qqp+sst2+record+paws+winogrande,0.3161764705882353,0.4908256880733945,0.7111913357400722,0.5541706615532119,0.4107142857142857,0.7003762935089369,0.901595744680851,0.8799249530956847,0.650990099009901,0.43,0.20184983677910773
mnli+qnli+qqp+sst2+record+snli+anli_r1,0.3161764705882353,0.1856269113149847,0.5631768953068592,0.5666347075743049,0.7857142857142857,0.7690498588899342,0.8351063829787234,0.8330206378986866,0.6388201320132013,0.06,0.12295973884657237
mnli+qnli+qqp+sst2+record+snli+hellaswag,0.3161764705882353,0.2324159021406728,0.5848375451263538,0.5810162991371045,0.7857142857142857,0.7238946378174976,0.8377659574468085,0.8348968105065666,0.6507838283828383,0.16,0.29488574537540807
mnli+qnli+qqp+sst2+record+snli+imdb,0.3161764705882353,0.09021406727828746,0.6028880866425993,0.585810162991371,0.8035714285714286,0.7737535277516463,0.851063829787234,0.8630393996247655,0.5625,0.16,0.23286180631120784
mnli+qnli+qqp+sst2+record+snli+paws,0.3161764705882353,0.4743119266055046,0.6173285198555957,0.5532118887823586,0.7857142857142857,0.786453433678269,0.8404255319148937,0.8386491557223265,0.6520214521452146,0.08,0.0957562568008705
mnli+qnli+qqp+sst2+record+snli+winogrande,0.3161764705882353,0.24128440366972478,0.6101083032490975,0.5474592521572388,0.8035714285714286,0.7347130761994356,0.8351063829787234,0.8320825515947468,0.6470709570957096,0.13,0.22470076169749728
mnli+qnli+qqp+sst2+snli+anli_r1+hellaswag,0.3161764705882353,0.1363914373088685,0.5631768953068592,0.5723873441994247,0.7857142857142857,0.7817497648165569,0.8351063829787234,0.8367729831144465,0.6148927392739274,0.21,0.15832426550598477
mnli+qnli+qqp+sst2+snli+anli_r1+imdb,0.3161764705882353,0.03302752293577982,0.5703971119133574,0.5963566634707574,0.8214285714285714,0.8010348071495766,0.8643617021276596,0.8611632270168855,0.46101485148514854,0.13,0.10010881392818281
mnli+qnli+qqp+sst2+snli+anli_r1+paws,0.3161764705882353,0.4327217125382263,0.5740072202166066,0.5618408437200384,0.8035714285714286,0.8156161806208843,0.8404255319148937,0.8395872420262664,0.6507838283828383,0.04,0.057127312295973884
mnli+qnli+qqp+sst2+snli+anli_r1+winogrande,0.3161764705882353,0.14097859327217124,0.5667870036101083,0.5685522531160115,0.8035714285714286,0.7850423330197555,0.8404255319148937,0.8330206378986866,0.6161303630363036,0.12,0.11969532100108814
mnli+qnli+qqp+sst2+snli+hellaswag+winogrande,0.3161764705882353,0.18868501529051987,0.6173285198555957,0.5618408437200384,0.8035714285714286,0.7521166509877705,0.8351063829787234,0.8377110694183865,0.6219059405940595,0.3,0.2676822633297062
mnli+qnli+qqp+sst2+snli+imdb+hellaswag,0.3161764705882353,0.0691131498470948,0.5956678700361011,0.5963566634707574,0.8035714285714286,0.7831608654750706,0.8617021276595744,0.8602251407129456,0.4665841584158416,0.33,0.2725788900979325
mnli+qnli+qqp+sst2+snli+imdb+winogrande,0.3161764705882353,0.06972477064220184,0.6173285198555957,0.5810162991371045,0.8214285714285714,0.7925682031984949,0.8563829787234043,0.8602251407129456,0.48803630363036304,0.17,0.22687704026115343
mnli+qnli+qqp+sst2+snli+paws+hellaswag,0.3161764705882353,0.4620795107033639,0.6101083032490975,0.5627996164908916,0.7857142857142857,0.7982126058325494,0.8457446808510638,0.8386491557223265,0.656559405940594,0.09,0.19804134929270947
mnli+qnli+qqp+sst2+snli+paws+imdb,0.3161764705882353,0.37400611620795104,0.6389891696750902,0.5714285714285714,0.8214285714285714,0.8189087488240828,0.8643617021276596,0.8583489681050657,0.6394389438943895,0.04,0.15995647442872687
mnli+qnli+qqp+sst2+snli+paws+winogrande,0.3161764705882353,0.4562691131498471,0.628158844765343,0.5445829338446788,0.8035714285714286,0.7977422389463782,0.8404255319148937,0.8367729831144465,0.6534653465346535,0.05,0.13547334058759522
mnli+qnli+record+anli_r1+imdb+hellaswag+winogrande,0.33088235294117646,0.5452599388379205,0.6064981949458483,0.5992329817833174,0.7678571428571429,0.5950141110065852,0.9042553191489362,0.8658536585365854,0.5886963696369637,0.67,0.6447225244831338
mnli+qnli+record+anli_r1+paws+hellaswag+winogrande,0.32107843137254904,0.5996941896024465,0.6137184115523465,0.535953978906999,0.75,0.5752587017873941,0.875,0.8348968105065666,0.7396864686468647,0.59,0.45647442872687705
mnli+qnli+record+anli_r1+paws+imdb+hellaswag,0.3284313725490196,0.5831804281345566,0.6101083032490975,0.585810162991371,0.7321428571428571,0.5912511759172154,0.8909574468085106,0.8649155722326454,0.6883250825082509,0.63,0.5767138193688792
mnli+qnli+record+anli_r1+paws+imdb+winogrande,0.3333333333333333,0.5801223241590214,0.631768953068592,0.5656759348034516,0.7678571428571429,0.5898400752587017,0.8936170212765957,0.8611632270168855,0.6916254125412541,0.59,0.4749727965179543
mnli+qnli+record+paws+imdb+hellaswag+winogrande,0.3284313725490196,0.5889908256880734,0.5415162454873647,0.551294343240652,0.6607142857142857,0.5851364063969896,0.9069148936170213,0.874296435272045,0.6998762376237624,0.56,0.5359085963003264
mnli+qnli+record+snli+anli_r1+hellaswag+winogrande,0.3235294117647059,0.5443425076452599,0.5270758122743683,0.5675934803451582,0.8392857142857143,0.6199435559736595,0.8138297872340425,0.7823639774859287,0.6266501650165016,0.62,0.48694232861806314
mnli+qnli+record+snli+anli_r1+imdb+hellaswag,0.32598039215686275,0.40856269113149846,0.5270758122743683,0.6308724832214765,0.8214285714285714,0.6505174035747884,0.851063829787234,0.8442776735459663,0.6406765676567657,0.57,0.515233949945593
mnli+qnli+record+snli+anli_r1+imdb+winogrande,0.32598039215686275,0.41039755351681956,0.5270758122743683,0.588686481303931,0.8214285714285714,0.6589840075258702,0.8563829787234043,0.8424015009380863,0.6454207920792079,0.56,0.40805223068552776
mnli+qnli+record+snli+anli_r1+paws+hellaswag,0.3235294117647059,0.5831804281345566,0.5270758122743683,0.5714285714285714,0.8035714285714286,0.6180620884289746,0.824468085106383,0.723264540337711,0.7262788778877888,0.51,0.23449401523394994
mnli+qnli+record+snli+anli_r1+paws+imdb,0.3284313725490196,0.5590214067278287,0.5270758122743683,0.5906040268456376,0.8214285714285714,0.6495766698024459,0.8590425531914894,0.8442776735459663,0.6625412541254125,0.42,0.1855277475516866
mnli+qnli+record+snli+anli_r1+paws+winogrande,0.32107843137254904,0.5755351681957187,0.5270758122743683,0.5522531160115053,0.8214285714285714,0.6147695202257761,0.8297872340425532,0.7279549718574109,0.7266914191419142,0.46,0.12078346028291621
mnli+qnli+record+snli+imdb+hellaswag+winogrande,0.32598039215686275,0.4636085626911315,0.5270758122743683,0.6030680728667306,0.8392857142857143,0.6171213546566322,0.8563829787234043,0.8452157598499062,0.6239686468646864,0.65,0.5875952121871599
mnli+qnli+record+snli+paws+hellaswag+winogrande,0.3161764705882353,0.5960244648318043,0.5270758122743683,0.5311601150527325,0.8392857142857143,0.5757290686735654,0.7845744680851063,0.40337711069418386,0.7281353135313532,0.63,0.2725788900979325
mnli+qnli+record+snli+paws+imdb+hellaswag,0.32107843137254904,0.5761467889908257,0.5270758122743683,0.5925215723873442,0.8214285714285714,0.6124176857949201,0.8563829787234043,0.8433395872420263,0.6893564356435643,0.6,0.3574537540805223
mnli+qnli+record+snli+paws+imdb+winogrande,0.32598039215686275,0.5648318042813456,0.5270758122743683,0.5637583892617449,0.8392857142857143,0.6199435559736595,0.8590425531914894,0.8442776735459663,0.6961633663366337,0.54,0.24211099020674645
mnli+qnli+snli+anli_r1+imdb+hellaswag+winogrande,0.32598039215686275,0.3357798165137615,0.5270758122743683,0.6030680728667306,0.8214285714285714,0.6434619002822202,0.8537234042553191,0.8405253283302064,0.6212871287128713,0.61,0.5674646354733406
mnli+qnli+snli+anli_r1+paws+hellaswag+winogrande,0.31862745098039214,0.5740061162079511,0.5270758122743683,0.5455417066155321,0.8214285714285714,0.6396989651928504,0.8271276595744681,0.7439024390243902,0.7215346534653465,0.49,0.4178454842219804
mnli+qnli+snli+anli_r1+paws+imdb+hellaswag,0.3235294117647059,0.5553516819571865,0.5270758122743683,0.6078619367209971,0.8035714285714286,0.6726246472248354,0.8696808510638298,0.848968105065666,0.6666666666666666,0.47,0.4499455930359086
mnli+qnli+snli+anli_r1+paws+imdb+winogrande,0.3235294117647059,0.5510703363914373,0.5270758122743683,0.5829338446788112,0.8214285714285714,0.6796801505174036,0.8723404255319149,0.8442776735459663,0.6633663366336634,0.36,0.35310119695321
mnli+qnli+snli+paws+imdb+hellaswag+winogrande,0.31862745098039214,0.5581039755351682,0.5270758122743683,0.5800575263662512,0.8392857142857143,0.6260583254938852,0.8670212765957447,0.8452157598499062,0.6670792079207921,0.63,0.5609357997823722
mnli+qnli+sst2+anli_r1+imdb+hellaswag+winogrande,0.3431372549019608,0.4253822629969419,0.6064981949458483,0.5934803451581975,0.7857142857142857,0.5973659454374413,0.9042553191489362,0.8949343339587242,0.5860148514851485,0.69,0.6447225244831338
mnli+qnli+sst2+anli_r1+paws+hellaswag+winogrande,0.3284313725490196,0.5807339449541284,0.6245487364620939,0.5522531160115053,0.7857142857142857,0.5856067732831609,0.8962765957446809,0.874296435272045,0.6912128712871287,0.67,0.543525571273123
mnli+qnli+sst2+anli_r1+paws+imdb+hellaswag,0.33578431372549017,0.563302752293578,0.5992779783393501,0.6001917545541706,0.8035714285714286,0.5978363123236125,0.898936170212766,0.8939962476547842,0.6270627062706271,0.64,0.5837867247007617
mnli+qnli+sst2+anli_r1+paws+imdb+winogrande,0.3431372549019608,0.5532110091743119,0.6101083032490975,0.5675934803451582,0.8035714285714286,0.5940733772342427,0.9042553191489362,0.8930581613508443,0.6297442244224423,0.59,0.530467899891186
mnli+qnli+sst2+paws+imdb+hellaswag+winogrande,0.3431372549019608,0.5651376146788991,0.5415162454873647,0.5723873441994247,0.75,0.5917215428033866,0.9122340425531915,0.9033771106941839,0.6179867986798679,0.67,0.5903155603917302
mnli+qnli+sst2+record+anli_r1+hellaswag+winogrande,0.3333333333333333,0.5535168195718655,0.6353790613718412,0.5675934803451582,0.7678571428571429,0.587958607714017,0.8962765957446809,0.8808630393996247,0.599009900990099,0.67,0.6278563656147987
mnli+qnli+sst2+record+anli_r1+imdb+hellaswag,0.3431372549019608,0.46422018348623856,0.6245487364620939,0.62320230105465,0.7142857142857143,0.5954844778927564,0.9069148936170213,0.8977485928705441,0.6142739273927392,0.67,0.6354733405875952
mnli+qnli+sst2+record+anli_r1+imdb+winogrande,0.36519607843137253,0.4529051987767584,0.6173285198555957,0.588686481303931,0.7678571428571429,0.5921919096895578,0.9095744680851063,0.8949343339587242,0.6126237623762376,0.64,0.6066376496191512
mnli+qnli+sst2+record+anli_r1+paws+hellaswag,0.3382352941176471,0.5914373088685015,0.6353790613718412,0.5560882070949185,0.7321428571428571,0.5884289746001882,0.8962765957446809,0.8771106941838649,0.7013201320132013,0.62,0.5386289445048966
mnli+qnli+sst2+record+anli_r1+paws+imdb,0.3480392156862745,0.5697247706422018,0.6137184115523465,0.5867689357622243,0.7321428571428571,0.5950141110065852,0.9069148936170213,0.8939962476547842,0.6375825082508251,0.54,0.500544069640914
mnli+qnli+sst2+record+anli_r1+paws+winogrande,0.35049019607843135,0.5813455657492355,0.631768953068592,0.5675934803451582,0.7857142857142857,0.5884289746001882,0.8962765957446809,0.8761726078799249,0.7019389438943895,0.55,0.42981501632208924
mnli+qnli+sst2+record+imdb+hellaswag+winogrande,0.36764705882352944,0.500611620795107,0.5884476534296029,0.5925215723873442,0.5892857142857143,0.5912511759172154,0.9148936170212766,0.9061913696060038,0.6002475247524752,0.7,0.6452665941240479
mnli+qnli+sst2+record+paws+hellaswag+winogrande,0.35294117647058826,0.5954128440366973,0.592057761732852,0.5263662511984659,0.6607142857142857,0.5667920978363123,0.9042553191489362,0.8883677298311444,0.70503300330033,0.56,0.4972796517954298
mnli+qnli+sst2+record+paws+imdb+hellaswag,0.3627450980392157,0.5773700305810398,0.5776173285198556,0.585810162991371,0.625,0.5874882408278457,0.9148936170212766,0.9080675422138836,0.6353135313531353,0.62,0.5919477693144722
mnli+qnli+sst2+record+paws+imdb+winogrande,0.38480392156862747,0.5678899082568807,0.5884476534296029,0.5723873441994247,0.6785714285714286,0.5888993414863594,0.9175531914893617,0.9043151969981238,0.6427392739273927,0.6,0.5048966267682263
mnli+qnli+sst2+record+snli+anli_r1+hellaswag,0.3284313725490196,0.41804281345565747,0.5270758122743683,0.5915627996164909,0.8035714285714286,0.6420507996237065,0.8457446808510638,0.8377110694183865,0.6505775577557755,0.58,0.47170837867247006
mnli+qnli+sst2+record+snli+anli_r1+imdb,0.32598039215686275,0.22599388379204893,0.5270758122743683,0.5896452540747843,0.8035714285714286,0.6730950141110066,0.8670212765957447,0.8639774859287055,0.6320132013201321,0.49,0.3835690968443961
mnli+qnli+sst2+record+snli+anli_r1+paws,0.3284313725490196,0.5636085626911315,0.5270758122743683,0.5560882070949185,0.8035714285714286,0.676387582314205,0.848404255319149,0.8414634146341463,0.6767739273927392,0.42,0.13928182807399347
mnli+qnli+sst2+record+snli+anli_r1+winogrande,0.3284313725490196,0.42599388379204894,0.5270758122743683,0.5599232981783318,0.8214285714285714,0.654280338664158,0.8430851063829787,0.8386491557223265,0.648102310231023,0.53,0.3634385201305767
mnli+qnli+sst2+record+snli+hellaswag+winogrande,0.32598039215686275,0.4798165137614679,0.5270758122743683,0.5656759348034516,0.8214285714285714,0.6105362182502352,0.8377659574468085,0.8330206378986866,0.6388201320132013,0.64,0.5516866158868335
mnli+qnli+sst2+record+snli+imdb+hellaswag,0.3284313725490196,0.3131498470948012,0.5270758122743683,0.6001917545541706,0.7857142857142857,0.6317027281279398,0.8643617021276596,0.8677298311444653,0.6283003300330033,0.62,0.573993471164309
mnli+qnli+sst2+record+snli+imdb+winogrande,0.3333333333333333,0.30061162079510706,0.5270758122743683,0.5810162991371045,0.8392857142857143,0.6312323612417686,0.8643617021276596,0.8611632270168855,0.6324257425742574,0.6,0.5038084874863983
mnli+qnli+sst2+record+snli+paws+hellaswag,0.32598039215686275,0.5850152905198777,0.5270758122743683,0.5647171620325983,0.8035714285714286,0.616650987770461,0.8404255319148937,0.8377110694183865,0.7060643564356436,0.6,0.3057671381936888
mnli+qnli+sst2+record+snli+paws+imdb,0.32598039215686275,0.5513761467889908,0.5270758122743683,0.573346116970278,0.8214285714285714,0.6538099717779868,0.8643617021276596,0.8630393996247655,0.661509900990099,0.52,0.2910772578890098
mnli+qnli+sst2+record+snli+paws+winogrande,0.32598039215686275,0.5758409785932722,0.5270758122743683,0.5407478427612655,0.8214285714285714,0.6222953904045155,0.8457446808510638,0.8386491557223265,0.7066831683168316,0.53,0.2089227421109902
mnli+qnli+sst2+snli+anli_r1+hellaswag+winogrande,0.32598039215686275,0.3654434250764526,0.5270758122743683,0.5752636625119847,0.8035714285714286,0.6462841015992474,0.8430851063829787,0.8339587242026266,0.6406765676567657,0.52,0.5250272034820457
mnli+qnli+sst2+snli+anli_r1+imdb+hellaswag,0.3284313725490196,0.17217125382262996,0.5270758122743683,0.6184084372003835,0.8035714285714286,0.6895578551269991,0.8617021276595744,0.8592870544090057,0.5837458745874587,0.43,0.49455930359085964
mnli+qnli+sst2+snli+anli_r1+imdb+winogrande,0.32598039215686275,0.1764525993883792,0.5270758122743683,0.5915627996164909,0.8214285714285714,0.6952022577610536,0.8563829787234043,0.8583489681050657,0.5930280528052805,0.4,0.44069640914036995
mnli+qnli+sst2+snli+anli_r1+paws+hellaswag,0.3235294117647059,0.5651376146788991,0.5270758122743683,0.5790987535953979,0.7857142857142857,0.7022577610536218,0.848404255319149,0.8367729831144465,0.6633663366336634,0.37,0.39336235038084877
mnli+qnli+sst2+snli+anli_r1+paws+imdb,0.3284313725490196,0.5024464831804282,0.5270758122743683,0.5915627996164909,0.8035714285714286,0.7323612417685795,0.8670212765957447,0.8592870544090057,0.6664603960396039,0.22,0.30794341675734493
mnli+qnli+sst2+snli+anli_r1+paws+winogrande,0.32598039215686275,0.5565749235474006,0.5270758122743683,0.5455417066155321,0.8214285714285714,0.7111947318908749,0.8457446808510638,0.8367729831144465,0.6658415841584159,0.29,0.2986942328618063
mnli+qnli+sst2+snli+imdb+hellaswag+winogrande,0.33088235294117646,0.24831804281345565,0.5270758122743683,0.5973154362416108,0.8392857142857143,0.6251175917215428,0.8590425531914894,0.8583489681050657,0.5928217821782178,0.64,0.6294885745375408
mnli+qnli+sst2+snli+paws+hellaswag+winogrande,0.3235294117647059,0.5776758409785933,0.5270758122743683,0.5570469798657718,0.8214285714285714,0.6514581373471308,0.8430851063829787,0.8348968105065666,0.6949257425742574,0.64,0.5255712731229597
mnli+qnli+sst2+snli+paws+imdb+hellaswag,0.32598039215686275,0.5363914373088685,0.5270758122743683,0.5944391179290508,0.8035714285714286,0.674035747883349,0.8670212765957447,0.8639774859287055,0.6590346534653465,0.6,0.5609357997823722
mnli+qnli+sst2+snli+paws+imdb+winogrande,0.3235294117647059,0.527217125382263,0.5270758122743683,0.5781399808245445,0.8392857142857143,0.687206020696143,0.8617021276595744,0.8630393996247655,0.6623349834983498,0.57,0.4956474428726877
mnli+qqp+anli_r1+paws+imdb+hellaswag+winogrande,0.3161764705882353,0.4798165137614679,0.8194945848375451,0.6097794822627037,0.7678571428571429,0.8518344308560677,0.8617021276595744,0.8480300187617261,0.6472772277227723,0.62,0.5854189336235038
mnli+qqp+record+anli_r1+imdb+hellaswag+winogrande,0.3161764705882353,0.38287461773700304,0.7906137184115524,0.6337488015340365,0.7142857142857143,0.8565380997177798,0.8803191489361702,0.8677298311444653,0.6237623762376238,0.67,0.6126224156692056
mnli+qqp+record+anli_r1+paws+hellaswag+winogrande,0.3161764705882353,0.5070336391437309,0.8086642599277978,0.5503355704697986,0.75,0.8617121354656632,0.848404255319149,0.8180112570356473,0.6528465346534653,0.58,0.3498367791077258
mnli+qqp+record+anli_r1+paws+imdb+hellaswag,0.3161764705882353,0.48990825688073397,0.8194945848375451,0.6241610738255033,0.7142857142857143,0.8560677328316086,0.875,0.8677298311444653,0.6505775577557755,0.52,0.41947769314472255
mnli+qqp+record+anli_r1+paws+imdb+winogrande,0.3161764705882353,0.47889908256880737,0.8122743682310469,0.6011505273250239,0.7142857142857143,0.852304797742239,0.8723404255319149,0.8611632270168855,0.6522277227722773,0.48,0.2676822633297062
mnli+qqp+record+paws+imdb+hellaswag+winogrande,0.3161764705882353,0.4963302752293578,0.7148014440433214,0.6088207094918504,0.5,0.7761053621825024,0.8936170212765957,0.874296435272045,0.6466584158415841,0.62,0.455930359085963
mnli+qqp+record+snli+anli_r1+imdb+winogrande,0.3161764705882353,0.22996941896024464,0.5667870036101083,0.6088207094918504,0.875,0.8264346190028222,0.8324468085106383,0.8283302063789869,0.6289191419141914,0.26,0.3906420021762786
mnli+qqp+record+snli+anli_r1+paws+hellaswag,0.3161764705882353,0.490519877675841,0.5740072202166066,0.5915627996164909,0.8035714285714286,0.8269049858889934,0.8138297872340425,0.7842401500938087,0.6656353135313532,0.22,0.24374319912948858
mnli+qqp+record+snli+anli_r1+paws+imdb,0.3161764705882353,0.4584097859327217,0.5848375451263538,0.6059443911792906,0.8571428571428571,0.8264346190028222,0.848404255319149,0.8330206378986866,0.6454207920792079,0.16,0.1985854189336235
mnli+qqp+record+snli+anli_r1+paws+winogrande,0.3161764705882353,0.4837920489296636,0.5740072202166066,0.5474592521572388,0.875,0.8250235183443085,0.7925531914893617,0.7786116322701688,0.6613036303630363,0.21,0.16376496191512513
mnli+qqp+record+snli+imdb+hellaswag+winogrande,0.3161764705882353,0.2798165137614679,0.628158844765343,0.6040268456375839,0.8392857142857143,0.8325493885230479,0.8271276595744681,0.8255159474671669,0.6400577557755776,0.58,0.5505984766050055
mnli+qqp+record+snli+paws+hellaswag+winogrande,0.3161764705882353,0.4984709480122324,0.628158844765343,0.5618408437200384,0.8571428571428571,0.8381937911571026,0.800531914893617,0.6397748592870544,0.6689356435643564,0.51,0.32100108813928185
mnli+qqp+record+snli+paws+imdb+hellaswag,0.3161764705882353,0.4758409785932722,0.631768953068592,0.6097794822627037,0.8392857142857143,0.8339604891815616,0.8404255319148937,0.8377110694183865,0.6553217821782178,0.48,0.3857453754080522
mnli+qqp+record+snli+paws+imdb+winogrande,0.3161764705882353,0.47217125382263,0.6353790613718412,0.5925215723873442,0.8571428571428571,0.8320790216368767,0.8351063829787234,0.8292682926829268,0.6507838283828383,0.46,0.2720348204570185
mnli+qqp+snli+anli_r1+imdb+hellaswag+winogrande,0.3161764705882353,0.17584097859327216,0.5703971119133574,0.6040268456375839,0.875,0.8269049858889934,0.8297872340425532,0.8292682926829268,0.5691006600660066,0.16,0.4630032644178455
mnli+qqp+snli+anli_r1+paws+hellaswag+winogrande,0.3161764705882353,0.4782874617737003,0.5703971119133574,0.5656759348034516,0.8392857142857143,0.8207902163687676,0.8058510638297872,0.776735459662289,0.665016501650165,0.11,0.3585418933623504
mnli+qqp+snli+anli_r1+paws+imdb+hellaswag,0.3161764705882353,0.44128440366972477,0.5884476534296029,0.6126558005752637,0.8214285714285714,0.823612417685795,0.8430851063829787,0.8414634146341463,0.6520214521452146,0.1,0.36996735582154516
mnli+qqp+snli+anli_r1+paws+imdb+winogrande,0.3161764705882353,0.43363914373088686,0.5992779783393501,0.5800575263662512,0.875,0.8240827845719662,0.8404255319148937,0.8330206378986866,0.6456270627062707,0.08,0.2986942328618063
mnli+qqp+snli+paws+imdb+hellaswag+winogrande,0.3161764705882353,0.463914373088685,0.6425992779783394,0.5781399808245445,0.875,0.8325493885230479,0.8377659574468085,0.8320825515947468,0.6534653465346535,0.39,0.47606093579978237
mnli+qqp+sst2+anli_r1+imdb+hellaswag+winogrande,0.31862745098039214,0.22874617737003058,0.7870036101083032,0.6184084372003835,0.6964285714285714,0.8443085606773283,0.8962765957446809,0.8930581613508443,0.5542491749174917,0.69,0.6447225244831338
mnli+qqp+sst2+anli_r1+paws+hellaswag+winogrande,0.3161764705882353,0.4889908256880734,0.8303249097472925,0.5723873441994247,0.75,0.8504233301975541,0.8856382978723404,0.8714821763602252,0.6516089108910891,0.61,0.5609357997823722
mnli+qqp+sst2+anli_r1+paws+imdb+hellaswag,0.3161764705882353,0.45015290519877676,0.8194945848375451,0.6069031639501438,0.6785714285714286,0.8381937911571026,0.898936170212766,0.8930581613508443,0.64253300330033,0.6,0.5854189336235038
mnli+qqp+sst2+anli_r1+paws+imdb+winogrande,0.31862745098039214,0.45198776758409787,0.8158844765342961,0.5925215723873442,0.6785714285714286,0.8269049858889934,0.8936170212765957,0.8864915572232646,0.6458333333333334,0.58,0.5016322089227421
mnli+qqp+sst2+paws+imdb+hellaswag+winogrande,0.3161764705882353,0.46422018348623856,0.7220216606498195,0.6049856184084372,0.5178571428571429,0.6434619002822202,0.9042553191489362,0.9052532833020638,0.6458333333333334,0.65,0.6077257889009793
mnli+qqp+sst2+record+anli_r1+hellaswag+winogrande,0.31862745098039214,0.39785932721712536,0.7942238267148014,0.5848513902205177,0.6964285714285714,0.8537158984007526,0.8962765957446809,0.8761726078799249,0.6377887788778878,0.67,0.5783460282916213
mnli+qqp+sst2+record+anli_r1+imdb+hellaswag,0.31862745098039214,0.26636085626911316,0.779783393501805,0.6404602109300096,0.6071428571428571,0.8424270931326434,0.9069148936170213,0.9024390243902439,0.6047854785478548,0.64,0.5919477693144722
mnli+qqp+sst2+record+anli_r1+imdb+winogrande,0.31862745098039214,0.26422018348623855,0.7833935018050542,0.6088207094918504,0.6071428571428571,0.8377234242709313,0.9042553191489362,0.8977485928705441,0.6045792079207921,0.59,0.5054406964091404
mnli+qqp+sst2+record+anli_r1+paws+hellaswag,0.3161764705882353,0.5003058103975535,0.8231046931407943,0.5877277085330777,0.6964285714285714,0.8532455315145814,0.8936170212765957,0.8780487804878049,0.6542904290429042,0.57,0.3607181719260065
mnli+qqp+sst2+record+anli_r1+paws+imdb,0.31862745098039214,0.4672782874617737,0.8086642599277978,0.613614573346117,0.6071428571428571,0.8278457196613358,0.898936170212766,0.8949343339587242,0.6427392739273927,0.47,0.2986942328618063
mnli+qqp+sst2+record+anli_r1+paws+winogrande,0.3161764705882353,0.4889908256880734,0.8122743682310469,0.5704697986577181,0.6785714285714286,0.8494825964252116,0.8882978723404256,0.8696060037523452,0.647483498349835,0.49,0.2306855277475517
mnli+qqp+sst2+record+imdb+hellaswag+winogrande,0.3161764705882353,0.318348623853211,0.7220216606498195,0.6155321188878236,0.48214285714285715,0.7742238946378175,0.9148936170212766,0.9080675422138836,0.6045792079207921,0.67,0.6202393906420022
mnli+qqp+sst2+record+paws+hellaswag+winogrande,0.3161764705882353,0.5067278287461774,0.7148014440433214,0.5589645254074784,0.48214285714285715,0.8146754468485419,0.8936170212765957,0.8818011257035647,0.6532590759075908,0.63,0.4009793253536453
mnli+qqp+sst2+record+paws+imdb+hellaswag,0.3161764705882353,0.4877675840978593,0.7003610108303249,0.6021093000958773,0.44642857142857145,0.7596425211665099,0.9122340425531915,0.9090056285178236,0.6472772277227723,0.61,0.45701849836779107
mnli+qqp+sst2+record+paws+imdb+winogrande,0.3161764705882353,0.4749235474006116,0.7075812274368231,0.5800575263662512,0.5,0.7041392285983067,0.9122340425531915,0.9052532833020638,0.6458333333333334,0.56,0.31664853101196955
mnli+qqp+sst2+record+snli+anli_r1+hellaswag,0.3161764705882353,0.22110091743119267,0.5667870036101083,0.5982742090124641,0.8392857142857143,0.8292568203198495,0.824468085106383,0.8264540337711069,0.6450082508250825,0.25,0.41512513601741025
mnli+qqp+sst2+record+snli+anli_r1+imdb,0.3161764705882353,0.07920489296636085,0.5703971119133574,0.6145733461169702,0.8571428571428571,0.8297271872060207,0.8590425531914894,0.8564727954971857,0.5453795379537953,0.13,0.3367791077257889
mnli+qqp+sst2+record+snli+anli_r1+paws,0.3161764705882353,0.47003058103975537,0.5848375451263538,0.5723873441994247,0.8571428571428571,0.8334901222953904,0.8297872340425532,0.8264540337711069,0.6501650165016502,0.1,0.14907508161044614
mnli+qqp+sst2+record+snli+anli_r1+winogrande,0.3161764705882353,0.23486238532110093,0.5848375451263538,0.5781399808245445,0.8571428571428571,0.8240827845719662,0.8271276595744681,0.8264540337711069,0.6441831683168316,0.18,0.33623503808487487
mnli+qqp+sst2+record+snli+hellaswag+winogrande,0.3161764705882353,0.29510703363914376,0.628158844765343,0.5771812080536913,0.8392857142857143,0.8358419567262465,0.824468085106383,0.8255159474671669,0.6462458745874587,0.56,0.5212187159956474
mnli+qqp+sst2+record+snli+imdb+hellaswag,0.3161764705882353,0.13914373088685014,0.631768953068592,0.6145733461169702,0.8035714285714286,0.8254938852304797,0.8537234042553191,0.8564727954971857,0.5583745874587459,0.5,0.5315560391730142
mnli+qqp+sst2+record+snli+imdb+winogrande,0.3161764705882353,0.1489296636085627,0.631768953068592,0.5982742090124641,0.8035714285714286,0.8222013170272813,0.8563829787234043,0.8583489681050657,0.5697194719471947,0.48,0.4722524483133841
mnli+qqp+sst2+record+snli+paws+hellaswag,0.3161764705882353,0.4883792048929664,0.6425992779783394,0.5781399808245445,0.8214285714285714,0.8358419567262465,0.8297872340425532,0.8255159474671669,0.6584158415841584,0.44,0.3117519042437432
mnli+qqp+sst2+record+snli+paws+imdb,0.3161764705882353,0.4382262996941896,0.6353790613718412,0.588686481303931,0.7857142857142857,0.8226716839134525,0.8537234042553191,0.8602251407129456,0.6375825082508251,0.37,0.279651795429815
mnli+qqp+sst2+record+snli+paws+winogrande,0.3161764705882353,0.4785932721712538,0.6353790613718412,0.5599232981783318,0.8035714285714286,0.8320790216368767,0.8377659574468085,0.8311444652908068,0.6528465346534653,0.4,0.22470076169749728
mnli+qqp+sst2+snli+anli_r1+hellaswag+winogrande,0.3161764705882353,0.1691131498470948,0.5740072202166066,0.588686481303931,0.875,0.8264346190028222,0.824468085106383,0.8217636022514071,0.6087046204620462,0.24,0.4102285092491839
mnli+qqp+sst2+snli+anli_r1+imdb+hellaswag,0.3161764705882353,0.06024464831804281,0.5812274368231047,0.6126558005752637,0.8571428571428571,0.8287864534336783,0.848404255319149,0.8583489681050657,0.4428630363036304,0.21,0.3808487486398259
mnli+qqp+sst2+snli+anli_r1+imdb+winogrande,0.3161764705882353,0.05504587155963303,0.5848375451263538,0.6021093000958773,0.8928571428571429,0.8264346190028222,0.8563829787234043,0.8545966228893058,0.4513201320132013,0.13,0.3291621327529924
mnli+qqp+sst2+snli+anli_r1+paws+hellaswag,0.3161764705882353,0.45015290519877676,0.5776173285198556,0.5829338446788112,0.8392857142857143,0.823612417685795,0.8351063829787234,0.8292682926829268,0.6547029702970297,0.08,0.31120783460282914
mnli+qqp+sst2+snli+anli_r1+paws+imdb,0.3161764705882353,0.3529051987767584,0.5740072202166066,0.588686481303931,0.875,0.8301975540921919,0.8643617021276596,0.8555347091932458,0.629950495049505,0.05,0.22034820457018497
mnli+qqp+sst2+snli+anli_r1+paws+winogrande,0.3161764705882353,0.45382262996941897,0.6028880866425993,0.5675934803451582,0.875,0.823612417685795,0.8297872340425532,0.8283302063789869,0.648102310231023,0.08,0.22742110990206746
mnli+qqp+sst2+snli+imdb+hellaswag+winogrande,0.3161764705882353,0.10122324159021406,0.6389891696750902,0.6011505273250239,0.8392857142857143,0.8269049858889934,0.851063829787234,0.8602251407129456,0.4709158415841584,0.42,0.5386289445048966
mnli+qqp+sst2+snli+paws+hellaswag+winogrande,0.3161764705882353,0.4685015290519878,0.6570397111913358,0.5714285714285714,0.8571428571428571,0.834901222953904,0.8271276595744681,0.8217636022514071,0.6547029702970297,0.38,0.4434167573449401
mnli+qqp+sst2+snli+paws+imdb+hellaswag,0.3161764705882353,0.4018348623853211,0.6389891696750902,0.5963566634707574,0.8392857142857143,0.8226716839134525,0.8590425531914894,0.8592870544090057,0.6400577557755776,0.26,0.4515778019586507
mnli+qqp+sst2+snli+paws+imdb+winogrande,0.3161764705882353,0.40642201834862385,0.6534296028880866,0.5848513902205177,0.8392857142857143,0.8198494825964252,0.8590425531914894,0.8583489681050657,0.6373762376237624,0.2,0.3781284004352557
mnli+record+anli_r1+paws+imdb+hellaswag+winogrande,0.5588235294117647,0.5886850152905199,0.5667870036101083,0.585810162991371,0.8214285714285714,0.8269049858889934,0.901595744680851,0.8724202626641651,0.673473597359736,0.64,0.6191512513601741
mnli+record+snli+anli_r1+imdb+hellaswag+winogrande,0.34558823529411764,0.4345565749235474,0.5270758122743683,0.6155321188878236,0.8928571428571429,0.8066792097836313,0.8430851063829787,0.8292682926829268,0.6208745874587459,0.66,0.573449401523395
mnli+record+snli+anli_r1+paws+hellaswag+winogrande,0.34558823529411764,0.6012232415902141,0.5270758122743683,0.5570469798657718,0.8392857142857143,0.8137347130761995,0.7978723404255319,0.5806754221388368,0.7112211221122112,0.61,0.24755168661588683
mnli+record+snli+anli_r1+paws+imdb+hellaswag,0.3431372549019608,0.5737003058103975,0.5270758122743683,0.6212847555129435,0.8035714285714286,0.8118532455315146,0.848404255319149,0.8424015009380863,0.6524339933993399,0.58,0.3258977149075082
mnli+record+snli+anli_r1+paws+imdb+winogrande,0.35294117647058826,0.5718654434250765,0.5270758122743683,0.5877277085330777,0.8928571428571429,0.8071495766698025,0.848404255319149,0.8395872420262664,0.6489273927392739,0.51,0.19804134929270947
mnli+record+snli+paws+imdb+hellaswag+winogrande,0.4068627450980392,0.5788990825688073,0.5270758122743683,0.5944391179290508,0.8928571428571429,0.8099717779868297,0.8377659574468085,0.8236397748592871,0.6813118811881188,0.64,0.3852013057671382
mnli+snli+anli_r1+paws+imdb+hellaswag+winogrande,0.3431372549019608,0.5611620795107034,0.5270758122743683,0.5915627996164909,0.8571428571428571,0.8137347130761995,0.8377659574468085,0.8311444652908068,0.6507838283828383,0.6,0.529923830250272
mnli+sst2+anli_r1+paws+imdb+hellaswag+winogrande,0.5073529411764706,0.5645259938837921,0.5848375451263538,0.6021093000958773,0.75,0.8250235183443085,0.901595744680851,0.8939962476547842,0.6084983498349835,0.66,0.6681175190424374
mnli+sst2+record+anli_r1+imdb+hellaswag+winogrande,0.5833333333333334,0.4938837920489297,0.5703971119133574,0.6088207094918504,0.6607142857142857,0.8283160865475071,0.9095744680851063,0.899624765478424,0.590552805280528,0.68,0.6719260065288357
mnli+sst2+record+anli_r1+paws+imdb+hellaswag,0.5637254901960784,0.5844036697247706,0.5884476534296029,0.6164908916586769,0.7142857142857143,0.823612417685795,0.9069148936170213,0.8958724202626641,0.6179867986798679,0.63,0.6186071817192601
mnli+sst2+record+anli_r1+paws+imdb+winogrande,0.5686274509803921,0.5755351681957187,0.5956678700361011,0.5695110258868649,0.6964285714285714,0.8240827845719662,0.9069148936170213,0.8921200750469043,0.6181930693069307,0.58,0.5310119695321001
mnli+sst2+record+paws+imdb+hellaswag+winogrande,0.6102941176470589,0.5807339449541284,0.5415162454873647,0.5934803451581975,0.5892857142857143,0.8109125117591721,0.9202127659574468,0.9099437148217636,0.6268564356435643,0.64,0.6218715995647442
mnli+sst2+record+snli+anli_r1+hellaswag+winogrande,0.3700980392156863,0.46299694189602447,0.5270758122743683,0.5906040268456376,0.8928571428571429,0.8095014111006585,0.8297872340425532,0.8245778611632271,0.630569306930693,0.62,0.5233949945593036
mnli+sst2+record+snli+anli_r1+imdb+hellaswag,0.3799019607843137,0.26330275229357797,0.5270758122743683,0.6174496644295302,0.875,0.8057384760112888,0.851063829787234,0.8555347091932458,0.6122112211221122,0.62,0.5500544069640914
mnli+sst2+record+snli+anli_r1+imdb+winogrande,0.375,0.27492354740061165,0.5270758122743683,0.6030680728667306,0.875,0.8076199435559737,0.8590425531914894,0.8555347091932458,0.616542904290429,0.58,0.4657236126224157
mnli+sst2+record+snli+anli_r1+paws+hellaswag,0.34068627450980393,0.590519877675841,0.5270758122743683,0.5771812080536913,0.8392857142857143,0.812793979303857,0.8324468085106383,0.8283302063789869,0.673473597359736,0.57,0.2426550598476605
mnli+sst2+record+snli+anli_r1+paws+imdb,0.3627450980392157,0.5547400611620795,0.5270758122743683,0.588686481303931,0.875,0.8066792097836313,0.8670212765957447,0.8555347091932458,0.659447194719472,0.45,0.21436343852013057
mnli+sst2+record+snli+anli_r1+paws+winogrande,0.3480392156862745,0.5770642201834862,0.5270758122743683,0.5714285714285714,0.8928571428571429,0.8118532455315146,0.8351063829787234,0.8283302063789869,0.6757425742574258,0.52,0.15995647442872687
mnli+sst2+record+snli+imdb+hellaswag+winogrande,0.4485294117647059,0.35718654434250763,0.5270758122743683,0.6011505273250239,0.8571428571428571,0.8113828786453434,0.8590425531914894,0.8555347091932458,0.6097359735973598,0.68,0.6229597388465724
mnli+sst2+record+snli+paws+hellaswag+winogrande,0.46568627450980393,0.5896024464831804,0.5270758122743683,0.5618408437200384,0.875,0.8137347130761995,0.8297872340425532,0.8133208255159474,0.6976072607260726,0.62,0.31664853101196955
mnli+sst2+record+snli+paws+imdb+hellaswag,0.4166666666666667,0.5694189602446483,0.5270758122743683,0.6059443911792906,0.875,0.8146754468485419,0.8563829787234043,0.8564727954971857,0.6547029702970297,0.61,0.39336235038084877
mnli+sst2+record+snli+paws+imdb+winogrande,0.4215686274509804,0.5584097859327217,0.5270758122743683,0.5867689357622243,0.8571428571428571,0.8132643461900282,0.8617021276595744,0.8592870544090057,0.6598597359735974,0.58,0.27475516866158867
mnli+sst2+snli+anli_r1+imdb+hellaswag+winogrande,0.38480392156862747,0.22293577981651377,0.5270758122743683,0.6078619367209971,0.8928571428571429,0.8095014111006585,0.8563829787234043,0.8536585365853658,0.5627062706270627,0.6,0.6001088139281828
mnli+sst2+snli+anli_r1+paws+hellaswag+winogrande,0.34558823529411764,0.572782874617737,0.5270758122743683,0.5771812080536913,0.8928571428571429,0.8151458137347131,0.8324468085106383,0.8236397748592871,0.654496699669967,0.52,0.47606093579978237
mnli+sst2+snli+anli_r1+paws+imdb+hellaswag,0.35784313725490197,0.536085626911315,0.5270758122743683,0.5992329817833174,0.875,0.8066792097836313,0.851063829787234,0.8536585365853658,0.6575907590759076,0.44,0.49020674646354734
mnli+sst2+snli+anli_r1+paws+imdb+winogrande,0.36764705882352944,0.5201834862385321,0.5270758122743683,0.5867689357622243,0.8928571428571429,0.8080903104421449,0.8617021276595744,0.8564727954971857,0.6604785478547854,0.38,0.40696409140369966
mnli+sst2+snli+paws+imdb+hellaswag+winogrande,0.3382352941176471,0.5477064220183486,0.5306859205776173,0.5953978906999041,0.875,0.8132643461900282,0.8563829787234043,0.8545966228893058,0.6526402640264026,0.65,0.6011969532100109
qnli+qqp+anli_r1+paws+imdb+hellaswag+winogrande,0.3161764705882353,0.4932721712538226,0.47653429602888087,0.5925215723873442,0.375,0.5936030103480715,0.8829787234042553,0.8658536585365854,0.6270627062706271,0.65,0.5174102285092492
qnli+qqp+record+anli_r1+imdb+hellaswag+winogrande,0.3161764705882353,0.44954128440366975,0.47653429602888087,0.5953978906999041,0.4107142857142857,0.5964252116650988,0.8882978723404256,0.8724202626641651,0.6196369636963697,0.65,0.545157780195865
qnli+qqp+record+anli_r1+paws+hellaswag+winogrande,0.3161764705882353,0.5061162079510704,0.47653429602888087,0.4678811121764142,0.4107142857142857,0.5818438381937912,0.8563829787234043,0.8339587242026266,0.6445957095709571,0.54,0.2616974972796518
qnli+qqp+record+anli_r1+paws+imdb+hellaswag,0.3161764705882353,0.4963302752293578,0.47653429602888087,0.5963566634707574,0.39285714285714285,0.5959548447789276,0.8936170212765957,0.873358348968105,0.6357260726072608,0.52,0.34276387377584333
qnli+qqp+record+anli_r1+paws+imdb+winogrande,0.3161764705882353,0.4957186544342508,0.47653429602888087,0.5675934803451582,0.35714285714285715,0.5950141110065852,0.8882978723404256,0.875234521575985,0.6326320132013201,0.43,0.191512513601741
qnli+qqp+record+paws+imdb+hellaswag+winogrande,0.3161764705882353,0.4966360856269113,0.4729241877256318,0.5148609779482263,0.35714285714285715,0.5874882408278457,0.8882978723404256,0.8705440900562852,0.630569306930693,0.57,0.39336235038084877
qnli+qqp+record+snli+anli_r1+hellaswag+winogrande,0.3161764705882353,0.43883792048929665,0.779783393501805,0.5627996164908916,0.4642857142857143,0.5870178739416745,0.7526595744680851,0.7523452157598499,0.647483498349835,0.45,0.4205658324265506
qnli+qqp+record+snli+anli_r1+imdb+hellaswag,0.3161764705882353,0.3394495412844037,0.776173285198556,0.6049856184084372,0.44642857142857145,0.6001881467544685,0.848404255319149,0.8470919324577861,0.6396452145214522,0.47,0.4434167573449401
qnli+qqp+record+snli+anli_r1+imdb+winogrande,0.3161764705882353,0.3504587155963303,0.7617328519855595,0.5704697986577181,0.44642857142857145,0.6001881467544685,0.8430851063829787,0.8377110694183865,0.6398514851485149,0.41,0.3628944504896627
qnli+qqp+record+snli+anli_r1+paws+hellaswag,0.3161764705882353,0.5,0.7870036101083032,0.5608820709491851,0.5178571428571429,0.5931326434619003,0.7473404255319149,0.6876172607879925,0.6557343234323433,0.22,0.2252448313384113
qnli+qqp+record+snli+anli_r1+paws+imdb,0.3161764705882353,0.4724770642201835,0.7870036101083032,0.576222435282838,0.48214285714285715,0.59689557855127,0.8218085106382979,0.8236397748592871,0.6526402640264026,0.21,0.17736670293797607
qnli+qqp+record+snli+anli_r1+paws+winogrande,0.3161764705882353,0.4886850152905199,0.7906137184115524,0.5445829338446788,0.5,0.5936030103480715,0.773936170212766,0.699812382739212,0.6577970297029703,0.18,0.11425462459194777
qnli+qqp+record+snli+imdb+hellaswag+winogrande,0.3161764705882353,0.3889908256880734,0.7653429602888087,0.5790987535953979,0.42857142857142855,0.5978363123236125,0.8882978723404256,0.8696060037523452,0.6392326732673267,0.59,0.4885745375408052
qnli+qqp+record+snli+paws+hellaswag+winogrande,0.3161764705882353,0.4957186544342508,0.7653429602888087,0.5215723873441994,0.44642857142857145,0.5827845719661335,0.8537234042553191,0.8283302063789869,0.6575907590759076,0.35,0.26659412404787813
qnli+qqp+record+snli+paws+imdb+hellaswag,0.3161764705882353,0.4883792048929664,0.7581227436823105,0.573346116970278,0.44642857142857145,0.5926622765757291,0.8829787234042553,0.8621013133208255,0.654496699669967,0.41,0.3324265505984766
qnli+qqp+record+snli+paws+imdb+winogrande,0.3161764705882353,0.481039755351682,0.7581227436823105,0.5493767976989453,0.42857142857142855,0.5921919096895578,0.8803191489361702,0.8630393996247655,0.648102310231023,0.33,0.21218715995647444
qnli+qqp+snli+anli_r1+imdb+hellaswag+winogrande,0.3161764705882353,0.2874617737003058,0.7689530685920578,0.5810162991371045,0.4642857142857143,0.5964252116650988,0.8138297872340425,0.8245778611632271,0.6190181518151815,0.34,0.4455930359085963
qnli+qqp+snli+anli_r1+paws+hellaswag+winogrande,0.3161764705882353,0.4834862385321101,0.7978339350180506,0.5570469798657718,0.5178571428571429,0.5917215428033866,0.7579787234042553,0.6388367729831145,0.6553217821782178,0.17,0.34494015233949943
qnli+qqp+snli+anli_r1+paws+imdb+hellaswag,0.3161764705882353,0.4654434250764526,0.8050541516245487,0.5944391179290508,0.5,0.6124176857949201,0.8218085106382979,0.8236397748592871,0.6571782178217822,0.2,0.36887921653971706
qnli+qqp+snli+anli_r1+paws+imdb+winogrande,0.3161764705882353,0.45749235474006117,0.7978339350180506,0.5647171620325983,0.5,0.6331138287864534,0.8191489361702128,0.8255159474671669,0.6516089108910891,0.19,0.2992383025027203
qnli+qqp+snli+paws+imdb+hellaswag+winogrande,0.3161764705882353,0.4706422018348624,0.7689530685920578,0.573346116970278,0.4107142857142857,0.5936030103480715,0.8617021276595744,0.8574108818011257,0.6505775577557755,0.31,0.43307943416757344
qnli+qqp+sst2+anli_r1+imdb+hellaswag+winogrande,0.3161764705882353,0.3605504587155963,0.47653429602888087,0.585810162991371,0.32142857142857145,0.5954844778927564,0.9148936170212766,0.9033771106941839,0.596947194719472,0.67,0.5963003264417845
qnli+qqp+sst2+anli_r1+paws+hellaswag+winogrande,0.3161764705882353,0.4996941896024465,0.47653429602888087,0.5570469798657718,0.35714285714285715,0.5888993414863594,0.8936170212765957,0.8808630393996247,0.6309818481848185,0.64,0.49455930359085964
qnli+qqp+sst2+anli_r1+paws+imdb+hellaswag,0.3161764705882353,0.4828746177370031,0.47653429602888087,0.5992329817833174,0.30357142857142855,0.6091251175917215,0.9122340425531915,0.9052532833020638,0.6313943894389439,0.62,0.5119695321001088
qnli+qqp+sst2+anli_r1+paws+imdb+winogrande,0.3161764705882353,0.4706422018348624,0.47653429602888087,0.5877277085330777,0.30357142857142855,0.6274694261523989,0.9175531914893617,0.9033771106941839,0.6359323432343235,0.57,0.39934711643090315
qnli+qqp+sst2+paws+imdb+hellaswag+winogrande,0.3161764705882353,0.4813455657492355,0.4729241877256318,0.5867689357622243,0.23214285714285715,0.590310442144873,0.9069148936170213,0.9015009380863039,0.6318069306930693,0.66,0.5527747551686616
qnli+qqp+sst2+record+anli_r1+hellaswag+winogrande,0.3161764705882353,0.4547400611620795,0.47653429602888087,0.5666347075743049,0.4107142857142857,0.5931326434619003,0.9069148936170213,0.8986866791744841,0.6198432343234324,0.65,0.4972796517954298
qnli+qqp+sst2+record+anli_r1+imdb+hellaswag,0.3161764705882353,0.37737003058103974,0.47653429602888087,0.6069031639501438,0.3392857142857143,0.5973659454374413,0.9202127659574468,0.9080675422138836,0.621493399339934,0.65,0.5228509249183896
qnli+qqp+sst2+record+anli_r1+imdb+winogrande,0.3161764705882353,0.37920489296636084,0.47653429602888087,0.5790987535953979,0.32142857142857145,0.5983066792097836,0.9175531914893617,0.9043151969981238,0.6167491749174917,0.57,0.411860718171926
qnli+qqp+sst2+record+anli_r1+paws+hellaswag,0.3161764705882353,0.5110091743119266,0.47653429602888087,0.5704697986577181,0.35714285714285715,0.5926622765757291,0.8936170212765957,0.8949343339587242,0.6379950495049505,0.54,0.2807399347116431
qnli+qqp+sst2+record+anli_r1+paws+imdb,0.3161764705882353,0.48440366972477067,0.47653429602888087,0.5723873441994247,0.30357142857142855,0.6133584195672624,0.9202127659574468,0.9052532833020638,0.6396452145214522,0.43,0.2100108813928183
qnli+qqp+sst2+record+anli_r1+paws+winogrande,0.3161764705882353,0.4960244648318043,0.48014440433212996,0.5465004793863855,0.35714285714285715,0.590310442144873,0.8962765957446809,0.8902439024390244,0.6379950495049505,0.47,0.16104461371055495
qnli+qqp+sst2+record+imdb+hellaswag+winogrande,0.3161764705882353,0.3963302752293578,0.4729241877256318,0.5925215723873442,0.25,0.5926622765757291,0.9175531914893617,0.9090056285178236,0.6157178217821783,0.66,0.5614798694232862
qnli+qqp+sst2+record+paws+hellaswag+winogrande,0.3161764705882353,0.5113149847094801,0.4729241877256318,0.5023969319271333,0.30357142857142855,0.5785512699905927,0.9069148936170213,0.8921200750469043,0.6357260726072608,0.55,0.3394994559303591
qnli+qqp+sst2+record+paws+imdb+hellaswag,0.3161764705882353,0.4923547400611621,0.4729241877256318,0.5877277085330777,0.25,0.5921919096895578,0.9148936170212766,0.9071294559099438,0.634075907590759,0.55,0.38465723612622416
qnli+qqp+sst2+record+paws+imdb+winogrande,0.3161764705882353,0.48990825688073397,0.4729241877256318,0.5800575263662512,0.25,0.5936030103480715,0.9148936170212766,0.9033771106941839,0.6371699669966997,0.52,0.24755168661588683
qnli+qqp+sst2+record+snli+anli_r1+hellaswag,0.3161764705882353,0.3642201834862385,0.7689530685920578,0.5771812080536913,0.4642857142857143,0.5959548447789276,0.8670212765957447,0.8686679174484052,0.6511963696369637,0.45,0.41077257889009794
qnli+qqp+sst2+record+snli+anli_r1+imdb,0.3161764705882353,0.19938837920489297,0.7617328519855595,0.6069031639501438,0.44642857142857145,0.6373471307619943,0.901595744680851,0.8902439024390244,0.601897689768977,0.41,0.35473340587595215
qnli+qqp+sst2+record+snli+anli_r1+paws,0.3161764705882353,0.4819571865443425,0.7978339350180506,0.5627996164908916,0.5,0.6265286923800565,0.8590425531914894,0.8696060037523452,0.6526402640264026,0.2,0.1311207834602829
qnli+qqp+sst2+record+snli+anli_r1+winogrande,0.3161764705882353,0.35932721712538224,0.7581227436823105,0.5608820709491851,0.4642857142857143,0.5978363123236125,0.8696808510638298,0.8705440900562852,0.6478960396039604,0.39,0.32698585418933623
qnli+qqp+sst2+record+snli+hellaswag+winogrande,0.3161764705882353,0.4018348623853211,0.779783393501805,0.5637583892617449,0.4107142857142857,0.5912511759172154,0.8856382978723404,0.8818011257035647,0.6466584158415841,0.55,0.4581066376496192
qnli+qqp+sst2+record+snli+imdb+hellaswag,0.3161764705882353,0.2709480122324159,0.7509025270758123,0.6145733461169702,0.4107142857142857,0.6025399811853246,0.901595744680851,0.9033771106941839,0.6167491749174917,0.58,0.46354733405875953
qnli+qqp+sst2+record+snli+imdb+winogrande,0.3161764705882353,0.2706422018348624,0.7581227436823105,0.5915627996164909,0.4107142857142857,0.6095954844778928,0.901595744680851,0.899624765478424,0.6124174917491749,0.49,0.40750816104461374
qnli+qqp+sst2+record+snli+paws+hellaswag,0.3161764705882353,0.4948012232415902,0.7617328519855595,0.5589645254074784,0.4107142857142857,0.5912511759172154,0.8882978723404256,0.8799249530956847,0.6571782178217822,0.38,0.2769314472252448
qnli+qqp+sst2+record+snli+paws+imdb,0.3161764705882353,0.46819571865443427,0.7364620938628159,0.5838926174496645,0.42857142857142855,0.6665098777046096,0.901595744680851,0.8930581613508443,0.6441831683168316,0.33,0.2306855277475517
qnli+qqp+sst2+record+snli+paws+winogrande,0.3161764705882353,0.4892966360856269,0.7545126353790613,0.5426653883029722,0.44642857142857145,0.6030103480714958,0.8856382978723404,0.873358348968105,0.6522277227722773,0.28,0.16430903155603918
qnli+qqp+sst2+snli+anli_r1+hellaswag+winogrande,0.3161764705882353,0.3067278287461774,0.7689530685920578,0.5695110258868649,0.5,0.5959548447789276,0.8590425531914894,0.8677298311444653,0.6349009900990099,0.29,0.4385201305767138
qnli+qqp+sst2+snli+anli_r1+imdb+hellaswag,0.3161764705882353,0.17155963302752295,0.7617328519855595,0.610738255033557,0.4642857142857143,0.6467544684854186,0.8962765957446809,0.8921200750469043,0.5604372937293729,0.32,0.44069640914036995
qnli+qqp+sst2+snli+anli_r1+imdb+winogrande,0.3161764705882353,0.18287461773700306,0.7689530685920578,0.5944391179290508,0.4642857142857143,0.6646284101599247,0.898936170212766,0.8874296435272045,0.5631188118811881,0.28,0.3998911860718172
qnli+qqp+sst2+snli+anli_r1+paws+hellaswag,0.3161764705882353,0.4792048929663609,0.8122743682310469,0.5704697986577181,0.5,0.6491063029162747,0.8537234042553191,0.8592870544090057,0.6532590759075908,0.18,0.337867247007617
qnli+qqp+sst2+snli+anli_r1+paws+imdb,0.3161764705882353,0.42874617737003057,0.8014440433212996,0.5867689357622243,0.5,0.7074317968015051,0.8962765957446809,0.8855534709193246,0.6388201320132013,0.18,0.28998911860718174
qnli+qqp+sst2+snli+anli_r1+paws+winogrande,0.3161764705882353,0.47217125382263,0.7978339350180506,0.5522531160115053,0.5178571428571429,0.6514581373471308,0.8537234042553191,0.8574108818011257,0.6489273927392739,0.16,0.25516866158868334
qnli+qqp+sst2+snli+imdb+hellaswag+winogrande,0.3161764705882353,0.21192660550458717,0.776173285198556,0.6001917545541706,0.4107142857142857,0.6241768579492004,0.901595744680851,0.8939962476547842,0.5556930693069307,0.54,0.485310119695321
qnli+qqp+sst2+snli+paws+hellaswag+winogrande,0.3161764705882353,0.4819571865443425,0.779783393501805,0.5503355704697986,0.4107142857142857,0.6142991533396049,0.8829787234042553,0.8714821763602252,0.6551155115511551,0.27,0.397714907508161
qnli+qqp+sst2+snli+paws+imdb+hellaswag,0.3161764705882353,0.45504587155963305,0.7617328519855595,0.5982742090124641,0.39285714285714285,0.6660395108184384,0.898936170212766,0.8902439024390244,0.6460396039603961,0.26,0.411860718171926
qnli+qqp+sst2+snli+paws+imdb+winogrande,0.3161764705882353,0.4492354740061162,0.7581227436823105,0.5752636625119847,0.42857142857142855,0.674035747883349,0.901595744680851,0.8911819887429644,0.6427392739273927,0.22,0.3438520130576714
qnli+record+anli_r1+paws+imdb+hellaswag+winogrande,0.3235294117647059,0.5837920489296636,0.6931407942238267,0.5522531160115053,0.4107142857142857,0.5724365004703669,0.9095744680851063,0.8836772983114447,0.6767739273927392,0.61,0.5745375408052231
qnli+record+snli+anli_r1+imdb+hellaswag+winogrande,0.3235294117647059,0.5376146788990825,0.5812274368231047,0.6021093000958773,0.6428571428571429,0.5926622765757291,0.8829787234042553,0.8564727954971857,0.5926155115511551,0.68,0.6213275299238302
qnli+record+snli+anli_r1+paws+hellaswag+winogrande,0.31862745098039214,0.6070336391437309,0.5848375451263538,0.5225311601150527,0.6964285714285714,0.5620884289746002,0.8218085106382979,0.800187617260788,0.7145214521452146,0.61,0.4428726877040261
qnli+record+snli+anli_r1+paws+imdb+hellaswag,0.31862745098039214,0.5788990825688073,0.592057761732852,0.5819750719079578,0.6071428571428571,0.590310442144873,0.875,0.8480300187617261,0.6714108910891089,0.58,0.5087051142546246
qnli+record+snli+anli_r1+paws+imdb+winogrande,0.31862745098039214,0.5718654434250765,0.5884476534296029,0.5627996164908916,0.6964285714285714,0.5907808090310442,0.8723404255319149,0.851782363977486,0.6689356435643564,0.54,0.40696409140369966
qnli+record+snli+paws+imdb+hellaswag+winogrande,0.31862745098039214,0.5798165137614679,0.5776173285198556,0.5426653883029722,0.6428571428571429,0.5823142050799623,0.8962765957446809,0.8658536585365854,0.6872937293729373,0.63,0.544069640914037
qnli+snli+anli_r1+paws+imdb+hellaswag+winogrande,0.32107843137254904,0.5724770642201835,0.6028880866425993,0.5752636625119847,0.7321428571428571,0.5921919096895578,0.8563829787234043,0.8377110694183865,0.648102310231023,0.65,0.544613710554951
qnli+sst2+anli_r1+paws+imdb+hellaswag+winogrande,0.32598039215686275,0.5709480122324159,0.7256317689530686,0.5407478427612655,0.4107142857142857,0.5752587017873941,0.9175531914893617,0.9146341463414634,0.6311881188118812,0.65,0.6670293797606094
qnli+sst2+record+anli_r1+imdb+hellaswag+winogrande,0.3431372549019608,0.5290519877675841,0.6462093862815884,0.585810162991371,0.42857142857142855,0.5809031044214488,0.9175531914893617,0.9136960600375235,0.5503300330033003,0.7,0.676278563656148
qnli+sst2+record+anli_r1+paws+hellaswag+winogrande,0.32598039215686275,0.5944954128440367,0.6931407942238267,0.5302013422818792,0.4107142857142857,0.5597365945437441,0.9148936170212766,0.9052532833020638,0.6850247524752475,0.62,0.5228509249183896
qnli+sst2+record+anli_r1+paws+imdb+hellaswag,0.33088235294117646,0.5761467889908257,0.6787003610108303,0.5685522531160115,0.4107142857142857,0.5818438381937912,0.9228723404255319,0.9155722326454033,0.6454207920792079,0.63,0.5968443960826986
qnli+sst2+record+anli_r1+paws+imdb+winogrande,0.36764705882352944,0.5730886850152905,0.6750902527075813,0.5397890699904123,0.4107142857142857,0.5780809031044214,0.9202127659574468,0.9127579737335835,0.6489273927392739,0.57,0.5391730141458106
qnli+sst2+record+paws+imdb+hellaswag+winogrande,0.3700980392156863,0.5828746177370031,0.7075812274368231,0.5349952061361457,0.4107142857142857,0.561618062088429,0.9228723404255319,0.9146341463414634,0.6631600660066007,0.6,0.5984766050054406
qnli+sst2+record+snli+anli_r1+hellaswag+winogrande,0.32598039215686275,0.5529051987767584,0.5703971119133574,0.5551294343240653,0.6071428571428571,0.5846660395108184,0.8909574468085106,0.874296435272045,0.5963283828382838,0.68,0.5973884657236126
qnli+sst2+record+snli+anli_r1+imdb+winogrande,0.32598039215686275,0.45198776758409787,0.5740072202166066,0.5829338446788112,0.5892857142857143,0.59689557855127,0.901595744680851,0.8874296435272045,0.6192244224422442,0.61,0.5457018498367792
qnli+sst2+record+snli+anli_r1+paws+hellaswag,0.32107843137254904,0.5929663608562691,0.5776173285198556,0.5618408437200384,0.625,0.5827845719661335,0.8856382978723404,0.8714821763602252,0.6889438943894389,0.57,0.4466811751904244
qnli+sst2+record+snli+anli_r1+paws+imdb,0.32598039215686275,0.5587155963302752,0.5884476534296029,0.5915627996164909,0.6428571428571429,0.5978363123236125,0.901595744680851,0.8921200750469043,0.6398514851485149,0.48,0.3590859630032644
qnli+sst2+record+snli+anli_r1+paws+winogrande,0.32598039215686275,0.5776758409785933,0.5740072202166066,0.5551294343240653,0.6607142857142857,0.5846660395108184,0.8909574468085106,0.8705440900562852,0.6875,0.49,0.35418933623503807
qnli+sst2+record+snli+imdb+hellaswag+winogrande,0.3235294117647059,0.4740061162079511,0.592057761732852,0.5810162991371045,0.48214285714285715,0.5870178739416745,0.9095744680851063,0.9015009380863039,0.6029290429042904,0.71,0.6430903155603918
qnli+sst2+record+snli+paws+hellaswag+winogrande,0.32107843137254904,0.5908256880733945,0.5848375451263538,0.5244487056567594,0.6071428571428571,0.570555032925682,0.901595744680851,0.8780487804878049,0.6974009900990099,0.61,0.4880304678998912
qnli+sst2+record+snli+paws+imdb+hellaswag,0.3235294117647059,0.57217125382263,0.6101083032490975,0.5838926174496645,0.5714285714285714,0.5884289746001882,0.9095744680851063,0.899624765478424,0.6346947194719472,0.61,0.5571273122959739
qnli+sst2+record+snli+paws+imdb+winogrande,0.32598039215686275,0.5681957186544343,0.5848375451263538,0.5589645254074784,0.5714285714285714,0.5884289746001882,0.9069148936170213,0.899624765478424,0.634075907590759,0.58,0.499455930359086
qnli+sst2+snli+anli_r1+imdb+hellaswag+winogrande,0.3235294117647059,0.40428134556574924,0.5884476534296029,0.5819750719079578,0.6607142857142857,0.5931326434619003,0.901595744680851,0.8855534709193246,0.5932343234323433,0.69,0.6610446137105549
qnli+sst2+snli+anli_r1+paws+hellaswag+winogrande,0.31862745098039214,0.5844036697247706,0.5956678700361011,0.548418024928092,0.7321428571428571,0.577140169332079,0.8829787234042553,0.8667917448405253,0.6726485148514851,0.69,0.5092491838955386
qnli+sst2+snli+anli_r1+paws+imdb+hellaswag,0.3235294117647059,0.5577981651376147,0.592057761732852,0.5877277085330777,0.6785714285714286,0.5926622765757291,0.898936170212766,0.8911819887429644,0.6353135313531353,0.67,0.5364526659412405
qnli+sst2+snli+anli_r1+paws+imdb+winogrande,0.32107843137254904,0.5541284403669725,0.6101083032490975,0.5675934803451582,0.6964285714285714,0.5926622765757291,0.898936170212766,0.8883677298311444,0.6353135313531353,0.63,0.4455930359085963
qnli+sst2+snli+paws+imdb+hellaswag+winogrande,0.31862745098039214,0.5516819571865443,0.5884476534296029,0.573346116970278,0.625,0.5870178739416745,0.901595744680851,0.8939962476547842,0.6280940594059405,0.7,0.5816104461371056
qqp+record+anli_r1+paws+imdb+hellaswag+winogrande,0.3161764705882353,0.5045871559633027,0.4729241877256318,0.5714285714285714,0.16071428571428573,0.6966133584195673,0.8962765957446809,0.8846153846153846,0.6216996699669967,0.57,0.500544069640914
qqp+record+snli+anli_r1+imdb+hellaswag+winogrande,0.3161764705882353,0.3819571865443425,0.703971119133574,0.6030680728667306,0.7857142857142857,0.8377234242709313,0.8563829787234043,0.8480300187617261,0.6303630363036303,0.65,0.6044613710554951
qqp+record+snli+anli_r1+paws+hellaswag+winogrande,0.3161764705882353,0.5015290519877675,0.7581227436823105,0.5560882070949185,0.8214285714285714,0.8353715898400753,0.75,0.7420262664165104,0.6511963696369637,0.62,0.32100108813928185
qqp+record+snli+anli_r1+paws+imdb+hellaswag,0.3161764705882353,0.4865443425076453,0.7581227436823105,0.6059443911792906,0.75,0.8297271872060207,0.8537234042553191,0.8358348968105066,0.6532590759075908,0.56,0.4015233949945593
qqp+record+snli+anli_r1+paws+imdb+winogrande,0.3161764705882353,0.4834862385321101,0.7581227436823105,0.5790987535953979,0.7857142857142857,0.834901222953904,0.851063829787234,0.8330206378986866,0.6472772277227723,0.49,0.24755168661588683
qqp+snli+anli_r1+paws+imdb+hellaswag+winogrande,0.3161764705882353,0.4712538226299694,0.7472924187725631,0.5819750719079578,0.8035714285714286,0.8273753527751646,0.8164893617021277,0.8058161350844277,0.6487211221122112,0.62,0.5767138193688792
qqp+sst2+anli_r1+paws+imdb+hellaswag+winogrande,0.3161764705882353,0.4892966360856269,0.4729241877256318,0.5992329817833174,0.14285714285714285,0.6448730009407337,0.9095744680851063,0.9071294559099438,0.6235561056105611,0.66,0.5696409140369967
qqp+sst2+record+anli_r1+imdb+hellaswag+winogrande,0.3161764705882353,0.41865443425076454,0.4729241877256318,0.6049856184084372,0.125,0.6904985888993415,0.9202127659574468,0.9165103189493433,0.6068481848184818,0.66,0.5875952121871599
qqp+sst2+record+anli_r1+paws+hellaswag+winogrande,0.3161764705882353,0.5143730886850153,0.4729241877256318,0.5407478427612655,0.14285714285714285,0.7121354656632173,0.901595744680851,0.8968105065666041,0.6268564356435643,0.54,0.46681175190424373
qqp+sst2+record+anli_r1+paws+imdb+hellaswag,0.3161764705882353,0.5015290519877675,0.4729241877256318,0.6222435282837967,0.125,0.6730950141110066,0.9202127659574468,0.9174484052532833,0.6309818481848185,0.56,0.4619151251360174
qqp+sst2+record+anli_r1+paws+imdb+winogrande,0.3161764705882353,0.4886850152905199,0.4729241877256318,0.5848513902205177,0.125,0.6773283160865475,0.9148936170212766,0.9136960600375235,0.6316006600660066,0.45,0.39227421109902066
qqp+sst2+record+paws+imdb+hellaswag+winogrande,0.3161764705882353,0.4966360856269113,0.4729241877256318,0.5848513902205177,0.08928571428571429,0.6048918156161807,0.9202127659574468,0.9118198874296435,0.6264438943894389,0.62,0.5239390642002176
qqp+sst2+record+snli+anli_r1+hellaswag+winogrande,0.3161764705882353,0.39969418960244646,0.7184115523465704,0.5695110258868649,0.7142857142857143,0.8316086547507056,0.8670212765957447,0.8705440900562852,0.6400577557755776,0.64,0.5680087051142546
qqp+sst2+record+snli+anli_r1+imdb+hellaswag,0.3161764705882353,0.24464831804281345,0.7003610108303249,0.6116970278044104,0.6785714285714286,0.8222013170272813,0.898936170212766,0.8921200750469043,0.6002475247524752,0.63,0.5984766050054406
qqp+sst2+record+snli+anli_r1+imdb+winogrande,0.3161764705882353,0.26085626911314985,0.7148014440433214,0.5934803451581975,0.6607142857142857,0.823612417685795,0.8962765957446809,0.8911819887429644,0.6058168316831684,0.59,0.500544069640914
qqp+sst2+record+snli+anli_r1+paws+hellaswag,0.3161764705882353,0.4972477064220184,0.7617328519855595,0.5723873441994247,0.7142857142857143,0.8316086547507056,0.8670212765957447,0.8686679174484052,0.6507838283828383,0.58,0.35038084874863984
qqp+sst2+record+snli+anli_r1+paws+imdb,0.3161764705882353,0.4636085626911315,0.740072202166065,0.5838926174496645,0.6607142857142857,0.8222013170272813,0.8936170212765957,0.8902439024390244,0.6382013201320133,0.51,0.2736670293797606
qqp+sst2+record+snli+anli_r1+paws+winogrande,0.3161764705882353,0.4859327217125382,0.7617328519855595,0.5580057526366251,0.6964285714285714,0.8306679209783632,0.8723404255319149,0.8639774859287055,0.6524339933993399,0.52,0.1953210010881393
qqp+sst2+record+snli+imdb+hellaswag+winogrande,0.3161764705882353,0.3067278287461774,0.7472924187725631,0.6164908916586769,0.5892857142857143,0.7779868297271872,0.9042553191489362,0.9024390243902439,0.6099422442244224,0.67,0.6202393906420022
qqp+sst2+record+snli+paws+hellaswag+winogrande,0.3161764705882353,0.501223241590214,0.7581227436823105,0.5589645254074784,0.6428571428571429,0.8024459078080903,0.8803191489361702,0.8714821763602252,0.650990099009901,0.65,0.3895538628944505
qqp+sst2+record+snli+paws+imdb+hellaswag,0.3161764705882353,0.4785932721712538,0.7436823104693141,0.6126558005752637,0.625,0.7699905926622765,0.9095744680851063,0.8986866791744841,0.6452145214521452,0.62,0.4401523394994559
qqp+sst2+record+snli+paws+imdb+winogrande,0.3161764705882353,0.472782874617737,0.7364620938628159,0.5743048897411314,0.5714285714285714,0.7394167450611477,0.9042553191489362,0.8949343339587242,0.6427392739273927,0.56,0.30195865070729055
qqp+sst2+snli+anli_r1+imdb+hellaswag+winogrande,0.3161764705882353,0.22446483180428134,0.7148014440433214,0.6145733461169702,0.75,0.8311382878645344,0.8962765957446809,0.8939962476547842,0.5532178217821783,0.65,0.6327529923830251
qqp+sst2+snli+anli_r1+paws+imdb+hellaswag,0.3161764705882353,0.44464831804281346,0.7436823104693141,0.6059443911792906,0.6964285714285714,0.825964252116651,0.8909574468085106,0.8883677298311444,0.6423267326732673,0.6,0.573993471164309
qqp+sst2+snli+anli_r1+paws+imdb+winogrande,0.3161764705882353,0.4437308868501529,0.7509025270758123,0.5743048897411314,0.75,0.8245531514581373,0.8936170212765957,0.8855534709193246,0.641914191419142,0.56,0.4912948857453754
qqp+sst2+snli+paws+imdb+hellaswag+winogrande,0.3161764705882353,0.4562691131498471,0.7617328519855595,0.5896452540747843,0.6428571428571429,0.6571025399811853,0.8962765957446809,0.8911819887429644,0.6448019801980198,0.66,0.5979325353645266
sst2+record+anli_r1+paws+imdb+hellaswag+winogrande,0.553921568627451,0.5831804281345566,0.6462093862815884,0.5580057526366251,0.19642857142857142,0.7046095954844779,0.9228723404255319,0.9202626641651032,0.6392326732673267,0.65,0.6588683351468988
sst2+record+snli+anli_r1+imdb+hellaswag+winogrande,0.39705882352941174,0.47706422018348627,0.6028880866425993,0.5944391179290508,0.625,0.7817497648165569,0.9069148936170213,0.8902439024390244,0.596947194719472,0.69,0.6626768226332971
sst2+record+snli+anli_r1+paws+hellaswag+winogrande,0.3872549019607843,0.5948012232415902,0.6028880866425993,0.5397890699904123,0.75,0.7845719661335842,0.8856382978723404,0.8677298311444653,0.6726485148514851,0.66,0.5315560391730142
sst2+record+snli+anli_r1+paws+imdb+hellaswag,0.39705882352941174,0.5831804281345566,0.592057761732852,0.5906040268456376,0.6785714285714286,0.7920978363123237,0.9095744680851063,0.8911819887429644,0.6307755775577558,0.63,0.5636561479869423
sst2+record+snli+anli_r1+paws+imdb+winogrande,0.4215686274509804,0.5712538226299694,0.6137184115523465,0.5695110258868649,0.6964285714285714,0.7953904045155221,0.898936170212766,0.8902439024390244,0.6264438943894389,0.57,0.4956474428726877
sst2+record+snli+paws+imdb+hellaswag+winogrande,0.46078431372549017,0.5853211009174312,0.5595667870036101,0.5685522531160115,0.5714285714285714,0.7662276575729069,0.9148936170212766,0.8986866791744841,0.6124174917491749,0.68,0.6126224156692056
sst2+snli+anli_r1+paws+imdb+hellaswag+winogrande,0.38235294117647056,0.5651376146788991,0.5776173285198556,0.5877277085330777,0.7142857142857143,0.7935089369708372,0.898936170212766,0.8893058161350844,0.6167491749174917,0.67,0.6077257889009793
mnli+qnli+qqp+anli_r1+paws+imdb+hellaswag+winogrande,0.3161764705882353,0.45932721712538227,0.8303249097472925,0.588686481303931,0.5,0.7243650047036688,0.8563829787234043,0.848968105065666,0.6549092409240924,0.22,0.4281828073993471
mnli+qnli+qqp+record+anli_r1+imdb+hellaswag+winogrande,0.3161764705882353,0.2981651376146789,0.8086642599277978,0.6088207094918504,0.5,0.6110065851364064,0.8803191489361702,0.8677298311444653,0.6254125412541254,0.56,0.4929270946681175
mnli+qnli+qqp+record+anli_r1+paws+hellaswag+winogrande,0.3161764705882353,0.4868501529051988,0.8158844765342961,0.5589645254074784,0.5178571428571429,0.6251175917215428,0.824468085106383,0.8123827392120075,0.664397689768977,0.32,0.36126224156692055
mnli+qnli+qqp+record+anli_r1+paws+imdb+hellaswag,0.3161764705882353,0.4761467889908257,0.8158844765342961,0.6011505273250239,0.5178571428571429,0.6952022577610536,0.875,0.8555347091932458,0.6573844884488449,0.34,0.3998911860718172
mnli+qnli+qqp+record+paws+imdb+hellaswag+winogrande,0.3161764705882353,0.4795107033639144,0.7184115523465704,0.573346116970278,0.4107142857142857,0.6448730009407337,0.8962765957446809,0.8696060037523452,0.6600660066006601,0.5,0.4390642002176279
mnli+qnli+qqp+record+snli+anli_r1+hellaswag+winogrande,0.3161764705882353,0.27522935779816515,0.5523465703971119,0.5532118887823586,0.8035714285714286,0.6787394167450611,0.8164893617021277,0.8030018761726079,0.6629537953795379,0.09,0.23612622415669204
mnli+qnli+qqp+record+snli+anli_r1+imdb+hellaswag,0.3161764705882353,0.11162079510703364,0.5631768953068592,0.6078619367209971,0.7857142857142857,0.7295390404515522,0.8563829787234043,0.8470919324577861,0.5858085808580858,0.17,0.23014145810663764
mnli+qnli+qqp+record+snli+anli_r1+imdb+winogrande,0.3161764705882353,0.1198776758409786,0.5631768953068592,0.5752636625119847,0.8035714285714286,0.7365945437441204,0.851063829787234,0.8424015009380863,0.591996699669967,0.09,0.1855277475516866
mnli+qnli+qqp+record+snli+anli_r1+paws+hellaswag,0.3161764705882353,0.4740061162079511,0.5740072202166066,0.5685522531160115,0.7678571428571429,0.7295390404515522,0.8351063829787234,0.8151969981238274,0.6703795379537953,0.05,0.14526659412404788
mnli+qnli+qqp+record+snli+anli_r1+paws+imdb,0.3161764705882353,0.41651376146788993,0.5848375451263538,0.5829338446788112,0.7857142857142857,0.7732831608654751,0.8617021276595744,0.8424015009380863,0.6472772277227723,0.05,0.10065288356909684
mnli+qnli+qqp+record+snli+anli_r1+paws+winogrande,0.3161764705882353,0.4730886850152905,0.5740072202166066,0.5349952061361457,0.7857142857142857,0.7427093132643462,0.8271276595744681,0.8076923076923077,0.6571782178217822,0.05,0.09031556039173014
mnli+qnli+qqp+record+snli+imdb+hellaswag+winogrande,0.3161764705882353,0.18440366972477065,0.6028880866425993,0.5752636625119847,0.8214285714285714,0.6792097836312324,0.8617021276595744,0.8452157598499062,0.6163366336633663,0.21,0.3264417845484222
mnli+qnli+qqp+record+snli+paws+hellaswag+winogrande,0.3161764705882353,0.4917431192660551,0.6353790613718412,0.5426653883029722,0.8035714285714286,0.6825023518344309,0.8271276595744681,0.7898686679174484,0.6652227722772277,0.1,0.20783460282916214
mnli+qnli+qqp+record+snli+paws+imdb+hellaswag,0.3161764705882353,0.4562691131498471,0.6245487364620939,0.5915627996164909,0.7857142857142857,0.7333019755409219,0.8537234042553191,0.850844277673546,0.6582095709570958,0.11,0.24755168661588683
mnli+qnli+qqp+record+snli+paws+imdb+winogrande,0.3161764705882353,0.4507645259938838,0.631768953068592,0.5580057526366251,0.8035714285714286,0.7502351834430856,0.8590425531914894,0.8405253283302064,0.6549092409240924,0.1,0.1822633297062024
mnli+qnli+qqp+snli+anli_r1+imdb+hellaswag+winogrande,0.3161764705882353,0.09235474006116208,0.5848375451263538,0.5838926174496645,0.8035714285714286,0.7549388523047977,0.8563829787234043,0.8414634146341463,0.5249587458745875,0.39,0.18008705114254625
mnli+qnli+qqp+snli+anli_r1+paws+hellaswag+winogrande,0.3161764705882353,0.46636085626911317,0.5848375451263538,0.5541706615532119,0.8214285714285714,0.757761053621825,0.8271276595744681,0.7954971857410882,0.6652227722772277,0.15,0.1311207834602829
mnli+qnli+qqp+snli+anli_r1+paws+imdb+hellaswag,0.3161764705882353,0.391131498470948,0.5884476534296029,0.5771812080536913,0.7678571428571429,0.7784571966133584,0.8537234042553191,0.8452157598499062,0.6485148514851485,0.13,0.12840043525571274
mnli+qnli+qqp+snli+anli_r1+paws+imdb+winogrande,0.3161764705882353,0.39785932721712536,0.5956678700361011,0.5685522531160115,0.8392857142857143,0.7859830667920978,0.8590425531914894,0.8377110694183865,0.6472772277227723,0.09,0.09249183895538629
mnli+qnli+qqp+snli+paws+imdb+hellaswag+winogrande,0.3161764705882353,0.43577981651376146,0.6534296028880866,0.5771812080536913,0.8035714285714286,0.7605832549388523,0.851063829787234,0.848968105065666,0.6483085808580858,0.22,0.22034820457018497
mnli+qnli+qqp+sst2+anli_r1+imdb+hellaswag+winogrande,0.3161764705882353,0.12721712538226299,0.8194945848375451,0.6001917545541706,0.48214285714285715,0.731420507996237,0.9042553191489362,0.8930581613508443,0.5037128712871287,0.42,0.4766050054406964
mnli+qnli+qqp+sst2+anli_r1+paws+hellaswag+winogrande,0.3161764705882353,0.4712538226299694,0.8267148014440433,0.5685522531160115,0.5,0.7398871119473189,0.8909574468085106,0.8771106941838649,0.6598597359735974,0.21,0.4091403699673558
mnli+qnli+qqp+sst2+anli_r1+paws+imdb+hellaswag,0.3161764705882353,0.39694189602446484,0.8303249097472925,0.5944391179290508,0.4642857142857143,0.7723424270931326,0.901595744680851,0.8930581613508443,0.6394389438943895,0.24,0.41512513601741025
mnli+qnli+qqp+sst2+anli_r1+paws+imdb+winogrande,0.3161764705882353,0.41253822629969417,0.8375451263537906,0.5781399808245445,0.4642857142857143,0.7779868297271872,0.898936170212766,0.8921200750469043,0.6402640264026402,0.22,0.3721436343852013
mnli+qnli+qqp+sst2+paws+imdb+hellaswag+winogrande,0.3161764705882353,0.43761467889908257,0.7148014440433214,0.5877277085330777,0.375,0.70931326434619,0.9042553191489362,0.899624765478424,0.6454207920792079,0.38,0.4575625680087051
mnli+qnli+qqp+sst2+record+anli_r1+hellaswag+winogrande,0.3161764705882353,0.3055045871559633,0.8194945848375451,0.588686481303931,0.5178571428571429,0.6373471307619943,0.898936170212766,0.8789868667917449,0.6415016501650165,0.56,0.4842219804134929
mnli+qnli+qqp+sst2+record+anli_r1+imdb+hellaswag,0.3161764705882353,0.16666666666666666,0.8122743682310469,0.613614573346117,0.42857142857142855,0.7097836312323612,0.9042553191489362,0.9015009380863039,0.5808580858085809,0.52,0.484766050054407
mnli+qnli+qqp+sst2+record+anli_r1+imdb+winogrande,0.3161764705882353,0.1654434250764526,0.8122743682310469,0.5906040268456376,0.4642857142857143,0.7154280338664158,0.9069148936170213,0.8939962476547842,0.5812706270627063,0.48,0.44178454842219805
mnli+qnli+qqp+sst2+record+anli_r1+paws+hellaswag,0.3161764705882353,0.4926605504587156,0.8231046931407943,0.5819750719079578,0.4642857142857143,0.7140169332079022,0.8962765957446809,0.8780487804878049,0.6577970297029703,0.32,0.3563656147986942
mnli+qnli+qqp+sst2+record+anli_r1+paws+imdb,0.3161764705882353,0.43241590214067277,0.8267148014440433,0.5906040268456376,0.44642857142857145,0.7676387582314205,0.9069148936170213,0.8939962476547842,0.6435643564356436,0.31,0.3133841131664853
mnli+qnli+qqp+sst2+record+anli_r1+paws+winogrande,0.3161764705882353,0.4785932721712538,0.8231046931407943,0.5647171620325983,0.5,0.7243650047036688,0.8909574468085106,0.8771106941838649,0.6553217821782178,0.29,0.2725788900979325
mnli+qnli+qqp+sst2+record+imdb+hellaswag+winogrande,0.3161764705882353,0.22844036697247708,0.7256317689530686,0.5896452540747843,0.42857142857142855,0.6599247412982127,0.9122340425531915,0.9080675422138836,0.5965346534653465,0.65,0.5277475516866159
mnli+qnli+qqp+sst2+record+paws+hellaswag+winogrande,0.3161764705882353,0.4935779816513762,0.7220216606498195,0.5560882070949185,0.42857142857142855,0.6735653809971778,0.9042553191489362,0.8827392120075047,0.658003300330033,0.48,0.3955386289445049
mnli+qnli+qqp+sst2+record+paws+imdb+hellaswag,0.3161764705882353,0.4657492354740061,0.6895306859205776,0.5867689357622243,0.375,0.7206020696142992,0.9095744680851063,0.9061913696060038,0.6516089108910891,0.5,0.4309031556039173
mnli+qnli+qqp+sst2+record+paws+imdb+winogrande,0.3161764705882353,0.4602446483180428,0.703971119133574,0.573346116970278,0.39285714285714285,0.7262464722483537,0.9122340425531915,0.900562851782364,0.6443894389438944,0.43,0.3585418933623504
mnli+qnli+qqp+sst2+record+snli+anli_r1+hellaswag,0.3161764705882353,0.13302752293577982,0.555956678700361,0.5704697986577181,0.7857142857142857,0.7460018814675446,0.8563829787234043,0.848968105065666,0.6190181518151815,0.19,0.1985854189336235
mnli+qnli+qqp+sst2+record+snli+anli_r1+imdb,0.3161764705882353,0.027217125382262997,0.5667870036101083,0.5896452540747843,0.8035714285714286,0.7761053621825024,0.8696808510638298,0.8611632270168855,0.45647689768976896,0.12,0.14091403699673558
mnli+qnli+qqp+sst2+record+snli+anli_r1+paws,0.3161764705882353,0.42660550458715596,0.5740072202166066,0.5503355704697986,0.8035714285714286,0.7859830667920978,0.848404255319149,0.8424015009380863,0.6526402640264026,0.05,0.08052230685527748
mnli+qnli+qqp+sst2+record+snli+anli_r1+winogrande,0.3161764705882353,0.11865443425076452,0.5631768953068592,0.5560882070949185,0.8035714285714286,0.7591721542803387,0.848404255319149,0.8424015009380863,0.6179867986798679,0.13,0.1512513601741023
mnli+qnli+qqp+sst2+record+snli+hellaswag+winogrande,0.3161764705882353,0.18868501529051987,0.6028880866425993,0.573346116970278,0.8035714285714286,0.7140169332079022,0.8457446808510638,0.8414634146341463,0.6322194719471947,0.3,0.3117519042437432
mnli+qnli+qqp+sst2+record+snli+imdb+hellaswag,0.3161764705882353,0.053516819571865444,0.5956678700361011,0.5934803451581975,0.8035714285714286,0.7558795860771401,0.8590425531914894,0.8667917448405253,0.4832920792079208,0.3,0.3073993471164309
mnli+qnli+qqp+sst2+record+snli+imdb+winogrande,0.3161764705882353,0.06697247706422019,0.5992779783393501,0.5675934803451582,0.8214285714285714,0.7539981185324554,0.8643617021276596,0.8630393996247655,0.5096947194719472,0.17,0.27094668117519044
mnli+qnli+qqp+sst2+record+snli+paws+hellaswag,0.3161764705882353,0.4685015290519878,0.6137184115523465,0.5647171620325983,0.7857142857142857,0.7629350893697083,0.8377659574468085,0.8461538461538461,0.659447194719472,0.11,0.20348204570184983
mnli+qnli+qqp+sst2+record+snli+paws+imdb,0.3161764705882353,0.3712538226299694,0.6137184115523465,0.573346116970278,0.8214285714285714,0.7916274694261524,0.8670212765957447,0.8677298311444653,0.6437706270627063,0.08,0.1779107725788901
mnli+qnli+qqp+sst2+record+snli+paws+winogrande,0.3161764705882353,0.4685015290519878,0.6137184115523465,0.5465004793863855,0.8035714285714286,0.7690498588899342,0.8457446808510638,0.8452157598499062,0.6528465346534653,0.08,0.14907508161044614
mnli+qnli+qqp+sst2+snli+anli_r1+hellaswag+winogrande,0.3161764705882353,0.0963302752293578,0.5776173285198556,0.5695110258868649,0.8035714285714286,0.7666980244590781,0.8457446808510638,0.8405253283302064,0.556930693069307,0.39,0.16050054406964093
mnli+qnli+qqp+sst2+snli+anli_r1+imdb+hellaswag,0.3161764705882353,0.017737003058103974,0.5740072202166066,0.5925215723873442,0.8035714285714286,0.7775164628410159,0.8617021276595744,0.8649155722326454,0.3650990099009901,0.39,0.1425462459194777
mnli+qnli+qqp+sst2+snli+anli_r1+imdb+winogrande,0.3161764705882353,0.020489296636085626,0.5812274368231047,0.5819750719079578,0.8214285714285714,0.7939793038570084,0.8643617021276596,0.8555347091932458,0.3690181518151815,0.3,0.10282916213275299
mnli+qnli+qqp+sst2+snli+anli_r1+paws+hellaswag,0.3161764705882353,0.40856269113149846,0.5812274368231047,0.5570469798657718,0.7857142857142857,0.79068673565381,0.8430851063829787,0.8424015009380863,0.6534653465346535,0.15,0.11153427638737759
mnli+qnli+qqp+sst2+snli+anli_r1+paws+imdb,0.3161764705882353,0.26116207951070336,0.5884476534296029,0.5695110258868649,0.8035714285714286,0.8109125117591721,0.8643617021276596,0.8621013133208255,0.6276815181518152,0.13,0.05603917301414581
mnli+qnli+qqp+sst2+snli+anli_r1+paws+winogrande,0.3161764705882353,0.40642201834862385,0.5956678700361011,0.5503355704697986,0.8214285714285714,0.8005644402634055,0.8537234042553191,0.8414634146341463,0.6491336633663366,0.1,0.07127312295973885
mnli+qnli+qqp+sst2+snli+imdb+hellaswag+winogrande,0.3161764705882353,0.04067278287461774,0.6101083032490975,0.5944391179290508,0.8214285714285714,0.768579492003763,0.8590425531914894,0.8592870544090057,0.3842821782178218,0.5,0.2622415669205658
mnli+qnli+qqp+sst2+snli+paws+hellaswag+winogrande,0.3161764705882353,0.44067278287461775,0.6425992779783394,0.548418024928092,0.8035714285714286,0.7845719661335842,0.851063829787234,0.8405253283302064,0.6575907590759076,0.28,0.2029379760609358
mnli+qnli+qqp+sst2+snli+paws+imdb+hellaswag,0.3161764705882353,0.3305810397553517,0.6353790613718412,0.5800575263662512,0.8035714285714286,0.8024459078080903,0.8670212765957447,0.8621013133208255,0.636963696369637,0.25,0.2132752992383025
mnli+qnli+qqp+sst2+snli+paws+imdb+winogrande,0.3161764705882353,0.3434250764525994,0.6389891696750902,0.5541706615532119,0.8214285714285714,0.8052681091251176,0.8696808510638298,0.8611632270168855,0.6365511551155115,0.18,0.16430903155603918
mnli+qnli+record+anli_r1+paws+imdb+hellaswag+winogrande,0.3284313725490196,0.5788990825688073,0.6353790613718412,0.5656759348034516,0.75,0.5964252116650988,0.8936170212765957,0.8658536585365854,0.6703795379537953,0.62,0.5647442872687704
mnli+qnli+record+snli+anli_r1+imdb+hellaswag+winogrande,0.3235294117647059,0.3440366972477064,0.5270758122743683,0.6011505273250239,0.8392857142857143,0.6505174035747884,0.848404255319149,0.8405253283302064,0.6415016501650165,0.61,0.5778019586507073
mnli+qnli+record+snli+anli_r1+paws+hellaswag+winogrande,0.3161764705882353,0.5804281345565749,0.5270758122743683,0.5570469798657718,0.8035714285714286,0.6340545625587959,0.8430851063829787,0.7692307692307693,0.7198844884488449,0.59,0.3639825897714907
mnli+qnli+record+snli+anli_r1+paws+imdb+hellaswag,0.32598039215686275,0.555045871559633,0.5270758122743683,0.5953978906999041,0.8214285714285714,0.6618062088428974,0.8696808510638298,0.8452157598499062,0.6703795379537953,0.51,0.4357997823721436
mnli+qnli+record+snli+anli_r1+paws+imdb+winogrande,0.3284313725490196,0.5470948012232416,0.5270758122743683,0.5656759348034516,0.8392857142857143,0.6660395108184384,0.8643617021276596,0.8433395872420263,0.6672854785478548,0.48,0.3188248095756257
mnli+qnli+record+snli+paws+imdb+hellaswag+winogrande,0.3235294117647059,0.5584097859327217,0.5270758122743683,0.5599232981783318,0.8392857142857143,0.6298212605832549,0.8670212765957447,0.849906191369606,0.6621287128712872,0.64,0.4972796517954298
mnli+qnli+snli+anli_r1+paws+imdb+hellaswag+winogrande,0.32107843137254904,0.5376146788990825,0.5270758122743683,0.585810162991371,0.8392857142857143,0.6603951081843838,0.8723404255319149,0.8470919324577861,0.6697607260726073,0.44,0.4885745375408052
mnli+qnli+sst2+anli_r1+paws+imdb+hellaswag+winogrande,0.3382352941176471,0.5492354740061162,0.6245487364620939,0.5790987535953979,0.7857142857142857,0.5964252116650988,0.9042553191489362,0.8921200750469043,0.6431518151815182,0.68,0.6273122959738846
mnli+qnli+sst2+record+anli_r1+imdb+hellaswag+winogrande,0.35784313725490197,0.41039755351681956,0.6498194945848376,0.5877277085330777,0.75,0.5997177798682972,0.9095744680851063,0.8958724202626641,0.6120049504950495,0.69,0.6349292709466812
mnli+qnli+sst2+record+anli_r1+paws+hellaswag+winogrande,0.34558823529411764,0.5874617737003058,0.6425992779783394,0.5560882070949185,0.75,0.5884289746001882,0.8936170212765957,0.8780487804878049,0.6885313531353136,0.62,0.5402611534276387
mnli+qnli+sst2+record+anli_r1+paws+imdb+hellaswag,0.35049019607843135,0.5617737003058104,0.631768953068592,0.588686481303931,0.7142857142857143,0.6077140169332079,0.9095744680851063,0.8977485928705441,0.6398514851485149,0.61,0.5805223068552775
mnli+qnli+sst2+record+anli_r1+paws+imdb+winogrande,0.375,0.5577981651376147,0.631768953068592,0.5771812080536913,0.7678571428571429,0.6006585136406397,0.9095744680851063,0.8977485928705441,0.6423267326732673,0.55,0.5261153427638737
mnli+qnli+sst2+record+paws+imdb+hellaswag+winogrande,0.38235294117647056,0.563302752293578,0.5776173285198556,0.5618408437200384,0.6428571428571429,0.5917215428033866,0.9202127659574468,0.9080675422138836,0.6363448844884488,0.64,0.5674646354733406
mnli+qnli+sst2+record+snli+anli_r1+hellaswag+winogrande,0.33088235294117646,0.3440366972477064,0.5270758122743683,0.5723873441994247,0.8214285714285714,0.6505174035747884,0.851063829787234,0.8424015009380863,0.6505775577557755,0.57,0.5261153427638737
mnli+qnli+sst2+record+snli+anli_r1+imdb+hellaswag,0.32598039215686275,0.16605504587155964,0.5270758122743683,0.6040268456375839,0.8035714285714286,0.6777986829727187,0.8696808510638298,0.8649155722326454,0.6002475247524752,0.53,0.5130576713819369
mnli+qnli+sst2+record+snli+anli_r1+imdb+winogrande,0.33088235294117646,0.17186544342507645,0.5270758122743683,0.5743048897411314,0.8214285714285714,0.6801505174035748,0.8643617021276596,0.8574108818011257,0.6126237623762376,0.51,0.4630032644178455
mnli+qnli+sst2+record+snli+anli_r1+paws+hellaswag,0.32598039215686275,0.5669724770642202,0.5270758122743683,0.5714285714285714,0.8035714285714286,0.6660395108184384,0.8537234042553191,0.8452157598499062,0.6742986798679867,0.49,0.367247007616975
mnli+qnli+sst2+record+snli+anli_r1+paws+imdb,0.31862745098039214,0.4941896024464832,0.5270758122743683,0.5771812080536913,0.8035714285714286,0.6942615239887112,0.8723404255319149,0.8677298311444653,0.6712046204620462,0.38,0.3014145810663765
mnli+qnli+sst2+record+snli+anli_r1+paws+winogrande,0.32598039215686275,0.5593272171253822,0.5270758122743683,0.5541706615532119,0.8214285714285714,0.6721542803386642,0.8563829787234043,0.8424015009380863,0.6724422442244224,0.44,0.26659412404787813
mnli+qnli+sst2+record+snli+imdb+hellaswag+winogrande,0.3284313725490196,0.24220183486238533,0.5270758122743683,0.5925215723873442,0.8392857142857143,0.6392285983066792,0.8617021276595744,0.8649155722326454,0.6157178217821783,0.63,0.6164309031556039
mnli+qnli+sst2+record+snli+paws+hellaswag+winogrande,0.3284313725490196,0.5706422018348624,0.5270758122743683,0.5532118887823586,0.8392857142857143,0.6260583254938852,0.848404255319149,0.8405253283302064,0.6885313531353136,0.62,0.45973884657236125
mnli+qnli+sst2+record+snli+paws+imdb+hellaswag,0.3284313725490196,0.5437308868501529,0.5270758122743683,0.588686481303931,0.8035714285714286,0.6467544684854186,0.8617021276595744,0.8686679174484052,0.6637788778877888,0.62,0.5087051142546246
mnli+qnli+sst2+record+snli+paws+imdb+winogrande,0.3284313725490196,0.5266055045871559,0.5270758122743683,0.5656759348034516,0.8214285714285714,0.6509877704609596,0.8643617021276596,0.8639774859287055,0.6670792079207921,0.56,0.4319912948857454
mnli+qnli+sst2+snli+anli_r1+imdb+hellaswag+winogrande,0.32598039215686275,0.12415902140672783,0.5270758122743683,0.5925215723873442,0.8214285714285714,0.6726246472248354,0.8643617021276596,0.8592870544090057,0.5327970297029703,0.45,0.4929270946681175
mnli+qnli+sst2+snli+anli_r1+paws+hellaswag+winogrande,0.3235294117647059,0.5483180428134556,0.5270758122743683,0.5618408437200384,0.8035714285714286,0.6820319849482597,0.848404255319149,0.8414634146341463,0.6722359735973598,0.35,0.43797606093579977
mnli+qnli+sst2+snli+anli_r1+paws+imdb+hellaswag,0.3235294117647059,0.472782874617737,0.5270758122743683,0.5838926174496645,0.8035714285714286,0.7055503292568204,0.8590425531914894,0.8639774859287055,0.668523102310231,0.28,0.4058759521218716
mnli+qnli+sst2+snli+anli_r1+paws+imdb+winogrande,0.32107843137254904,0.4688073394495413,0.5270758122743683,0.5723873441994247,0.8214285714285714,0.7191909689557855,0.8670212765957447,0.8649155722326454,0.668523102310231,0.2,0.34276387377584333
mnli+qnli+sst2+snli+paws+imdb+hellaswag+winogrande,0.3284313725490196,0.5070336391437309,0.5270758122743683,0.5723873441994247,0.8214285714285714,0.6552210724365005,0.8696808510638298,0.8621013133208255,0.6693481848184818,0.61,0.5870511425462459
mnli+qqp+record+anli_r1+paws+imdb+hellaswag+winogrande,0.3161764705882353,0.482262996941896,0.8122743682310469,0.5973154362416108,0.7142857142857143,0.8551269990592663,0.8723404255319149,0.8621013133208255,0.6518151815181518,0.64,0.5413492927094669
mnli+qqp+record+snli+anli_r1+imdb+hellaswag+winogrande,0.3161764705882353,0.15871559633027524,0.5667870036101083,0.610738255033557,0.8571428571428571,0.8278457196613358,0.8430851063829787,0.8424015009380863,0.5942656765676567,0.32,0.4880304678998912
mnli+qqp+record+snli+anli_r1+paws+hellaswag+winogrande,0.3161764705882353,0.4834862385321101,0.5776173285198556,0.5695110258868649,0.8392857142857143,0.8297271872060207,0.8085106382978723,0.7870544090056285,0.6639851485148515,0.2,0.35473340587595215
mnli+qqp+record+snli+anli_r1+paws+imdb+hellaswag,0.3161764705882353,0.45198776758409787,0.5740072202166066,0.6145733461169702,0.8214285714285714,0.8287864534336783,0.8457446808510638,0.8442776735459663,0.6483085808580858,0.17,0.3601741022850925
mnli+qqp+record+snli+anli_r1+paws+imdb+winogrande,0.3161764705882353,0.44311926605504587,0.592057761732852,0.5752636625119847,0.875,0.823612417685795,0.851063829787234,0.8377110694183865,0.6448019801980198,0.15,0.2910772578890098
mnli+qqp+record+snli+paws+imdb+hellaswag+winogrande,0.3161764705882353,0.46452599388379207,0.6425992779783394,0.5934803451581975,0.8392857142857143,0.8367826904985889,0.8457446808510638,0.8358348968105066,0.6534653465346535,0.48,0.46844396082698586
mnli+qqp+snli+anli_r1+paws+imdb+hellaswag+winogrande,0.3161764705882353,0.41926605504587156,0.5884476534296029,0.5877277085330777,0.875,0.8212605832549389,0.8430851063829787,0.8367729831144465,0.6448019801980198,0.14,0.37268770402611534
mnli+qqp+sst2+anli_r1+paws+imdb+hellaswag+winogrande,0.3161764705882353,0.43944954128440367,0.8122743682310469,0.5819750719079578,0.7321428571428571,0.823612417685795,0.8962765957446809,0.8911819887429644,0.6396452145214522,0.62,0.6180631120783461
mnli+qqp+sst2+record+anli_r1+imdb+hellaswag+winogrande,0.31862745098039214,0.21162079510703363,0.7725631768953068,0.6184084372003835,0.625,0.8438381937911571,0.9069148936170213,0.8977485928705441,0.5707508250825083,0.65,0.6398258977149075
mnli+qqp+sst2+record+anli_r1+paws+hellaswag+winogrande,0.3161764705882353,0.4938837920489297,0.8086642599277978,0.5618408437200384,0.6964285714285714,0.8508936970837253,0.8909574468085106,0.8724202626641651,0.6584158415841584,0.63,0.49510337323177367
mnli+qqp+sst2+record+anli_r1+paws+imdb+hellaswag,0.31862745098039214,0.45688073394495415,0.8086642599277978,0.5992329817833174,0.6071428571428571,0.8353715898400753,0.901595744680851,0.8977485928705441,0.6441831683168316,0.59,0.543525571273123
mnli+qqp+sst2+record+anli_r1+paws+imdb+winogrande,0.3161764705882353,0.4541284403669725,0.8158844765342961,0.5867689357622243,0.6071428571428571,0.8372530573847601,0.9042553191489362,0.8939962476547842,0.6382013201320133,0.56,0.4428726877040261
mnli+qqp+sst2+record+paws+imdb+hellaswag+winogrande,0.3161764705882353,0.4740061162079511,0.7111913357400722,0.6001917545541706,0.44642857142857145,0.7215428033866416,0.9095744680851063,0.9043151969981238,0.643976897689769,0.63,0.5631120783460283
mnli+qqp+sst2+record+snli+anli_r1+hellaswag+winogrande,0.3161764705882353,0.18287461773700306,0.5703971119133574,0.576222435282838,0.8392857142857143,0.8344308560677328,0.8297872340425532,0.8339587242026266,0.6179867986798679,0.25,0.45266594124047876
mnli+qqp+sst2+record+snli+anli_r1+imdb+hellaswag,0.3161764705882353,0.05198776758409786,0.5740072202166066,0.6088207094918504,0.8392857142857143,0.8264346190028222,0.8617021276595744,0.8602251407129456,0.451526402640264,0.27,0.4281828073993471
mnli+qqp+sst2+record+snli+anli_r1+imdb+winogrande,0.3161764705882353,0.05474006116207951,0.5848375451263538,0.5953978906999041,0.8571428571428571,0.8254938852304797,0.8617021276595744,0.8592870544090057,0.47483498349834985,0.14,0.3786724700761698
mnli+qqp+sst2+record+snli+anli_r1+paws+hellaswag,0.3161764705882353,0.45749235474006117,0.5812274368231047,0.5800575263662512,0.8214285714285714,0.8292568203198495,0.8377659574468085,0.8367729831144465,0.6472772277227723,0.12,0.31229597388465724
mnli+qqp+sst2+record+snli+anli_r1+paws+imdb,0.3161764705882353,0.3605504587155963,0.5812274368231047,0.5953978906999041,0.8392857142857143,0.8306679209783632,0.8617021276595744,0.8583489681050657,0.6301567656765676,0.09,0.2410228509249184
mnli+qqp+sst2+record+snli+anli_r1+paws+winogrande,0.3161764705882353,0.45902140672782876,0.5848375451263538,0.5637583892617449,0.8571428571428571,0.8306679209783632,0.8404255319148937,0.8339587242026266,0.6534653465346535,0.09,0.24646354733405876
mnli+qqp+sst2+record+snli+imdb+hellaswag+winogrande,0.3161764705882353,0.08134556574923547,0.628158844765343,0.5944391179290508,0.8214285714285714,0.8325493885230479,0.8537234042553191,0.8592870544090057,0.4966996699669967,0.5,0.5457018498367792
mnli+qqp+sst2+record+snli+paws+hellaswag+winogrande,0.3161764705882353,0.47706422018348627,0.6353790613718412,0.5675934803451582,0.8035714285714286,0.8367826904985889,0.8404255319148937,0.8311444652908068,0.6522277227722773,0.43,0.41893362350380847
mnli+qqp+sst2+record+snli+paws+imdb+hellaswag,0.3161764705882353,0.41804281345565747,0.6425992779783394,0.5944391179290508,0.7857142857142857,0.8283160865475071,0.8670212765957447,0.8611632270168855,0.6433580858085809,0.37,0.43743199129488575
mnli+qqp+sst2+record+snli+paws+imdb+winogrande,0.3161764705882353,0.41681957186544344,0.6462093862815884,0.5685522531160115,0.7321428571428571,0.8231420507996237,0.8590425531914894,0.8574108818011257,0.634075907590759,0.36,0.3748639825897715
mnli+qqp+sst2+snli+anli_r1+imdb+hellaswag+winogrande,0.3161764705882353,0.0308868501529052,0.5848375451263538,0.5953978906999041,0.875,0.8273753527751646,0.8617021276595744,0.8611632270168855,0.3624174917491749,0.43,0.3852013057671382
mnli+qqp+sst2+snli+anli_r1+paws+hellaswag+winogrande,0.3161764705882353,0.42507645259938837,0.5812274368231047,0.5637583892617449,0.875,0.8264346190028222,0.8297872340425532,0.8330206378986866,0.6470709570957096,0.2,0.3297062023939064
mnli+qqp+sst2+snli+anli_r1+paws+imdb+hellaswag,0.3161764705882353,0.3195718654434251,0.5848375451263538,0.5992329817833174,0.875,0.8273753527751646,0.8643617021276596,0.8583489681050657,0.6235561056105611,0.2,0.3003264417845484
mnli+qqp+sst2+snli+anli_r1+paws+imdb+winogrande,0.3161764705882353,0.3247706422018349,0.5884476534296029,0.5838926174496645,0.8928571428571429,0.8273753527751646,0.8643617021276596,0.8602251407129456,0.6258250825082509,0.12,0.24591947769314473
mnli+qqp+sst2+snli+paws+imdb+hellaswag+winogrande,0.3161764705882353,0.3764525993883792,0.6534296028880866,0.5877277085330777,0.8214285714285714,0.823612417685795,0.8617021276595744,0.8564727954971857,0.635519801980198,0.3,0.4542981501632209
mnli+record+snli+anli_r1+paws+imdb+hellaswag+winogrande,0.35294117647058826,0.5605504587155963,0.5270758122743683,0.5934803451581975,0.8928571428571429,0.8156161806208843,0.8617021276595744,0.8433395872420263,0.6598597359735974,0.62,0.4738846572361262
mnli+sst2+record+anli_r1+paws+imdb+hellaswag+winogrande,0.5588235294117647,0.5685015290519878,0.6101083032490975,0.5829338446788112,0.7142857142857143,0.8278457196613358,0.9095744680851063,0.8930581613508443,0.629950495049505,0.65,0.6501632208922742
mnli+sst2+record+snli+anli_r1+imdb+hellaswag+winogrande,0.3553921568627451,0.22232415902140673,0.5270758122743683,0.6155321188878236,0.8571428571428571,0.8123236124176858,0.8617021276595744,0.8564727954971857,0.5880775577557755,0.64,0.6060935799782372
mnli+sst2+record+snli+anli_r1+paws+hellaswag+winogrande,0.35049019607843135,0.5740061162079511,0.5270758122743683,0.5666347075743049,0.8928571428571429,0.812793979303857,0.8377659574468085,0.8292682926829268,0.6662541254125413,0.6,0.4058759521218716
mnli+sst2+record+snli+anli_r1+paws+imdb+hellaswag,0.37254901960784315,0.5321100917431193,0.5270758122743683,0.6059443911792906,0.875,0.80620884289746,0.8643617021276596,0.8564727954971857,0.665016501650165,0.54,0.4548422198041349
mnli+sst2+record+snli+anli_r1+paws+imdb+winogrande,0.3627450980392157,0.5327217125382263,0.5270758122743683,0.5800575263662512,0.8928571428571429,0.8099717779868297,0.8670212765957447,0.8527204502814258,0.6670792079207921,0.48,0.3781284004352557
mnli+sst2+record+snli+paws+imdb+hellaswag+winogrande,0.4387254901960784,0.554434250764526,0.5270758122743683,0.5906040268456376,0.8571428571428571,0.812793979303857,0.8590425531914894,0.8592870544090057,0.6582095709570958,0.66,0.530467899891186
mnli+sst2+snli+anli_r1+paws+imdb+hellaswag+winogrande,0.3602941176470588,0.5,0.5270758122743683,0.6030680728667306,0.8928571428571429,0.8118532455315146,0.8563829787234043,0.8602251407129456,0.6619224422442245,0.44,0.5217627856365615
qnli+qqp+record+anli_r1+paws+imdb+hellaswag+winogrande,0.3161764705882353,0.4896024464831804,0.48014440433212996,0.5685522531160115,0.39285714285714285,0.5954844778927564,0.8909574468085106,0.874296435272045,0.6433580858085809,0.63,0.48258977149075083
qnli+qqp+record+snli+anli_r1+imdb+hellaswag+winogrande,0.3161764705882353,0.2926605504587156,0.776173285198556,0.576222435282838,0.44642857142857145,0.6039510818438382,0.851063829787234,0.8452157598499062,0.6254125412541254,0.49,0.4695321001088139
qnli+qqp+record+snli+anli_r1+paws+hellaswag+winogrande,0.3161764705882353,0.4926605504587156,0.7870036101083032,0.551294343240652,0.5,0.5954844778927564,0.7872340425531915,0.7110694183864915,0.6656353135313532,0.25,0.31719260065288357
qnli+qqp+record+snli+anli_r1+paws+imdb+hellaswag,0.3161764705882353,0.47339449541284406,0.7833935018050542,0.5810162991371045,0.4642857142857143,0.6063029162746942,0.8457446808510638,0.8330206378986866,0.6563531353135313,0.28,0.3661588683351469
qnli+qqp+record+snli+anli_r1+paws+imdb+winogrande,0.3161764705882353,0.46972477064220186,0.7906137184115524,0.5723873441994247,0.4642857142857143,0.6077140169332079,0.8191489361702128,0.8311444652908068,0.6470709570957096,0.23,0.2731229597388466
qnli+qqp+record+snli+paws+imdb+hellaswag+winogrande,0.3161764705882353,0.4785932721712538,0.7833935018050542,0.5637583892617449,0.42857142857142855,0.5945437441204139,0.8803191489361702,0.8658536585365854,0.6588283828382838,0.38,0.4173014145810664
qnli+qqp+snli+anli_r1+paws+imdb+hellaswag+winogrande,0.3161764705882353,0.46055045871559636,0.7906137184115524,0.576222435282838,0.5,0.6044214487300094,0.8191489361702128,0.8180112570356473,0.6528465346534653,0.18,0.3862894450489663
qnli+qqp+sst2+anli_r1+paws+imdb+hellaswag+winogrande,0.3161764705882353,0.4666666666666667,0.47653429602888087,0.576222435282838,0.32142857142857145,0.5997177798682972,0.9095744680851063,0.9024390243902439,0.6396452145214522,0.66,0.5669205658324266
qnli+qqp+sst2+record+anli_r1+imdb+hellaswag+winogrande,0.3161764705882353,0.3400611620795107,0.47653429602888087,0.5906040268456376,0.3392857142857143,0.5978363123236125,0.9148936170212766,0.9024390243902439,0.6157178217821783,0.66,0.5941240478781284
qnli+qqp+sst2+record+anli_r1+paws+hellaswag+winogrande,0.3161764705882353,0.5,0.47653429602888087,0.5474592521572388,0.35714285714285715,0.5926622765757291,0.898936170212766,0.8902439024390244,0.6423267326732673,0.63,0.4368879216539717
qnli+qqp+sst2+record+anli_r1+paws+imdb+hellaswag,0.3161764705882353,0.47889908256880737,0.47653429602888087,0.5915627996164909,0.32142857142857145,0.5964252116650988,0.9148936170212766,0.9090056285178236,0.6445957095709571,0.6,0.4782372143634385
qnli+qqp+sst2+record+anli_r1+paws+imdb+winogrande,0.3161764705882353,0.4740061162079511,0.47653429602888087,0.5675934803451582,0.32142857142857145,0.59689557855127,0.9148936170212766,0.9024390243902439,0.6452145214521452,0.56,0.36561479869423286
qnli+qqp+sst2+record+paws+imdb+hellaswag+winogrande,0.3161764705882353,0.4813455657492355,0.47653429602888087,0.5781399808245445,0.25,0.5936030103480715,0.9148936170212766,0.9043151969981238,0.6437706270627063,0.62,0.5119695321001088
qnli+qqp+sst2+record+snli+anli_r1+hellaswag+winogrande,0.3161764705882353,0.2944954128440367,0.7653429602888087,0.5666347075743049,0.44642857142857145,0.6011288805268109,0.8723404255319149,0.875234521575985,0.6392326732673267,0.4,0.44504896626768226
qnli+qqp+sst2+record+snli+anli_r1+imdb+hellaswag,0.3161764705882353,0.15351681957186544,0.7581227436823105,0.6184084372003835,0.44642857142857145,0.610065851364064,0.9042553191489362,0.8911819887429644,0.5664191419141914,0.43,0.4624591947769314
qnli+qqp+sst2+record+snli+anli_r1+imdb+winogrande,0.3161764705882353,0.1565749235474006,0.7545126353790613,0.5790987535953979,0.44642857142857145,0.621354656632173,0.9069148936170213,0.8902439024390244,0.567450495049505,0.38,0.4091403699673558
qnli+qqp+sst2+record+snli+anli_r1+paws+hellaswag,0.3161764705882353,0.4902140672782875,0.7906137184115524,0.5666347075743049,0.48214285714285715,0.6072436500470367,0.8617021276595744,0.8677298311444653,0.6536716171617162,0.25,0.32426550598476606
qnli+qqp+sst2+record+snli+anli_r1+paws+imdb,0.3161764705882353,0.4290519877675841,0.7833935018050542,0.5800575263662512,0.4642857142857143,0.676387582314205,0.901595744680851,0.8902439024390244,0.6406765676567657,0.23,0.279107725788901
qnli+qqp+sst2+record+snli+anli_r1+paws+winogrande,0.3161764705882353,0.4837920489296636,0.7942238267148014,0.5417066155321189,0.48214285714285715,0.6110065851364064,0.8696808510638298,0.8649155722326454,0.6516089108910891,0.21,0.23612622415669204
qnli+qqp+sst2+record+snli+imdb+hellaswag+winogrande,0.3161764705882353,0.20550458715596331,0.7617328519855595,0.5963566634707574,0.4107142857142857,0.5978363123236125,0.9069148936170213,0.8977485928705441,0.581476897689769,0.55,0.49020674646354734
qnli+qqp+sst2+record+snli+paws+hellaswag+winogrande,0.3161764705882353,0.4856269113149847,0.779783393501805,0.5551294343240653,0.4107142857142857,0.5926622765757291,0.8909574468085106,0.8761726078799249,0.6569719471947195,0.35,0.36887921653971706
qnli+qqp+sst2+record+snli+paws+imdb+hellaswag,0.3161764705882353,0.4565749235474006,0.7653429602888087,0.5810162991371045,0.4107142857142857,0.6335841956726247,0.901595744680851,0.8930581613508443,0.6462458745874587,0.34,0.3928182807399347
qnli+qqp+sst2+record+snli+paws+imdb+winogrande,0.3161764705882353,0.46299694189602447,0.740072202166065,0.5656759348034516,0.42857142857142855,0.647695202257761,0.9095744680851063,0.8911819887429644,0.6433580858085809,0.31,0.33133841131664854
qnli+qqp+sst2+snli+anli_r1+imdb+hellaswag+winogrande,0.3161764705882353,0.12048929663608562,0.7617328519855595,0.5896452540747843,0.4642857142857143,0.6298212605832549,0.8962765957446809,0.8893058161350844,0.5002062706270627,0.27,0.4368879216539717
qnli+qqp+sst2+snli+anli_r1+paws+hellaswag+winogrande,0.3161764705882353,0.46299694189602447,0.7942238267148014,0.5599232981783318,0.5178571428571429,0.6222953904045155,0.8590425531914894,0.8583489681050657,0.6536716171617162,0.16,0.3645266594124048
qnli+qqp+sst2+snli+anli_r1+paws+imdb+hellaswag,0.3161764705882353,0.39755351681957185,0.7942238267148014,0.5934803451581975,0.4642857142857143,0.6777986829727187,0.8936170212765957,0.8883677298311444,0.6394389438943895,0.17,0.3737758433079434
qnli+qqp+sst2+snli+anli_r1+paws+imdb+winogrande,0.3161764705882353,0.4018348623853211,0.7906137184115524,0.5637583892617449,0.4642857142857143,0.6942615239887112,0.8962765957446809,0.8874296435272045,0.634075907590759,0.15,0.3248095756256801
qnli+qqp+sst2+snli+paws+imdb+hellaswag+winogrande,0.3161764705882353,0.43730886850152906,0.7725631768953068,0.5704697986577181,0.39285714285714285,0.6335841956726247,0.901595744680851,0.8911819887429644,0.6398514851485149,0.23,0.41893362350380847
qnli+record+snli+anli_r1+paws+imdb+hellaswag+winogrande,0.32107843137254904,0.5648318042813456,0.5848375451263538,0.5532118887823586,0.6428571428571429,0.5921919096895578,0.8776595744680851,0.850844277673546,0.6427392739273927,0.64,0.5092491838955386
qnli+sst2+record+anli_r1+paws+imdb+hellaswag+winogrande,0.3602941176470588,0.5749235474006116,0.6750902527075813,0.5426653883029722,0.4107142857142857,0.58137347130762,0.9175531914893617,0.9127579737335835,0.6068481848184818,0.63,0.6365614798694232
qnli+sst2+record+snli+anli_r1+imdb+hellaswag+winogrande,0.3284313725490196,0.38654434250764524,0.5812274368231047,0.5695110258868649,0.5535714285714286,0.5959548447789276,0.9069148936170213,0.8930581613508443,0.6150990099009901,0.7,0.6311207834602829
qnli+sst2+record+snli+anli_r1+paws+hellaswag+winogrande,0.3235294117647059,0.5737003058103975,0.5812274368231047,0.5474592521572388,0.6785714285714286,0.5865475070555033,0.8882978723404256,0.873358348968105,0.6720297029702971,0.64,0.4689880304678999
qnli+sst2+record+snli+anli_r1+paws+imdb+hellaswag,0.32598039215686275,0.5590214067278287,0.5884476534296029,0.5896452540747843,0.625,0.6039510818438382,0.9042553191489362,0.8939962476547842,0.6538778877887789,0.65,0.46735582154515776
qnli+sst2+record+snli+anli_r1+paws+imdb+winogrande,0.3284313725490196,0.5504587155963303,0.5956678700361011,0.5656759348034516,0.6428571428571429,0.59689557855127,0.9095744680851063,0.8911819887429644,0.6450082508250825,0.56,0.41131664853101196
qnli+sst2+record+snli+paws+imdb+hellaswag+winogrande,0.32107843137254904,0.5599388379204893,0.5956678700361011,0.5666347075743049,0.5892857142857143,0.5907808090310442,0.9042553191489362,0.8949343339587242,0.6400577557755776,0.67,0.55930359085963
qnli+sst2+snli+anli_r1+paws+imdb+hellaswag+winogrande,0.3235294117647059,0.5428134556574924,0.5884476534296029,0.5608820709491851,0.6964285714285714,0.5954844778927564,0.901595744680851,0.8883677298311444,0.6489273927392739,0.67,0.6338411316648531
qqp+record+snli+anli_r1+paws+imdb+hellaswag+winogrande,0.3161764705882353,0.4746177370030581,0.7653429602888087,0.5790987535953979,0.7857142857142857,0.8287864534336783,0.8590425531914894,0.8330206378986866,0.6561468646864687,0.61,0.529923830250272
qqp+sst2+record+anli_r1+paws+imdb+hellaswag+winogrande,0.3161764705882353,0.4856269113149847,0.4729241877256318,0.5877277085330777,0.125,0.6909689557855127,0.9175531914893617,0.9136960600375235,0.6359323432343235,0.65,0.5108813928182807
qqp+sst2+record+snli+anli_r1+imdb+hellaswag+winogrande,0.3161764705882353,0.20030581039755352,0.703971119133574,0.5848513902205177,0.6785714285714286,0.825964252116651,0.901595744680851,0.8893058161350844,0.5691006600660066,0.66,0.6300326441784548
qqp+sst2+record+snli+anli_r1+paws+hellaswag+winogrande,0.3161764705882353,0.48990825688073397,0.7545126353790613,0.5618408437200384,0.6785714285714286,0.8311382878645344,0.8723404255319149,0.8686679174484052,0.6503712871287128,0.64,0.47986942328618065
qqp+sst2+record+snli+anli_r1+paws+imdb+hellaswag,0.3161764705882353,0.45718654434250766,0.7509025270758123,0.5992329817833174,0.6428571428571429,0.8240827845719662,0.8936170212765957,0.8902439024390244,0.6373762376237624,0.59,0.5266594124047879
qqp+sst2+record+snli+anli_r1+paws+imdb+winogrande,0.3161764705882353,0.4547400611620795,0.7545126353790613,0.5838926174496645,0.6964285714285714,0.8254938852304797,0.8936170212765957,0.8874296435272045,0.6379950495049505,0.56,0.41893362350380847
qqp+sst2+record+snli+paws+imdb+hellaswag+winogrande,0.3161764705882353,0.47155963302752296,0.7364620938628159,0.588686481303931,0.5892857142857143,0.7300094073377235,0.898936170212766,0.8930581613508443,0.64253300330033,0.64,0.5538628944504896
qqp+sst2+snli+anli_r1+paws+imdb+hellaswag+winogrande,0.3161764705882353,0.42813455657492355,0.7509025270758123,0.585810162991371,0.6964285714285714,0.819379115710254,0.8909574468085106,0.8874296435272045,0.6392326732673267,0.65,0.6001088139281828
sst2+record+snli+anli_r1+paws+imdb+hellaswag+winogrande,0.41421568627450983,0.5672782874617737,0.6064981949458483,0.5781399808245445,0.6607142857142857,0.7897460018814676,0.9042553191489362,0.8883677298311444,0.6349009900990099,0.63,0.6109902067464635
mnli+qnli+qqp+record+anli_r1+paws+imdb+hellaswag+winogrande,0.3161764705882353,0.4703363914373089,0.8194945848375451,0.5685522531160115,0.5,0.6796801505174036,0.8696808510638298,0.8583489681050657,0.6557343234323433,0.34,0.43362350380848746
mnli+qnli+qqp+record+snli+anli_r1+imdb+hellaswag+winogrande,0.3161764705882353,0.08440366972477065,0.5667870036101083,0.5743048897411314,0.8035714285714286,0.7130761994355598,0.8563829787234043,0.8452157598499062,0.5222772277227723,0.38,0.23558215451577802
mnli+qnli+qqp+record+snli+anli_r1+paws+hellaswag+winogrande,0.3161764705882353,0.4740061162079511,0.6028880866425993,0.5369127516778524,0.8035714285714286,0.7187206020696143,0.8430851063829787,0.8161350844277674,0.6652227722772277,0.15,0.16757344940152338
mnli+qnli+qqp+record+snli+anli_r1+paws+imdb+hellaswag,0.3161764705882353,0.39418960244648316,0.5740072202166066,0.576222435282838,0.7857142857142857,0.7478833490122295,0.8670212765957447,0.8442776735459663,0.6491336633663366,0.14,0.16811751904243744
mnli+qnli+qqp+record+snli+anli_r1+paws+imdb+winogrande,0.3161764705882353,0.4036697247706422,0.5848375451263538,0.5541706615532119,0.8035714285714286,0.7591721542803387,0.8643617021276596,0.8461538461538461,0.6497524752475248,0.08,0.12840043525571274
mnli+qnli+qqp+record+snli+paws+imdb+hellaswag+winogrande,0.3161764705882353,0.43577981651376146,0.6353790613718412,0.5608820709491851,0.8035714285714286,0.7253057384760113,0.8617021276595744,0.850844277673546,0.653052805280528,0.2,0.25081610446137104
mnli+qnli+qqp+snli+anli_r1+paws+imdb+hellaswag+winogrande,0.3161764705882353,0.37217125382262994,0.5992779783393501,0.5685522531160115,0.8035714285714286,0.768579492003763,0.8563829787234043,0.8386491557223265,0.6468646864686468,0.37,0.1267682263329706
mnli+qnli+qqp+sst2+anli_r1+paws+imdb+hellaswag+winogrande,0.3161764705882353,0.3730886850152905,0.8303249097472925,0.5838926174496645,0.48214285714285715,0.7539981185324554,0.901595744680851,0.8949343339587242,0.6404702970297029,0.2,0.41077257889009794
mnli+qnli+qqp+sst2+record+anli_r1+imdb+hellaswag+winogrande,0.3161764705882353,0.11743119266055047,0.8122743682310469,0.6069031639501438,0.48214285714285715,0.6867356538099718,0.9042553191489362,0.8939962476547842,0.5235148514851485,0.53,0.49510337323177367
mnli+qnli+qqp+sst2+record+anli_r1+paws+hellaswag+winogrande,0.3161764705882353,0.4764525993883792,0.8267148014440433,0.5551294343240653,0.48214285714285715,0.7017873941674506,0.8936170212765957,0.8771106941838649,0.6549092409240924,0.3,0.4134929270946681
mnli+qnli+qqp+sst2+record+anli_r1+paws+imdb+hellaswag,0.3161764705882353,0.40825688073394495,0.8231046931407943,0.5934803451581975,0.44642857142857145,0.7460018814675446,0.9042553191489362,0.8977485928705441,0.6464521452145214,0.32,0.4238302502720348
mnli+qnli+qqp+sst2+record+anli_r1+paws+imdb+winogrande,0.3161764705882353,0.4036697247706422,0.8267148014440433,0.5723873441994247,0.44642857142857145,0.748824082784572,0.901595744680851,0.8939962476547842,0.6361386138613861,0.3,0.37431991294885747
mnli+qnli+qqp+sst2+record+paws+imdb+hellaswag+winogrande,0.3161764705882353,0.4522935779816514,0.7111913357400722,0.5752636625119847,0.39285714285714285,0.7008466603951082,0.9122340425531915,0.9043151969981238,0.6458333333333334,0.44,0.4542981501632209
mnli+qnli+qqp+sst2+record+snli+anli_r1+hellaswag+winogrande,0.3161764705882353,0.08593272171253823,0.555956678700361,0.5580057526366251,0.8035714285714286,0.731420507996237,0.8537234042553191,0.8424015009380863,0.5734323432343235,0.4,0.19967355821545157
mnli+qnli+qqp+sst2+record+snli+anli_r1+imdb+hellaswag,0.3161764705882353,0.017737003058103974,0.5667870036101083,0.5867689357622243,0.8035714285714286,0.7605832549388523,0.8696808510638298,0.8649155722326454,0.3494224422442244,0.4,0.18715995647442873
mnli+qnli+qqp+sst2+record+snli+anli_r1+imdb+winogrande,0.3161764705882353,0.021712538226299694,0.5667870036101083,0.5608820709491851,0.8214285714285714,0.761994355597366,0.8723404255319149,0.8649155722326454,0.3752062706270627,0.32,0.16104461371055495
mnli+qnli+qqp+sst2+record+snli+anli_r1+paws+hellaswag,0.3161764705882353,0.41651376146788993,0.5776173285198556,0.5599232981783318,0.7857142857142857,0.768579492003763,0.8617021276595744,0.848968105065666,0.6534653465346535,0.19,0.13601741022850924
mnli+qnli+qqp+sst2+record+snli+anli_r1+paws+imdb,0.3161764705882353,0.26085626911314985,0.5884476534296029,0.5771812080536913,0.8035714285714286,0.793038570084666,0.8696808510638298,0.8649155722326454,0.628506600660066,0.11,0.09194776931447225
mnli+qnli+qqp+sst2+record+snli+anli_r1+paws+winogrande,0.3161764705882353,0.41131498470948014,0.5740072202166066,0.5426653883029722,0.8035714285714286,0.7751646284101599,0.8590425531914894,0.8461538461538461,0.6495462046204621,0.11,0.10337323177366703
mnli+qnli+qqp+sst2+record+snli+imdb+hellaswag+winogrande,0.3161764705882353,0.03944954128440367,0.6101083032490975,0.5714285714285714,0.8035714285714286,0.7412982126058325,0.8723404255319149,0.8611632270168855,0.3972772277227723,0.46,0.30794341675734493
mnli+qnli+qqp+sst2+record+snli+paws+hellaswag+winogrande,0.3161764705882353,0.45382262996941897,0.628158844765343,0.5455417066155321,0.8035714285714286,0.7521166509877705,0.8537234042553191,0.850844277673546,0.6610973597359736,0.23,0.2176278563656148
mnli+qnli+qqp+sst2+record+snli+paws+imdb+hellaswag,0.3161764705882353,0.3305810397553517,0.6209386281588448,0.576222435282838,0.8035714285714286,0.7695202257761053,0.8723404255319149,0.8677298311444653,0.6435643564356436,0.27,0.2383025027203482
mnli+qnli+qqp+sst2+record+snli+paws+imdb+winogrande,0.3161764705882353,0.3510703363914373,0.631768953068592,0.5503355704697986,0.8035714285714286,0.7850423330197555,0.8696808510638298,0.8649155722326454,0.6412953795379538,0.17,0.19912948857453755
mnli+qnli+qqp+sst2+snli+anli_r1+imdb+hellaswag+winogrande,0.3161764705882353,0.011620795107033639,0.5848375451263538,0.5781399808245445,0.8035714285714286,0.7728127939793038,0.8670212765957447,0.8592870544090057,0.27042079207920794,0.55,0.1719260065288357
mnli+qnli+qqp+sst2+snli+anli_r1+paws+hellaswag+winogrande,0.3161764705882353,0.38073394495412843,0.5884476534296029,0.5493767976989453,0.8035714285714286,0.7845719661335842,0.848404255319149,0.8424015009380863,0.6516089108910891,0.36,0.11099020674646355
mnli+qnli+qqp+sst2+snli+anli_r1+paws+imdb+hellaswag,0.3161764705882353,0.21590214067278288,0.5992779783393501,0.5714285714285714,0.8035714285714286,0.7977422389463782,0.8696808510638298,0.8592870544090057,0.610973597359736,0.38,0.08650707290533188
mnli+qnli+qqp+sst2+snli+anli_r1+paws+imdb+winogrande,0.3161764705882353,0.2363914373088685,0.6064981949458483,0.5551294343240653,0.8214285714285714,0.8029162746942615,0.8723404255319149,0.8574108818011257,0.6136551155115512,0.3,0.057127312295973884
mnli+qnli+qqp+sst2+snli+paws+imdb+hellaswag+winogrande,0.3161764705882353,0.2926605504587156,0.6389891696750902,0.5627996164908916,0.8214285714285714,0.7855126999059266,0.8670212765957447,0.8611632270168855,0.630569306930693,0.45,0.2045701849836779
mnli+qnli+record+snli+anli_r1+paws+imdb+hellaswag+winogrande,0.32598039215686275,0.5434250764525994,0.5270758122743683,0.5752636625119847,0.8214285714285714,0.6735653809971778,0.875,0.850844277673546,0.6765676567656765,0.57,0.4896626768226333
mnli+qnli+sst2+record+anli_r1+paws+imdb+hellaswag+winogrande,0.36764705882352944,0.5501529051987768,0.6245487364620939,0.5790987535953979,0.7321428571428571,0.6105362182502352,0.9148936170212766,0.8968105065666041,0.6524339933993399,0.63,0.5930359085963003
mnli+qnli+sst2+record+snli+anli_r1+imdb+hellaswag+winogrande,0.3284313725490196,0.11100917431192661,0.5270758122743683,0.588686481303931,0.8214285714285714,0.6839134524929446,0.8696808510638298,0.8677298311444653,0.5528052805280528,0.53,0.5337323177366703
mnli+qnli+sst2+record+snli+anli_r1+paws+hellaswag+winogrande,0.3235294117647059,0.5565749235474006,0.5270758122743683,0.5580057526366251,0.8214285714285714,0.6707431796801505,0.8590425531914894,0.8452157598499062,0.6761551155115512,0.5,0.4396082698585419
mnli+qnli+sst2+record+snli+anli_r1+paws+imdb+hellaswag,0.3235294117647059,0.46788990825688076,0.5270758122743683,0.5877277085330777,0.8035714285714286,0.6904985888993415,0.8696808510638298,0.8649155722326454,0.6693481848184818,0.42,0.41893362350380847
mnli+qnli+sst2+record+snli+anli_r1+paws+imdb+winogrande,0.32598039215686275,0.47522935779816516,0.5270758122743683,0.5647171620325983,0.8214285714285714,0.6975540921919097,0.875,0.8658536585365854,0.66996699669967,0.37,0.37431991294885747
mnli+qnli+sst2+record+snli+paws+imdb+hellaswag+winogrande,0.32598039215686275,0.5152905198776758,0.5270758122743683,0.5723873441994247,0.8214285714285714,0.654280338664158,0.8723404255319149,0.8677298311444653,0.6740924092409241,0.63,0.5718171926006529
mnli+qnli+sst2+snli+anli_r1+paws+imdb+hellaswag+winogrande,0.3235294117647059,0.41865443425076454,0.5270758122743683,0.5781399808245445,0.8214285714285714,0.6923800564440263,0.8670212765957447,0.8649155722326454,0.6664603960396039,0.25,0.40696409140369966
mnli+qqp+record+snli+anli_r1+paws+imdb+hellaswag+winogrande,0.3161764705882353,0.42935779816513764,0.592057761732852,0.5896452540747843,0.875,0.8278457196613358,0.8457446808510638,0.8414634146341463,0.6495462046204621,0.18,0.3944504896626768
mnli+qqp+sst2+record+anli_r1+paws+imdb+hellaswag+winogrande,0.3161764705882353,0.44097859327217126,0.8086642599277978,0.5896452540747843,0.6071428571428571,0.8396048918156162,0.9069148936170213,0.8958724202626641,0.6384075907590759,0.63,0.5865070729053319
mnli+qqp+sst2+record+snli+anli_r1+imdb+hellaswag+winogrande,0.3161764705882353,0.0308868501529052,0.5848375451263538,0.5915627996164909,0.8392857142857143,0.8278457196613358,0.8590425531914894,0.8583489681050657,0.3624174917491749,0.41,0.44450489662676823
mnli+qqp+sst2+record+snli+anli_r1+paws+hellaswag+winogrande,0.3161764705882353,0.44648318042813456,0.592057761732852,0.5627996164908916,0.8571428571428571,0.8301975540921919,0.8457446808510638,0.8424015009380863,0.6497524752475248,0.23,0.34766050054406966
mnli+qqp+sst2+record+snli+anli_r1+paws+imdb+hellaswag,0.3161764705882353,0.3214067278287462,0.5812274368231047,0.5934803451581975,0.8392857142857143,0.8301975540921919,0.8643617021276596,0.8621013133208255,0.6252062706270627,0.22,0.3253536452665941
mnli+qqp+sst2+record+snli+anli_r1+paws+imdb+winogrande,0.3161764705882353,0.3290519877675841,0.592057761732852,0.5685522531160115,0.8214285714285714,0.8254938852304797,0.8670212765957447,0.8592870544090057,0.621493399339934,0.14,0.28563656147986943
mnli+qqp+sst2+record+snli+paws+imdb+hellaswag+winogrande,0.3161764705882353,0.38501529051987765,0.6462093862815884,0.5771812080536913,0.75,0.8316086547507056,0.8617021276595744,0.8621013133208255,0.6367574257425742,0.39,0.4619151251360174
mnli+qqp+sst2+snli+anli_r1+paws+imdb+hellaswag+winogrande,0.3161764705882353,0.28654434250764527,0.5848375451263538,0.5800575263662512,0.8571428571428571,0.8245531514581373,0.8643617021276596,0.8574108818011257,0.6101485148514851,0.41,0.3014145810663765
mnli+sst2+record+snli+anli_r1+paws+imdb+hellaswag+winogrande,0.3602941176470588,0.5058103975535169,0.5270758122743683,0.5790987535953979,0.8928571428571429,0.8160865475070554,0.8696808510638298,0.8611632270168855,0.6701732673267327,0.54,0.5337323177366703
qnli+qqp+record+snli+anli_r1+paws+imdb+hellaswag+winogrande,0.3161764705882353,0.4584097859327217,0.7833935018050542,0.5781399808245445,0.4642857142857143,0.6161806208842897,0.8351063829787234,0.8330206378986866,0.6526402640264026,0.25,0.3906420021762786
qnli+qqp+sst2+record+anli_r1+paws+imdb+hellaswag+winogrande,0.3161764705882353,0.47155963302752296,0.47653429602888087,0.576222435282838,0.32142857142857145,0.5997177798682972,0.9122340425531915,0.9033771106941839,0.6448019801980198,0.65,0.5326441784548422
qnli+qqp+sst2+record+snli+anli_r1+imdb+hellaswag+winogrande,0.3161764705882353,0.11253822629969419,0.7509025270758123,0.5800575263662512,0.44642857142857145,0.6227657572906867,0.9069148936170213,0.8911819887429644,0.49876237623762376,0.41,0.4581066376496192
qnli+qqp+sst2+record+snli+anli_r1+paws+hellaswag+winogrande,0.3161764705882353,0.4782874617737003,0.776173285198556,0.5560882070949185,0.48214285714285715,0.6194731890874883,0.8723404255319149,0.8667917448405253,0.6598597359735974,0.22,0.36887921653971706
qnli+qqp+sst2+record+snli+anli_r1+paws+imdb+hellaswag,0.3161764705882353,0.40091743119266054,0.779783393501805,0.5838926174496645,0.4642857142857143,0.6406396989651929,0.901595744680851,0.8911819887429644,0.6408828382838284,0.21,0.3900979325353645
qnli+qqp+sst2+record+snli+anli_r1+paws+imdb+winogrande,0.3161764705882353,0.41131498470948014,0.7725631768953068,0.5637583892617449,0.4642857142857143,0.6613358419567262,0.898936170212766,0.8911819887429644,0.6359323432343235,0.2,0.33569096844396085
qnli+qqp+sst2+record+snli+paws+imdb+hellaswag+winogrande,0.3161764705882353,0.44403669724770645,0.7509025270758123,0.5723873441994247,0.39285714285714285,0.6161806208842897,0.9069148936170213,0.8930581613508443,0.6450082508250825,0.33,0.4200217627856366
qnli+qqp+sst2+snli+anli_r1+paws+imdb+hellaswag+winogrande,0.3161764705882353,0.3688073394495413,0.7870036101083032,0.5666347075743049,0.48214285714285715,0.6641580432737535,0.8962765957446809,0.8883677298311444,0.6346947194719472,0.2,0.36887921653971706
qnli+sst2+record+snli+anli_r1+paws+imdb+hellaswag+winogrande,0.32598039215686275,0.5480122324159021,0.5848375451263538,0.5704697986577181,0.625,0.6110065851364064,0.9069148936170213,0.8921200750469043,0.6538778877887789,0.65,0.5903155603917302
qqp+sst2+record+snli+anli_r1+paws+imdb+hellaswag+winogrande,0.3161764705882353,0.44036697247706424,0.7436823104693141,0.5838926174496645,0.6607142857142857,0.8278457196613358,0.898936170212766,0.8883677298311444,0.6351072607260726,0.65,0.5843307943416758
mnli+qnli+qqp+record+snli+anli_r1+paws+imdb+hellaswag+winogrande,0.3161764705882353,0.3654434250764526,0.5956678700361011,0.5560882070949185,0.8035714285714286,0.7394167450611477,0.8643617021276596,0.8433395872420263,0.6499587458745875,0.36,0.1648531011969532
mnli+qnli+qqp+sst2+record+anli_r1+paws+imdb+hellaswag+winogrande,0.3161764705882353,0.381651376146789,0.8122743682310469,0.5819750719079578,0.48214285714285715,0.7300094073377235,0.9042553191489362,0.8949343339587242,0.6388201320132013,0.3,0.4314472252448313
mnli+qnli+qqp+sst2+record+snli+anli_r1+imdb+hellaswag+winogrande,0.3161764705882353,0.012232415902140673,0.5703971119133574,0.5685522531160115,0.8035714285714286,0.7460018814675446,0.8723404255319149,0.8639774859287055,0.2768151815181518,0.51,0.1893362350380849
mnli+qnli+qqp+sst2+record+snli+anli_r1+paws+hellaswag+winogrande,0.3161764705882353,0.3966360856269113,0.5812274368231047,0.5445829338446788,0.8035714285714286,0.7558795860771401,0.8617021276595744,0.8470919324577861,0.653052805280528,0.4,0.1501632208922742
mnli+qnli+qqp+sst2+record+snli+anli_r1+paws+imdb+hellaswag,0.3161764705882353,0.21131498470948012,0.5776173285198556,0.5743048897411314,0.8035714285714286,0.7718720602069614,0.8696808510638298,0.8667917448405253,0.6101485148514851,0.39,0.1294885745375408
mnli+qnli+qqp+sst2+record+snli+anli_r1+paws+imdb+winogrande,0.3161764705882353,0.22446483180428134,0.592057761732852,0.5465004793863855,0.8214285714285714,0.779868297271872,0.8803191489361702,0.8630393996247655,0.6181930693069307,0.32,0.09902067464635474
mnli+qnli+qqp+sst2+record+snli+paws+imdb+hellaswag+winogrande,0.3161764705882353,0.30061162079510706,0.631768953068592,0.5522531160115053,0.8035714285714286,0.7624647224835371,0.875,0.8649155722326454,0.6303630363036303,0.47,0.2383025027203482
mnli+qnli+qqp+sst2+snli+anli_r1+paws+imdb+hellaswag+winogrande,0.3161764705882353,0.17584097859327216,0.6028880866425993,0.5570469798657718,0.8214285714285714,0.7845719661335842,0.8723404255319149,0.8602251407129456,0.5864273927392739,0.52,0.17682263329706202
mnli+qnli+sst2+record+snli+anli_r1+paws+imdb+hellaswag+winogrande,0.32598039215686275,0.4345565749235474,0.5270758122743683,0.5675934803451582,0.8214285714285714,0.6961429915333961,0.8723404255319149,0.8686679174484052,0.6703795379537953,0.41,0.44885745375408054
mnli+qqp+sst2+record+snli+anli_r1+paws+imdb+hellaswag+winogrande,0.3161764705882353,0.27706422018348625,0.5956678700361011,0.5723873441994247,0.8214285714285714,0.8301975540921919,0.8670212765957447,0.8658536585365854,0.6095297029702971,0.45,0.338411316648531
qnli+qqp+sst2+record+snli+anli_r1+paws+imdb+hellaswag+winogrande,0.3161764705882353,0.3798165137614679,0.779783393501805,0.5752636625119847,0.4642857142857143,0.6340545625587959,0.8962765957446809,0.8893058161350844,0.6361386138613861,0.24,0.3982589771490751
mnli+qnli+qqp+sst2+record+snli+anli_r1+paws+imdb+hellaswag+winogrande,0.3161764705882353,0.17859327217125381,0.592057761732852,0.5493767976989453,0.8035714285714286,0.7629350893697083,0.875,0.8649155722326454,0.5909653465346535,0.48,0.14798694232861806
