method,combo,n_tasks,target,sar,sar_iso
base,mnli+qnli+sst2+record+anli_r1+paws+squad_v2,7,mrpc,0.6613893343933991,0.8688008966190475
base,mnli+qnli+sst2+record+anli_r1+paws+squad_v2,7,boolq,0.6949925050139427,0.8763844389468431
base,mnli+qnli+sst2+record+anli_r1+paws+squad_v2,7,rte,0.7253161107323,0.8941280522516796
base,mnli+qnli+sst2+record+anli_r1+paws+squad_v2,7,cola,0.6542169989219734,0.8635108361818961
base,mnli+qnli+sst2+record+anli_r1+paws+squad_v2,7,cb,0.7202974728175572,0.8966596722602844
base,mnli+qnli+sst2+record+anli_r1+paws+squad_v2,7,scitail,0.7326383760997227,0.8902672289737633
base,mnli+qnli+sst2+record+anli_r1+paws+squad_v2,7,stsb,0.5917531879884856,0.8478733114898205
base,mnli+qnli+sst2+record+anli_r1+paws+squad_v2,7,cr,0.7300408663494247,0.8932220722947802
base,mnli+qnli+sst2+record+anli_r1+paws+squad_v2,7,rotten_tomatoes,0.7436145714351109,0.8965068076338086
base,mnli+qnli+sst2+record+anli_r1+paws+squad_v2,7,multirc,0.6973998312439237,0.8771877940744162
base,mnli+qnli+sst2+record+anli_r1+paws+squad_v2,7,copa,0.6112878538135972,0.8503498496221644
base,mnli+qnli+sst2+record+anli_r1+paws+squad_v2,7,piqa,0.6309901619596141,0.8549197946808168
base,mnli+qnli+sst2+record+anli_r1+paws+squad_v2+hellaswag,8,mrpc,0.6628001406788826,0.8688467448311192
base,mnli+qnli+sst2+record+anli_r1+paws+squad_v2+hellaswag,8,boolq,0.6957968960383109,0.8764155991375446
base,mnli+qnli+sst2+record+anli_r1+paws+squad_v2+hellaswag,8,rte,0.7266136652656964,0.8941803744861058
base,mnli+qnli+sst2+record+anli_r1+paws+squad_v2+hellaswag,8,cola,0.6558689629392964,0.8638619439942496
base,mnli+qnli+sst2+record+anli_r1+paws+squad_v2+hellaswag,8,cb,0.7223164620144027,0.8967466918485505
base,mnli+qnli+sst2+record+anli_r1+paws+squad_v2+hellaswag,8,scitail,0.7331387512385845,0.8901444654911757
base,mnli+qnli+sst2+record+anli_r1+paws+squad_v2+hellaswag,8,stsb,0.595405215131385,0.848188977688551
base,mnli+qnli+sst2+record+anli_r1+paws+squad_v2+hellaswag,8,cr,0.7307191757219178,0.8931158983281681
base,mnli+qnli+sst2+record+anli_r1+paws+squad_v2+hellaswag,8,rotten_tomatoes,0.7438634503632784,0.8963251422558512
base,mnli+qnli+sst2+record+anli_r1+paws+squad_v2+hellaswag,8,multirc,0.6984578381691661,0.8771872645510095
base,mnli+qnli+sst2+record+anli_r1+paws+squad_v2+hellaswag,8,copa,0.618550126307777,0.8526136204600334
base,mnli+qnli+sst2+record+anli_r1+paws+squad_v2+hellaswag,8,piqa,0.6740645164889949,0.8680159175502402
base,mnli+qnli+sst2+record+anli_r1+paws+squad_v2+hellaswag+winogrande,9,mrpc,0.6630203412579638,0.8687929420598915
base,mnli+qnli+sst2+record+anli_r1+paws+squad_v2+hellaswag+winogrande,9,boolq,0.696109699351447,0.876432540161269
base,mnli+qnli+sst2+record+anli_r1+paws+squad_v2+hellaswag+winogrande,9,rte,0.725889204069972,0.8939129029001508
base,mnli+qnli+sst2+record+anli_r1+paws+squad_v2+hellaswag+winogrande,9,cola,0.6560578915689673,0.8639157164309706
base,mnli+qnli+sst2+record+anli_r1+paws+squad_v2+hellaswag+winogrande,9,cb,0.7212386479867356,0.896438793944461
base,mnli+qnli+sst2+record+anli_r1+paws+squad_v2+hellaswag+winogrande,9,scitail,0.7325869122786182,0.8899983699832644
base,mnli+qnli+sst2+record+anli_r1+paws+squad_v2+hellaswag+winogrande,9,stsb,0.5957349921975817,0.8483382066977876
base,mnli+qnli+sst2+record+anli_r1+paws+squad_v2+hellaswag+winogrande,9,cr,0.7308040889246123,0.8930572766278472
base,mnli+qnli+sst2+record+anli_r1+paws+squad_v2+hellaswag+winogrande,9,rotten_tomatoes,0.7435689842594522,0.8962540418973991
base,mnli+qnli+sst2+record+anli_r1+paws+squad_v2+hellaswag+winogrande,9,multirc,0.6983359032975776,0.8771821670234203
base,mnli+qnli+sst2+record+anli_r1+paws+squad_v2+hellaswag+winogrande,9,copa,0.6240697582917554,0.8547595172588315
base,mnli+qnli+sst2+record+anli_r1+paws+squad_v2+hellaswag+winogrande,9,piqa,0.7000667194702795,0.8771074472793511
base,mnli+qnli+sst2+record+anli_r1+paws+squad_v2+winogrande,8,mrpc,0.6620104352810553,0.8687031082808971
base,mnli+qnli+sst2+record+anli_r1+paws+squad_v2+winogrande,8,boolq,0.6956653081412826,0.8765061447130782
base,mnli+qnli+sst2+record+anli_r1+paws+squad_v2+winogrande,8,rte,0.724974483783756,0.8938244059681892
base,mnli+qnli+sst2+record+anli_r1+paws+squad_v2+winogrande,8,cola,0.6548111640981266,0.8635446626160826
base,mnli+qnli+sst2+record+anli_r1+paws+squad_v2+winogrande,8,cb,0.719619659440858,0.8963557524340493
base,mnli+qnli+sst2+record+anli_r1+paws+squad_v2+winogrande,8,scitail,0.7323754211621625,0.8901115996497018
base,mnli+qnli+sst2+record+anli_r1+paws+squad_v2+winogrande,8,stsb,0.593373158414449,0.8480560734335866
base,mnli+qnli+sst2+record+anli_r1+paws+squad_v2+winogrande,8,cr,0.7304520897035088,0.8931351447744029
base,mnli+qnli+sst2+record+anli_r1+paws+squad_v2+winogrande,8,rotten_tomatoes,0.7435212502522128,0.8964434441711221
base,mnli+qnli+sst2+record+anli_r1+paws+squad_v2+winogrande,8,multirc,0.6976138978664365,0.8771593868732452
base,mnli+qnli+sst2+record+anli_r1+paws+squad_v2+winogrande,8,copa,0.6190576726304633,0.8529405897217137
base,mnli+qnli+sst2+record+anli_r1+paws+squad_v2+winogrande,8,piqa,0.6842639467545918,0.8713697423892361
base,mnli+qnli+sst2+record+anli_r1+paws+winogrande,7,mrpc,0.6447513843221324,0.8686666089509215
base,mnli+qnli+sst2+record+anli_r1+paws+winogrande,7,boolq,0.6841054973857743,0.8776735839034829
base,mnli+qnli+sst2+record+anli_r1+paws+winogrande,7,rte,0.7154175546020269,0.8963541622672763
base,mnli+qnli+sst2+record+anli_r1+paws+winogrande,7,cola,0.6277348473668098,0.8614951981497663
base,mnli+qnli+sst2+record+anli_r1+paws+winogrande,7,cb,0.7108084405107158,0.8993182879473481
base,mnli+qnli+sst2+record+anli_r1+paws+winogrande,7,scitail,0.7234588387821402,0.891517011448741
base,mnli+qnli+sst2+record+anli_r1+paws+winogrande,7,stsb,0.5679818085793938,0.847379627504519
base,mnli+qnli+sst2+record+anli_r1+paws+winogrande,7,cr,0.722347889361637,0.8959615762744632
base,mnli+qnli+sst2+record+anli_r1+paws+winogrande,7,rotten_tomatoes,0.7376358564943075,0.898805527814797
base,mnli+qnli+sst2+record+anli_r1+paws+winogrande,7,multirc,0.6809981611690351,0.8768368089305503
base,mnli+qnli+sst2+record+anli_r1+paws+winogrande,7,copa,0.5915649514645338,0.8518720088260514
base,mnli+qnli+sst2+record+anli_r1+paws+winogrande,7,piqa,0.6709863689861127,0.8722589093127421
base,mnli+qnli+sst2+record+anli_r1+squad_v2,6,mrpc,0.6605545386139836,0.8681465078677449
base,mnli+qnli+sst2+record+anli_r1+squad_v2,6,boolq,0.6414170149447662,0.8596300184726715
base,mnli+qnli+sst2+record+anli_r1+squad_v2,6,rte,0.7258697639086417,0.8939349406531879
base,mnli+qnli+sst2+record+anli_r1+squad_v2,6,cola,0.6544459589890071,0.8632070494017431
base,mnli+qnli+sst2+record+anli_r1+squad_v2,6,cb,0.7230700669544083,0.8972975255123207
base,mnli+qnli+sst2+record+anli_r1+squad_v2,6,scitail,0.732454575864332,0.8899475772465978
base,mnli+qnli+sst2+record+anli_r1+squad_v2,6,stsb,0.5917334414220282,0.8474424994949784
base,mnli+qnli+sst2+record+anli_r1+squad_v2,6,cr,0.7318780648389033,0.8936057670840195
base,mnli+qnli+sst2+record+anli_r1+squad_v2,6,rotten_tomatoes,0.7450772907052722,0.8968882677810532
base,mnli+qnli+sst2+record+anli_r1+squad_v2,6,multirc,0.6519403216828193,0.8622535070670503
base,mnli+qnli+sst2+record+anli_r1+squad_v2,6,copa,0.6114199299897466,0.8500852941402367
base,mnli+qnli+sst2+record+anli_r1+squad_v2,6,piqa,0.6301463302224874,0.8544437071042401
base,mnli+qnli+sst2+record+anli_r1+squad_v2+hellaswag,7,mrpc,0.6621630670768874,0.868275406637362
base,mnli+qnli+sst2+record+anli_r1+squad_v2+hellaswag,7,boolq,0.6431511588660734,0.8597478403576783
base,mnli+qnli+sst2+record+anli_r1+squad_v2+hellaswag,7,rte,0.72728696066354,0.8939744239406926
base,mnli+qnli+sst2+record+anli_r1+squad_v2+hellaswag,7,cola,0.6564118886100394,0.863558963473354
base,mnli+qnli+sst2+record+anli_r1+squad_v2+hellaswag,7,cb,0.7252093175692218,0.8973443609263215
base,mnli+qnli+sst2+record+anli_r1+squad_v2+hellaswag,7,scitail,0.7329952754080296,0.8898356213633504
base,mnli+qnli+sst2+record+anli_r1+squad_v2+hellaswag,7,stsb,0.5954811775258609,0.8477821073361805
base,mnli+qnli+sst2+record+anli_r1+squad_v2+hellaswag,7,cr,0.7326478819761958,0.893462880381516
base,mnli+qnli+sst2+record+anli_r1+squad_v2+hellaswag,7,rotten_tomatoes,0.74535361650799,0.896677276385682
base,mnli+qnli+sst2+record+anli_r1+squad_v2+hellaswag,7,multirc,0.6536705122728433,0.862408331196223
base,mnli+qnli+sst2+record+anli_r1+squad_v2+hellaswag,7,copa,0.6192501200629132,0.8525268651012864
base,mnli+qnli+sst2+record+anli_r1+squad_v2+hellaswag,7,piqa,0.6743810131613698,0.8678024235580649
base,mnli+qnli+sst2+record+anli_r1+squad_v2+hellaswag+winogrande,8,mrpc,0.6624652240425348,0.8681932059781892
base,mnli+qnli+sst2+record+anli_r1+squad_v2+hellaswag+winogrande,8,boolq,0.6441021290208612,0.8599492556282452
base,mnli+qnli+sst2+record+anli_r1+squad_v2+hellaswag+winogrande,8,rte,0.726582545787096,0.8937026714640004
base,mnli+qnli+sst2+record+anli_r1+squad_v2+hellaswag+winogrande,8,cola,0.6564727731581245,0.8636129974786725
base,mnli+qnli+sst2+record+anli_r1+squad_v2+hellaswag+winogrande,8,cb,0.7241201757320336,0.8970637534345899
base,mnli+qnli+sst2+record+anli_r1+squad_v2+hellaswag+winogrande,8,scitail,0.7325506436505488,0.8896395263395139
base,mnli+qnli+sst2+record+anli_r1+squad_v2+hellaswag+winogrande,8,stsb,0.5959816271705287,0.8478916183646236
base,mnli+qnli+sst2+record+anli_r1+squad_v2+hellaswag+winogrande,8,cr,0.7327401167047876,0.8933668365435941
base,mnli+qnli+sst2+record+anli_r1+squad_v2+hellaswag+winogrande,8,rotten_tomatoes,0.7451701142958232,0.8965552177812371
base,mnli+qnli+sst2+record+anli_r1+squad_v2+hellaswag+winogrande,8,multirc,0.653896399241473,0.8625447380223444
base,mnli+qnli+sst2+record+anli_r1+squad_v2+hellaswag+winogrande,8,copa,0.625111377931067,0.8547889010182449
base,mnli+qnli+sst2+record+anli_r1+squad_v2+hellaswag+winogrande,8,piqa,0.7006262774978366,0.8769253862223455
base,mnli+qnli+sst2+record+anli_r1+squad_v2+winogrande,7,mrpc,0.661361512062805,0.8680722218539033
base,mnli+qnli+sst2+record+anli_r1+squad_v2+winogrande,7,boolq,0.6432013111189008,0.8599391864346606
base,mnli+qnli+sst2+record+anli_r1+squad_v2+winogrande,7,rte,0.7254863219069583,0.8936877538050924
base,mnli+qnli+sst2+record+anli_r1+squad_v2+winogrande,7,cola,0.6551821048238448,0.8631935657135078
base,mnli+qnli+sst2+record+anli_r1+squad_v2+winogrande,7,cb,0.7224290706217289,0.8970141325678144
base,mnli+qnli+sst2+record+anli_r1+squad_v2+winogrande,7,scitail,0.7322360508676086,0.8897300846874714
base,mnli+qnli+sst2+record+anli_r1+squad_v2+winogrande,7,stsb,0.593527368668999,0.8476437889039516
base,mnli+qnli+sst2+record+anli_r1+squad_v2+winogrande,7,cr,0.7323353056396756,0.8935385298516069
base,mnli+qnli+sst2+record+anli_r1+squad_v2+winogrande,7,rotten_tomatoes,0.7451214753091335,0.8967793647732053
base,mnli+qnli+sst2+record+anli_r1+squad_v2+winogrande,7,multirc,0.6528465440496802,0.8624001504587275
base,mnli+qnli+sst2+record+anli_r1+squad_v2+winogrande,7,copa,0.6197905756000962,0.852798817679286
base,mnli+qnli+sst2+record+anli_r1+squad_v2+winogrande,7,piqa,0.6843486643795457,0.8711216497634139
base,mnli+qnli+sst2+record+anli_r1+winogrande,6,mrpc,0.6432232159589019,0.8680113442242146
base,mnli+qnli+sst2+record+anli_r1+winogrande,6,boolq,0.6224501583991306,0.8593481544937406
base,mnli+qnli+sst2+record+anli_r1+winogrande,6,rte,0.7158715991037232,0.8962732745068414
base,mnli+qnli+sst2+record+anli_r1+winogrande,6,cola,0.6270418522347297,0.8611776368426425
base,mnli+qnli+sst2+record+anli_r1+winogrande,6,cb,0.7137445975095034,0.9000095059829099
base,mnli+qnli+sst2+record+anli_r1+winogrande,6,scitail,0.7229325146015201,0.8911735128079142
base,mnli+qnli+sst2+record+anli_r1+winogrande,6,stsb,0.5669413945371551,0.8469251202685493
base,mnli+qnli+sst2+record+anli_r1+winogrande,6,cr,0.7243817959512983,0.8964786753058434
base,mnli+qnli+sst2+record+anli_r1+winogrande,6,rotten_tomatoes,0.7390794450683253,0.899213086281504
base,mnli+qnli+sst2+record+anli_r1+winogrande,6,multirc,0.6284438205350723,0.8608149101159402
base,mnli+qnli+sst2+record+anli_r1+winogrande,6,copa,0.591331879475287,0.8517247789672443
base,mnli+qnli+sst2+record+anli_r1+winogrande,6,piqa,0.6707169083612305,0.8720102975411075
base,mnli+qnli+sst2+record+hellaswag,5,mrpc,0.6412045657634735,0.8666187024542263
base,mnli+qnli+sst2+record+hellaswag,5,boolq,0.624825573792415,0.8588475547730923
base,mnli+qnli+sst2+record+hellaswag,5,rte,0.70822948589921,0.8926071737493787
base,mnli+qnli+sst2+record+hellaswag,5,cola,0.6294583642323103,0.8607178718916008
base,mnli+qnli+sst2+record+hellaswag,5,cb,0.6820339776043381,0.8873014290417943
base,mnli+qnli+sst2+record+hellaswag,5,scitail,0.7173871163811002,0.8885300665029457
base,mnli+qnli+sst2+record+hellaswag,5,stsb,0.5735387481482965,0.8468209614178964
base,mnli+qnli+sst2+record+hellaswag,5,cr,0.7249292646135602,0.8958978221884796
base,mnli+qnli+sst2+record+hellaswag,5,rotten_tomatoes,0.7414318607853991,0.8989741780928203
base,mnli+qnli+sst2+record+hellaswag,5,multirc,0.6324179018182414,0.8606549674378974
base,mnli+qnli+sst2+record+hellaswag,5,copa,0.5922436639666557,0.8507519390966211
base,mnli+qnli+sst2+record+hellaswag,5,piqa,0.6636912713625601,0.8690339598272528
base,mnli+qnli+sst2+record+hellaswag+winogrande,6,mrpc,0.6424899657389948,0.8665652881775584
base,mnli+qnli+sst2+record+hellaswag+winogrande,6,boolq,0.6267691568604538,0.8590741689716067
base,mnli+qnli+sst2+record+hellaswag+winogrande,6,rte,0.7080448514648846,0.8922198425446238
base,mnli+qnli+sst2+record+hellaswag+winogrande,6,cola,0.6306055595300027,0.8608890447233405
base,mnli+qnli+sst2+record+hellaswag+winogrande,6,cb,0.6821132102715117,0.886915880122355
base,mnli+qnli+sst2+record+hellaswag+winogrande,6,scitail,0.7172869749899421,0.8882606114659991
base,mnli+qnli+sst2+record+hellaswag+winogrande,6,stsb,0.575180234387517,0.8469869390662227
base,mnli+qnli+sst2+record+hellaswag+winogrande,6,cr,0.7253720784293753,0.8956975766590664
base,mnli+qnli+sst2+record+hellaswag+winogrande,6,rotten_tomatoes,0.7414055929652282,0.8987601330237729
base,mnli+qnli+sst2+record+hellaswag+winogrande,6,multirc,0.6337025387744818,0.8607652352324554
base,mnli+qnli+sst2+record+hellaswag+winogrande,6,copa,0.6021418973271336,0.8535826336592436
base,mnli+qnli+sst2+record+hellaswag+winogrande,6,piqa,0.693405670779092,0.8783838738288198
base,mnli+qnli+sst2+record+imdb,5,mrpc,0.6401147025504282,0.8675051139933723
base,mnli+qnli+sst2+record+imdb,5,boolq,0.6212232079623001,0.8591280598193407
base,mnli+qnli+sst2+record+imdb,5,rte,0.7072777144078698,0.8934588166219848
base,mnli+qnli+sst2+record+imdb,5,cola,0.6271721195163471,0.861283579575164
base,mnli+qnli+sst2+record+imdb,5,cb,0.6845426091126033,0.8892554869609219
base,mnli+qnli+sst2+record+imdb,5,scitail,0.7154985644987651,0.8888062049767801
base,mnli+qnli+sst2+record+imdb,5,stsb,0.5653779428851392,0.8464202356657812
base,mnli+qnli+sst2+record+imdb,5,cr,0.7499820020581994,0.9055229175303664
base,mnli+qnli+sst2+record+imdb,5,rotten_tomatoes,0.7662616917597396,0.9083742403558323
base,mnli+qnli+sst2+record+imdb,5,multirc,0.6272739483309644,0.8603705963385957
base,mnli+qnli+sst2+record+imdb,5,copa,0.5836177699800048,0.8485393122370753
base,mnli+qnli+sst2+record+imdb,5,piqa,0.6064978050334113,0.8533135854772159
base,mnli+qnli+sst2+record+imdb+hellaswag,6,mrpc,0.6430266707071236,0.8676036308918681
base,mnli+qnli+sst2+record+imdb+hellaswag,6,boolq,0.6241639024977174,0.8591678501772029
base,mnli+qnli+sst2+record+imdb+hellaswag,6,rte,0.7098653973745448,0.8935680139277663
base,mnli+qnli+sst2+record+imdb+hellaswag,6,cola,0.6305098344704935,0.8616272564977407
base,mnli+qnli+sst2+record+imdb+hellaswag,6,cb,0.6885281849120345,0.8895246594079903
base,mnli+qnli+sst2+record+imdb+hellaswag,6,scitail,0.7165228798985481,0.888702890170472
base,mnli+qnli+sst2+record+imdb+hellaswag,6,stsb,0.5712890666244286,0.8468906448355743
base,mnli+qnli+sst2+record+imdb+hellaswag,6,cr,0.7506648868854556,0.90513387588518
base,mnli+qnli+sst2+record+imdb+hellaswag,6,rotten_tomatoes,0.7664681199405875,0.9079765991440841
base,mnli+qnli+sst2+record+imdb+hellaswag,6,multirc,0.6304015558479088,0.8606742527335882
base,mnli+qnli+sst2+record+imdb+hellaswag,6,copa,0.5947271699884108,0.8515830981944289
base,mnli+qnli+sst2+record+imdb+hellaswag,6,piqa,0.6609941574611834,0.8689635246992111
base,mnli+qnli+sst2+record+imdb+hellaswag+winogrande,7,mrpc,0.6441144863409656,0.8675457478633949
base,mnli+qnli+sst2+record+imdb+hellaswag+winogrande,7,boolq,0.6259978367015719,0.8594422343053988
base,mnli+qnli+sst2+record+imdb+hellaswag+winogrande,7,rte,0.7096570304461888,0.8931924881679671
base,mnli+qnli+sst2+record+imdb+hellaswag+winogrande,7,cola,0.6315531649493745,0.8617588563689164
base,mnli+qnli+sst2+record+imdb+hellaswag+winogrande,7,cb,0.6883891788976533,0.8891127045665469
base,mnli+qnli+sst2+record+imdb+hellaswag+winogrande,7,scitail,0.7164239502911057,0.8884295685482877
base,mnli+qnli+sst2+record+imdb+hellaswag+winogrande,7,stsb,0.5727129877944078,0.84707654081285
base,mnli+qnli+sst2+record+imdb+hellaswag+winogrande,7,cr,0.7504907154611179,0.9048188632088048
base,mnli+qnli+sst2+record+imdb+hellaswag+winogrande,7,rotten_tomatoes,0.7660709632826703,0.9076647513679096
base,mnli+qnli+sst2+record+imdb+hellaswag+winogrande,7,multirc,0.6315622287137168,0.8608079174799579
base,mnli+qnli+sst2+record+imdb+hellaswag+winogrande,7,copa,0.6038971317133733,0.8544033614120313
base,mnli+qnli+sst2+record+imdb+hellaswag+winogrande,7,piqa,0.6913377605378628,0.8782697290714298
base,mnli+qnli+sst2+record+imdb+squad_v2,6,mrpc,0.6599462434117284,0.8675900474190712
base,mnli+qnli+sst2+record+imdb+squad_v2,6,boolq,0.6434603904240898,0.859690663803901
base,mnli+qnli+sst2+record+imdb+squad_v2,6,rte,0.71848911685603,0.8908008720193591
base,mnli+qnli+sst2+record+imdb+squad_v2,6,cola,0.6563871609313148,0.8633986480001893
base,mnli+qnli+sst2+record+imdb+squad_v2,6,cb,0.6978471888495343,0.8860335387289524
base,mnli+qnli+sst2+record+imdb+squad_v2,6,scitail,0.7260301501623222,0.8873624306704316
base,mnli+qnli+sst2+record+imdb+squad_v2,6,stsb,0.5932729105864253,0.8473507519811392
base,mnli+qnli+sst2+record+imdb+squad_v2,6,cr,0.7555268414850745,0.902324838829892
base,mnli+qnli+sst2+record+imdb+squad_v2,6,rotten_tomatoes,0.7702779668782439,0.9058567897549697
base,mnli+qnli+sst2+record+imdb+squad_v2,6,multirc,0.6534436818744455,0.8620444594749382
base,mnli+qnli+sst2+record+imdb+squad_v2,6,copa,0.6151707818997758,0.8505343581948962
base,mnli+qnli+sst2+record+imdb+squad_v2,6,piqa,0.6320314846400704,0.8544238957443407
base,mnli+qnli+sst2+record+imdb+squad_v2+hellaswag,7,mrpc,0.6615403568638223,0.8677672115819794
base,mnli+qnli+sst2+record+imdb+squad_v2+hellaswag,7,boolq,0.645087496909712,0.8598187658935785
base,mnli+qnli+sst2+record+imdb+squad_v2+hellaswag,7,rte,0.7200338726064989,0.8909951113164425
base,mnli+qnli+sst2+record+imdb+squad_v2+hellaswag,7,cola,0.6581328008323908,0.8637553064950875
base,mnli+qnli+sst2+record+imdb+squad_v2+hellaswag,7,cb,0.7006773147732019,0.8863898659391063
base,mnli+qnli+sst2+record+imdb+squad_v2+hellaswag,7,scitail,0.7265077547303268,0.8872440012970141
base,mnli+qnli+sst2+record+imdb+squad_v2+hellaswag,7,stsb,0.5970214759664876,0.8476745342569691
base,mnli+qnli+sst2+record+imdb+squad_v2+hellaswag,7,cr,0.7557742084775653,0.902069056140525
base,mnli+qnli+sst2+record+imdb+squad_v2+hellaswag,7,rotten_tomatoes,0.7701815100652831,0.9055579373879092
base,mnli+qnli+sst2+record+imdb+squad_v2+hellaswag,7,multirc,0.6549349025424037,0.8622446930302041
base,mnli+qnli+sst2+record+imdb+squad_v2+hellaswag,7,copa,0.6225556505045721,0.8530141530292374
base,mnli+qnli+sst2+record+imdb+squad_v2+hellaswag,7,piqa,0.6758871373853513,0.8678232702825751
base,mnli+qnli+sst2+record+imdb+squad_v2+hellaswag+winogrande,8,mrpc,0.6617746214781489,0.8677167637007577
base,mnli+qnli+sst2+record+imdb+squad_v2+hellaswag+winogrande,8,boolq,0.6459667182394436,0.8600412724273545
base,mnli+qnli+sst2+record+imdb+squad_v2+hellaswag+winogrande,8,rte,0.7194710794304099,0.8907007101391043
base,mnli+qnli+sst2+record+imdb+squad_v2+hellaswag+winogrande,8,cola,0.6582634840160608,0.8637882125164781
base,mnli+qnli+sst2+record+imdb+squad_v2+hellaswag+winogrande,8,cb,0.7001164095210177,0.8861628494092396
base,mnli+qnli+sst2+record+imdb+squad_v2+hellaswag+winogrande,8,scitail,0.726083607812013,0.8870732193546635
base,mnli+qnli+sst2+record+imdb+squad_v2+hellaswag+winogrande,8,stsb,0.5975871051528624,0.8477572085601943
base,mnli+qnli+sst2+record+imdb+squad_v2+hellaswag+winogrande,8,cr,0.7555425329399961,0.901911733938115
base,mnli+qnli+sst2+record+imdb+squad_v2+hellaswag+winogrande,8,rotten_tomatoes,0.769663860223123,0.9053514908467021
base,mnli+qnli+sst2+record+imdb+squad_v2+hellaswag+winogrande,8,multirc,0.6551946183400494,0.862352328641074
base,mnli+qnli+sst2+record+imdb+squad_v2+hellaswag+winogrande,8,copa,0.628376358587827,0.855236142873764
base,mnli+qnli+sst2+record+imdb+squad_v2+hellaswag+winogrande,8,piqa,0.7018173336982727,0.8769264561789376
base,mnli+qnli+sst2+record+imdb+squad_v2+winogrande,7,mrpc,0.6606291593717677,0.867537969989436
base,mnli+qnli+sst2+record+imdb+squad_v2+winogrande,7,boolq,0.6452326247734683,0.8600254604326827
base,mnli+qnli+sst2+record+imdb+squad_v2+winogrande,7,rte,0.7180881162307092,0.8905596786311695
base,mnli+qnli+sst2+record+imdb+squad_v2+winogrande,7,cola,0.6569218412041664,0.8634191514658076
base,mnli+qnli+sst2+record+imdb+squad_v2+winogrande,7,cb,0.6976475790143013,0.8858139653291021
base,mnli+qnli+sst2+record+imdb+squad_v2+winogrande,7,scitail,0.725852368665593,0.8871504781501633
base,mnli+qnli+sst2+record+imdb+squad_v2+winogrande,7,stsb,0.5949605530393975,0.8475080108536142
base,mnli+qnli+sst2+record+imdb+squad_v2+winogrande,7,cr,0.7555750140122005,0.9021627455949783
base,mnli+qnli+sst2+record+imdb+squad_v2+winogrande,7,rotten_tomatoes,0.769971810813461,0.9056243699576173
base,mnli+qnli+sst2+record+imdb+squad_v2+winogrande,7,multirc,0.6541809621932251,0.8621993205909219
base,mnli+qnli+sst2+record+imdb+squad_v2+winogrande,7,copa,0.6232127358338663,0.8532464506902865
base,mnli+qnli+sst2+record+imdb+squad_v2+winogrande,7,piqa,0.6855785625853709,0.8710928545998675
base,mnli+qnli+sst2+record+imdb+winogrande,6,mrpc,0.6420953473342317,0.8674511627427169
base,mnli+qnli+sst2+record+imdb+winogrande,6,boolq,0.6244699272460171,0.859390531799623
base,mnli+qnli+sst2+record+imdb+winogrande,6,rte,0.7076482855315719,0.8931314828140395
base,mnli+qnli+sst2+record+imdb+winogrande,6,cola,0.6290142178269369,0.8614133040287665
base,mnli+qnli+sst2+record+imdb+winogrande,6,cb,0.6850561568779605,0.8887154385447502
base,mnli+qnli+sst2+record+imdb+winogrande,6,scitail,0.7157453801482916,0.8885828022445951
base,mnli+qnli+sst2+record+imdb+winogrande,6,stsb,0.5685575025023094,0.8467138941798892
base,mnli+qnli+sst2+record+imdb+winogrande,6,cr,0.7502119565116507,0.9051899920616832
base,mnli+qnli+sst2+record+imdb+winogrande,6,rotten_tomatoes,0.7661428720291171,0.9080419700060572
base,mnli+qnli+sst2+record+imdb+winogrande,6,multirc,0.6294858196218099,0.8605911305972508
base,mnli+qnli+sst2+record+imdb+winogrande,6,copa,0.5959610805979797,0.8521942884794304
base,mnli+qnli+sst2+record+imdb+winogrande,6,piqa,0.672006206586957,0.8719462023249694
base,mnli+qnli+sst2+record+paws,5,mrpc,0.6404803858271667,0.8672479572040694
base,mnli+qnli+sst2+record+paws,5,boolq,0.6857616938650608,0.8775500596633979
base,mnli+qnli+sst2+record+paws,5,rte,0.7056765582944665,0.8926635597433362
base,mnli+qnli+sst2+record+paws,5,cola,0.6270896946745259,0.8606260857943978
base,mnli+qnli+sst2+record+paws,5,cb,0.6756619595523391,0.8860891743430069
base,mnli+qnli+sst2+record+paws,5,scitail,0.7173201572149992,0.8890761057181018
base,mnli+qnli+sst2+record+paws,5,stsb,0.5689663286320865,0.8469374461897782
base,mnli+qnli+sst2+record+paws,5,cr,0.721576649961727,0.8954851600740638
base,mnli+qnli+sst2+record+paws,5,rotten_tomatoes,0.7394318093678781,0.8988377356103489
base,mnli+qnli+sst2+record+paws,5,multirc,0.6830480724040952,0.8767016149525132
base,mnli+qnli+sst2+record+paws,5,copa,0.5819893211924604,0.8480575324169227
base,mnli+qnli+sst2+record+paws,5,piqa,0.6106169096061161,0.8539344506072146
base,mnli+qnli+sst2+record+paws+hellaswag,6,mrpc,0.6432908310421875,0.8673563471862248
base,mnli+qnli+sst2+record+paws+hellaswag,6,boolq,0.6871851137174028,0.8774038305772203
base,mnli+qnli+sst2+record+paws+hellaswag,6,rte,0.7082204951771668,0.8928174073142665
base,mnli+qnli+sst2+record+paws+hellaswag,6,cola,0.6301903066092304,0.8610018635434764
base,mnli+qnli+sst2+record+paws+hellaswag,6,cb,0.6801794578454324,0.8866142093070916
base,mnli+qnli+sst2+record+paws+hellaswag,6,scitail,0.7182380841778857,0.8889080019933837
base,mnli+qnli+sst2+record+paws+hellaswag,6,stsb,0.5746696128376892,0.8473866326468331
base,mnli+qnli+sst2+record+paws+hellaswag,6,cr,0.7228111438453197,0.8953433191137654
base,mnli+qnli+sst2+record+paws+hellaswag,6,rotten_tomatoes,0.7400008876408849,0.8985372222959995
base,mnli+qnli+sst2+record+paws+hellaswag,6,multirc,0.6849287067140851,0.8768084828874895
base,mnli+qnli+sst2+record+paws+hellaswag,6,copa,0.592940894354667,0.8509273646133286
base,mnli+qnli+sst2+record+paws+hellaswag,6,piqa,0.6640387347766331,0.8692147894097226
base,mnli+qnli+sst2+record+paws+hellaswag+winogrande,7,mrpc,0.6441980563104153,0.8672407524926322
base,mnli+qnli+sst2+record+paws+hellaswag+winogrande,7,boolq,0.687621306894081,0.8774265947618655
base,mnli+qnli+sst2+record+paws+hellaswag+winogrande,7,rte,0.7080639872167792,0.8924360844705786
base,mnli+qnli+sst2+record+paws+hellaswag+winogrande,7,cola,0.6310995810532144,0.8610875524048295
base,mnli+qnli+sst2+record+paws+hellaswag+winogrande,7,cb,0.6802680944757802,0.886246702500752
base,mnli+qnli+sst2+record+paws+hellaswag+winogrande,7,scitail,0.7179073058068752,0.8886550454688924
base,mnli+qnli+sst2+record+paws+hellaswag+winogrande,7,stsb,0.5760255441335695,0.8474815048809562
base,mnli+qnli+sst2+record+paws+hellaswag+winogrande,7,cr,0.7232342998364142,0.895173657153334
base,mnli+qnli+sst2+record+paws+hellaswag+winogrande,7,rotten_tomatoes,0.73994062894157,0.898361975061042
base,mnli+qnli+sst2+record+paws+hellaswag+winogrande,7,multirc,0.6852326079138688,0.8767719569482973
base,mnli+qnli+sst2+record+paws+hellaswag+winogrande,7,copa,0.6019919982978276,0.8536600789853505
base,mnli+qnli+sst2+record+paws+hellaswag+winogrande,7,piqa,0.69337541423738,0.878517121342676
base,mnli+qnli+sst2+record+paws+imdb,6,mrpc,0.6424709688872099,0.8682435234742505
base,mnli+qnli+sst2+record+paws+imdb,6,boolq,0.6846945248544216,0.8777312450110912
base,mnli+qnli+sst2+record+paws+imdb,6,rte,0.7075473325593131,0.8936651380998748
base,mnli+qnli+sst2+record+paws+imdb,6,cola,0.6281535073316523,0.8615699506231717
base,mnli+qnli+sst2+record+paws+imdb,6,cb,0.6829783229955605,0.8886024276060718
base,mnli+qnli+sst2+record+paws+imdb,6,scitail,0.7164724330816951,0.8891987497253078
base,mnli+qnli+sst2+record+paws+imdb,6,stsb,0.5668962388964636,0.8470677680202893
base,mnli+qnli+sst2+record+paws+imdb,6,cr,0.7476069368422031,0.9048148952424526
base,mnli+qnli+sst2+record+paws+imdb,6,rotten_tomatoes,0.7646244019269943,0.9077938300158296
base,mnli+qnli+sst2+record+paws+imdb,6,multirc,0.6809647171092885,0.8766407128423452
base,mnli+qnli+sst2+record+paws+imdb,6,copa,0.5847266305770192,0.8490022521998201
base,mnli+qnli+sst2+record+paws+imdb,6,piqa,0.608894991289292,0.8539513064814466
base,mnli+qnli+sst2+record+paws+imdb+hellaswag,7,mrpc,0.6448371335864067,0.8682804379080024
base,mnli+qnli+sst2+record+paws+imdb+hellaswag,7,boolq,0.6860169329281364,0.8775553748543773
base,mnli+qnli+sst2+record+paws+imdb+hellaswag,7,rte,0.7096882962754795,0.8937830765332494
base,mnli+qnli+sst2+record+paws+imdb+hellaswag,7,cola,0.6311362428324563,0.8619272626404252
base,mnli+qnli+sst2+record+paws+imdb+hellaswag,7,cb,0.6866134335952145,0.888913955539465
base,mnli+qnli+sst2+record+paws+imdb+hellaswag,7,scitail,0.7172678975122315,0.889047129877976
base,mnli+qnli+sst2+record+paws+imdb+hellaswag,7,stsb,0.5722816392247166,0.8474713694304228
base,mnli+qnli+sst2+record+paws+imdb+hellaswag,7,cr,0.748211411227073,0.9045137278735638
base,mnli+qnli+sst2+record+paws+imdb+hellaswag,7,rotten_tomatoes,0.7647788133472204,0.9074429193777698
base,mnli+qnli+sst2+record+paws+imdb+hellaswag,7,multirc,0.6828133700681585,0.8767082693853548
base,mnli+qnli+sst2+record+paws+imdb+hellaswag,7,copa,0.594847162653293,0.8517436417085784
base,mnli+qnli+sst2+record+paws+imdb+hellaswag,7,piqa,0.6611009644610542,0.8691401031932661
base,mnli+qnli+sst2+record+paws+imdb+hellaswag+winogrande,8,mrpc,0.6457048585372311,0.8681857442217213
base,mnli+qnli+sst2+record+paws+imdb+hellaswag+winogrande,8,boolq,0.6865787072373288,0.8775430021009275
base,mnli+qnli+sst2+record+paws+imdb+hellaswag+winogrande,8,rte,0.709574273920485,0.8933990422104087
base,mnli+qnli+sst2+record+paws+imdb+hellaswag+winogrande,8,cola,0.6320368268394044,0.8620319371776921
base,mnli+qnli+sst2+record+paws+imdb+hellaswag+winogrande,8,cb,0.686457434669137,0.8885379289942128
base,mnli+qnli+sst2+record+paws+imdb+hellaswag+winogrande,8,scitail,0.7170668278953859,0.8887973794979709
base,mnli+qnli+sst2+record+paws+imdb+hellaswag+winogrande,8,stsb,0.5736888204036015,0.8475061737533126
base,mnli+qnli+sst2+record+paws+imdb+hellaswag+winogrande,8,cr,0.7481596272970948,0.9042634650000504
base,mnli+qnli+sst2+record+paws+imdb+hellaswag+winogrande,8,rotten_tomatoes,0.7644383385777473,0.9071870909205505
base,mnli+qnli+sst2+record+paws+imdb+hellaswag+winogrande,8,multirc,0.6831626852176019,0.8767029571213892
base,mnli+qnli+sst2+record+paws+imdb+hellaswag+winogrande,8,copa,0.6034476498940161,0.8544347794460398
base,mnli+qnli+sst2+record+paws+imdb+hellaswag+winogrande,8,piqa,0.6913966408797673,0.8784010822751692
base,mnli+qnli+sst2+record+paws+imdb+squad_v2,7,mrpc,0.6609693071139711,0.8682551729891982
base,mnli+qnli+sst2+record+paws+imdb+squad_v2,7,boolq,0.6965742896177939,0.8764126170426607
base,mnli+qnli+sst2+record+paws+imdb+squad_v2,7,rte,0.7184411811509303,0.8910896996302264
base,mnli+qnli+sst2+record+paws+imdb+squad_v2,7,cola,0.6561723133283002,0.8637723680585623
base,mnli+qnli+sst2+record+paws+imdb+squad_v2,7,cb,0.6960301260863032,0.8855785631707737
base,mnli+qnli+sst2+record+paws+imdb+squad_v2,7,scitail,0.7264426382524627,0.8876958534653697
base,mnli+qnli+sst2+record+paws+imdb+squad_v2,7,stsb,0.5934465345261353,0.8478212872786182
base,mnli+qnli+sst2+record+paws+imdb+squad_v2,7,cr,0.7532879428139755,0.9017865546047688
base,mnli+qnli+sst2+record+paws+imdb+squad_v2,7,rotten_tomatoes,0.7685240767896175,0.9053857890622956
base,mnli+qnli+sst2+record+paws+imdb+squad_v2,7,multirc,0.6985202700431857,0.8770053791148322
base,mnli+qnli+sst2+record+paws+imdb+squad_v2,7,copa,0.6148198497082505,0.8508261122873851
base,mnli+qnli+sst2+record+paws+imdb+squad_v2,7,piqa,0.6327729815883296,0.8549139076577765
base,mnli+qnli+sst2+record+paws+imdb+squad_v2+hellaswag,8,mrpc,0.6623162595289094,0.8683404656393188
base,mnli+qnli+sst2+record+paws+imdb+squad_v2+hellaswag,8,boolq,0.6973493548908404,0.8764214300151382
base,mnli+qnli+sst2+record+paws+imdb+squad_v2+hellaswag,8,rte,0.7198569221155984,0.8912985963480813
base,mnli+qnli+sst2+record+paws+imdb+squad_v2+hellaswag,8,cola,0.6577426910932574,0.8641358132341078
base,mnli+qnli+sst2+record+paws+imdb+squad_v2+hellaswag,8,cb,0.6986081004142761,0.885921129158565
base,mnli+qnli+sst2+record+paws+imdb+squad_v2+hellaswag,8,scitail,0.7268076432602746,0.8876080475747585
base,mnli+qnli+sst2+record+paws+imdb+squad_v2+hellaswag,8,stsb,0.5969286203118307,0.8480978413884129
base,mnli+qnli+sst2+record+paws+imdb+squad_v2+hellaswag,8,cr,0.7535057738423347,0.9015966366444316
base,mnli+qnli+sst2+record+paws+imdb+squad_v2+hellaswag,8,rotten_tomatoes,0.7684207460177797,0.905114551207849
base,mnli+qnli+sst2+record+paws+imdb+squad_v2+hellaswag,8,multirc,0.6994276797132832,0.8770640495100192
base,mnli+qnli+sst2+record+paws+imdb+squad_v2+hellaswag,8,copa,0.6217843767787729,0.8530282740082059
base,mnli+qnli+sst2+record+paws+imdb+squad_v2+hellaswag,8,piqa,0.6756062826939991,0.8680133053234645
base,mnli+qnli+sst2+record+paws+imdb+squad_v2+hellaswag+winogrande,9,mrpc,0.662513670910682,0.8682696915098599
base,mnli+qnli+sst2+record+paws+imdb+squad_v2+hellaswag+winogrande,9,boolq,0.6975327041000128,0.8764276334217617
base,mnli+qnli+sst2+record+paws+imdb+squad_v2+hellaswag+winogrande,9,rte,0.7191646617970296,0.890966320676463
base,mnli+qnli+sst2+record+paws+imdb+squad_v2+hellaswag+winogrande,9,cola,0.657884830608964,0.8640954137912819
base,mnli+qnli+sst2+record+paws+imdb+squad_v2+hellaswag+winogrande,9,cb,0.698064390037741,0.8856487348675728
base,mnli+qnli+sst2+record+paws+imdb+squad_v2+hellaswag+winogrande,9,scitail,0.7263719945081643,0.8874650850359883
base,mnli+qnli+sst2+record+paws+imdb+squad_v2+hellaswag+winogrande,9,stsb,0.5973277134554726,0.8482684721904141
base,mnli+qnli+sst2+record+paws+imdb+squad_v2+hellaswag+winogrande,9,cr,0.7533135052238192,0.9014325557010514
base,mnli+qnli+sst2+record+paws+imdb+squad_v2+hellaswag+winogrande,9,rotten_tomatoes,0.7679731787315437,0.9049446449748108
base,mnli+qnli+sst2+record+paws+imdb+squad_v2+hellaswag+winogrande,9,multirc,0.6992783974856138,0.8770161946969373
base,mnli+qnli+sst2+record+paws+imdb+squad_v2+hellaswag+winogrande,9,copa,0.6272859440318176,0.8552245771778482
base,mnli+qnli+sst2+record+paws+imdb+squad_v2+hellaswag+winogrande,9,piqa,0.7013279271445104,0.877071765650596
base,mnli+qnli+sst2+record+paws+imdb+squad_v2+winogrande,8,mrpc,0.6615322019372668,0.8682147370917457
base,mnli+qnli+sst2+record+paws+imdb+squad_v2+winogrande,8,boolq,0.697198863540377,0.8765506712453706
base,mnli+qnli+sst2+record+paws+imdb+squad_v2+winogrande,8,rte,0.7180544739323003,0.8908697489116874
base,mnli+qnli+sst2+record+paws+imdb+squad_v2+winogrande,8,cola,0.6567298413387367,0.8637566092823233
base,mnli+qnli+sst2+record+paws+imdb+squad_v2+winogrande,8,cb,0.6957927857126508,0.8853423547531877
base,mnli+qnli+sst2+record+paws+imdb+squad_v2+winogrande,8,scitail,0.7262649059827838,0.8875410173620496
base,mnli+qnli+sst2+record+paws+imdb+squad_v2+winogrande,8,stsb,0.5949564653315714,0.8480027773018394
base,mnli+qnli+sst2+record+paws+imdb+squad_v2+winogrande,8,cr,0.7533499971032143,0.9016549805445331
base,mnli+qnli+sst2+record+paws+imdb+squad_v2+winogrande,8,rotten_tomatoes,0.7682224788836071,0.9052012131682464
base,mnli+qnli+sst2+record+paws+imdb+squad_v2+winogrande,8,multirc,0.6986208278685808,0.8769907969981432
base,mnli+qnli+sst2+record+paws+imdb+squad_v2+winogrande,8,copa,0.622499853638666,0.8534010648727417
base,mnli+qnli+sst2+record+paws+imdb+squad_v2+winogrande,8,piqa,0.6855628567614725,0.8713353465178183
base,mnli+qnli+sst2+record+paws+imdb+winogrande,7,mrpc,0.6440696170819658,0.8681384756096772
base,mnli+qnli+sst2+record+paws+imdb+winogrande,7,boolq,0.6857662435088839,0.8777449311954635
base,mnli+qnli+sst2+record+paws+imdb+winogrande,7,rte,0.7078401691147259,0.8933460845478943
base,mnli+qnli+sst2+record+paws+imdb+winogrande,7,cola,0.629658515032913,0.8616861243333135
base,mnli+qnli+sst2+record+paws+imdb+winogrande,7,cb,0.6835068573376962,0.8882089262562138
base,mnli+qnli+sst2+record+paws+imdb+winogrande,7,scitail,0.7164846499051366,0.8889400251209736
base,mnli+qnli+sst2+record+paws+imdb+winogrande,7,stsb,0.5697572644400809,0.8472084421664476
base,mnli+qnli+sst2+record+paws+imdb+winogrande,7,cr,0.7478586291628224,0.9045362318200725
base,mnli+qnli+sst2+record+paws+imdb+winogrande,7,rotten_tomatoes,0.7644630875438452,0.9075445266706603
base,mnli+qnli+sst2+record+paws+imdb+winogrande,7,multirc,0.6818075148122651,0.8766861313155719
base,mnli+qnli+sst2+record+paws+imdb+winogrande,7,copa,0.5961799746645349,0.8523854251418795
base,mnli+qnli+sst2+record+paws+imdb+winogrande,7,piqa,0.6724877485207149,0.8722372172134263
base,mnli+qnli+sst2+record+paws+squad_v2,6,mrpc,0.6598288595144238,0.867185360619
base,mnli+qnli+sst2+record+paws+squad_v2,6,boolq,0.6974515481186765,0.8762501765574727
base,mnli+qnli+sst2+record+paws+squad_v2,6,rte,0.7166618380163398,0.8899762385657856
base,mnli+qnli+sst2+record+paws+squad_v2,6,cola,0.6557660927729947,0.8628409305321318
base,mnli+qnli+sst2+record+paws+squad_v2,6,cb,0.6898641905614308,0.8831220114869731
base,mnli+qnli+sst2+record+paws+squad_v2,6,scitail,0.727228384198887,0.8875167415078197
base,mnli+qnli+sst2+record+paws+squad_v2,6,stsb,0.5959446329091277,0.8477003752653088
base,mnli+qnli+sst2+record+paws+squad_v2,6,cr,0.7301190130944762,0.8924556651285717
base,mnli+qnli+sst2+record+paws+squad_v2,6,rotten_tomatoes,0.7452734844493014,0.8962827910270009
base,mnli+qnli+sst2+record+paws+squad_v2,6,multirc,0.7001761054354054,0.8770697973668575
base,mnli+qnli+sst2+record+paws+squad_v2,6,copa,0.6143535801342556,0.849981260352901
base,mnli+qnli+sst2+record+paws+squad_v2,6,piqa,0.634866349665182,0.8548667377659253
base,mnli+qnli+sst2+record+paws+squad_v2+hellaswag,7,mrpc,0.6614531917231423,0.8673332104725497
base,mnli+qnli+sst2+record+paws+squad_v2+hellaswag,7,boolq,0.6983248532882759,0.8762608822435141
base,mnli+qnli+sst2+record+paws+squad_v2+hellaswag,7,rte,0.7183202337473631,0.8902582834873881
base,mnli+qnli+sst2+record+paws+squad_v2+hellaswag,7,cola,0.6575116821165595,0.863269283835377
base,mnli+qnli+sst2+record+paws+squad_v2+hellaswag,7,cb,0.6929537182939904,0.8836352740015302
base,mnli+qnli+sst2+record+paws+squad_v2+hellaswag,7,scitail,0.7276501857808658,0.8874444123357534
base,mnli+qnli+sst2+record+paws+squad_v2+hellaswag,7,stsb,0.5993710621925337,0.8480087321783815
base,mnli+qnli+sst2+record+paws+squad_v2+hellaswag,7,cr,0.730858330747911,0.8923850990831852
base,mnli+qnli+sst2+record+paws+squad_v2+hellaswag,7,rotten_tomatoes,0.7455047267888274,0.8960756020886558
base,mnli+qnli+sst2+record+paws+squad_v2+hellaswag,7,multirc,0.7011538706719875,0.8770969786814281
base,mnli+qnli+sst2+record+paws+squad_v2+hellaswag,7,copa,0.621403898245522,0.8522750735282898
base,mnli+qnli+sst2+record+paws+squad_v2+hellaswag,7,piqa,0.6775711724268538,0.8680625140134778
base,mnli+qnli+sst2+record+paws+squad_v2+hellaswag+winogrande,8,mrpc,0.6616151327533382,0.8673165094639573
base,mnli+qnli+sst2+record+paws+squad_v2+hellaswag+winogrande,8,boolq,0.6983988689524787,0.8763064364237445
base,mnli+qnli+sst2+record+paws+squad_v2+hellaswag+winogrande,8,rte,0.7177308034151793,0.889957608389003
base,mnli+qnli+sst2+record+paws+squad_v2+hellaswag+winogrande,8,cola,0.6575973837503365,0.8632371683738062
base,mnli+qnli+sst2+record+paws+squad_v2+hellaswag+winogrande,8,cb,0.6925186190221991,0.88344610322799
base,mnli+qnli+sst2+record+paws+squad_v2+hellaswag+winogrande,8,scitail,0.7271544116416148,0.8872767042900834
base,mnli+qnli+sst2+record+paws+squad_v2+hellaswag+winogrande,8,stsb,0.5997549558856657,0.8481780338500228
base,mnli+qnli+sst2+record+paws+squad_v2+hellaswag+winogrande,8,cr,0.7309824909482684,0.8923230442617621
base,mnli+qnli+sst2+record+paws+squad_v2+hellaswag+winogrande,8,rotten_tomatoes,0.745284751323717,0.8960189377622945
base,mnli+qnli+sst2+record+paws+squad_v2+hellaswag+winogrande,8,multirc,0.7009667261902776,0.8770789775465216
base,mnli+qnli+sst2+record+paws+squad_v2+hellaswag+winogrande,8,copa,0.6269283755017179,0.8545214674834695
base,mnli+qnli+sst2+record+paws+squad_v2+hellaswag+winogrande,8,piqa,0.7031349252377238,0.8771239582981382
base,mnli+qnli+sst2+record+paws+squad_v2+winogrande,7,mrpc,0.6605105988149133,0.8671751272465501
base,mnli+qnli+sst2+record+paws+squad_v2+winogrande,7,boolq,0.6980692084346499,0.8763661725180489
base,mnli+qnli+sst2+record+paws+squad_v2+winogrande,7,rte,0.7164108758526189,0.8897643169122083
base,mnli+qnli+sst2+record+paws+squad_v2+winogrande,7,cola,0.6563342168395009,0.8628082812896797
base,mnli+qnli+sst2+record+paws+squad_v2+winogrande,7,cb,0.6898196464670556,0.8829645908304623
base,mnli+qnli+sst2+record+paws+squad_v2+winogrande,7,scitail,0.7269450764038733,0.8873631549733025
base,mnli+qnli+sst2+record+paws+squad_v2+winogrande,7,stsb,0.5974515162940536,0.847922773499574
base,mnli+qnli+sst2+record+paws+squad_v2+winogrande,7,cr,0.730638895715986,0.8923737901662078
base,mnli+qnli+sst2+record+paws+squad_v2+winogrande,7,rotten_tomatoes,0.7453740587724107,0.8961943302835736
base,mnli+qnli+sst2+record+paws+squad_v2+winogrande,7,multirc,0.7003415953367949,0.8770282037023988
base,mnli+qnli+sst2+record+paws+squad_v2+winogrande,7,copa,0.6222608446010521,0.8526041989347765
base,mnli+qnli+sst2+record+paws+squad_v2+winogrande,7,piqa,0.6872426236846617,0.8713473052318607
base,mnli+qnli+sst2+record+paws+winogrande,6,mrpc,0.6422691049852541,0.8671234803540366
base,mnli+qnli+sst2+record+paws+winogrande,6,boolq,0.6868469824216196,0.87758962623775
base,mnli+qnli+sst2+record+paws+winogrande,6,rte,0.7060589377901384,0.892285802002464
base,mnli+qnli+sst2+record+paws+winogrande,6,cola,0.6287932952067682,0.8607693673776728
base,mnli+qnli+sst2+record+paws+winogrande,6,cb,0.6765996433262315,0.8857716359198093
base,mnli+qnli+sst2+record+paws+winogrande,6,scitail,0.7173275157277074,0.888822424092463
base,mnli+qnli+sst2+record+paws+winogrande,6,stsb,0.5719930816308728,0.847113805689982
base,mnli+qnli+sst2+record+paws+winogrande,6,cr,0.7226063321743693,0.8953103673245225
base,mnli+qnli+sst2+record+paws+winogrande,6,rotten_tomatoes,0.7397036230457681,0.8986518622509071
base,mnli+qnli+sst2+record+paws+winogrande,6,multirc,0.6839401043419328,0.8767124515558992
base,mnli+qnli+sst2+record+paws+winogrande,6,copa,0.594421772552388,0.8515209185757807
base,mnli+qnli+sst2+record+paws+winogrande,6,piqa,0.6746424146528754,0.8722810875624418
base,mnli+qnli+sst2+record+snli,5,mrpc,0.590872666732009,0.8654060401022434
base,mnli+qnli+sst2+record+snli,5,boolq,0.5784071817594979,0.8575095648744276
base,mnli+qnli+sst2+record+snli,5,rte,0.658476700474109,0.8915167520088809
base,mnli+qnli+sst2+record+snli,5,cola,0.5873704853999827,0.8600085925843034
base,mnli+qnli+sst2+record+snli,5,cb,0.6421857204820428,0.8919713108667305
base,mnli+qnli+sst2+record+snli,5,scitail,0.690583037212491,0.8898843577397721
base,mnli+qnli+sst2+record+snli,5,stsb,0.527219241185646,0.846412547997066
base,mnli+qnli+sst2+record+snli,5,cr,0.666109681728163,0.892646422875779
base,mnli+qnli+sst2+record+snli,5,rotten_tomatoes,0.6863989514697876,0.8961590720074517
base,mnli+qnli+sst2+record+snli,5,multirc,0.5899641854422433,0.859678475718413
base,mnli+qnli+sst2+record+snli,5,copa,0.5317908117015447,0.8464509999113423
base,mnli+qnli+sst2+record+snli,5,piqa,0.5705955928923296,0.8536118287593126
base,mnli+qnli+sst2+record+snli+anli_r1,6,mrpc,0.5939415673326168,0.8666773848235607
base,mnli+qnli+sst2+record+snli+anli_r1,6,boolq,0.5774824299317386,0.8577569951968533
base,mnli+qnli+sst2+record+snli+anli_r1,6,rte,0.6666045987180301,0.8947021955890315
base,mnli+qnli+sst2+record+snli+anli_r1,6,cola,0.5879964290985039,0.860488195504461
base,mnli+qnli+sst2+record+snli+anli_r1,6,cb,0.6691675670444965,0.9013798252812454
base,mnli+qnli+sst2+record+snli+anli_r1,6,scitail,0.6961616950907877,0.8918436579406261
base,mnli+qnli+sst2+record+snli+anli_r1,6,stsb,0.5253552497098488,0.8465787430426904
base,mnli+qnli+sst2+record+snli+anli_r1,6,cr,0.6652476123001959,0.8931313093219485
base,mnli+qnli+sst2+record+snli+anli_r1,6,rotten_tomatoes,0.6833977183060986,0.8962863731597152
base,mnli+qnli+sst2+record+snli+anli_r1,6,multirc,0.5881635680395577,0.8598475424306733
base,mnli+qnli+sst2+record+snli+anli_r1,6,copa,0.5318495597956436,0.8468855230935982
base,mnli+qnli+sst2+record+snli+anli_r1,6,piqa,0.5687755891121924,0.8536636810749769
base,mnli+qnli+sst2+record+snli+anli_r1+hellaswag,7,mrpc,0.5977507070638239,0.8668806148426873
base,mnli+qnli+sst2+record+snli+anli_r1+hellaswag,7,boolq,0.5811966799997857,0.8580034766346216
base,mnli+qnli+sst2+record+snli+anli_r1+hellaswag,7,rte,0.6705665689493928,0.8947779275476933
base,mnli+qnli+sst2+record+snli+anli_r1+hellaswag,7,cola,0.5915037154086998,0.8607561314212424
base,mnli+qnli+sst2+record+snli+anli_r1+hellaswag,7,cb,0.6753555302109037,0.901504856135164
base,mnli+qnli+sst2+record+snli+anli_r1+hellaswag,7,scitail,0.6986186656036547,0.8917469494044781
base,mnli+qnli+sst2+record+snli+anli_r1+hellaswag,7,stsb,0.5292171002033034,0.8469878874186959
base,mnli+qnli+sst2+record+snli+anli_r1+hellaswag,7,cr,0.6684788668395153,0.8930520159857613
base,mnli+qnli+sst2+record+snli+anli_r1+hellaswag,7,rotten_tomatoes,0.6856863160085466,0.8961676343211106
base,mnli+qnli+sst2+record+snli+anli_r1+hellaswag,7,multirc,0.5915463574097625,0.8601218858467681
base,mnli+qnli+sst2+record+snli+anli_r1+hellaswag,7,copa,0.5400066305883229,0.8494831704135452
base,mnli+qnli+sst2+record+snli+anli_r1+hellaswag,7,piqa,0.6014835129358939,0.8680723405310086
base,mnli+qnli+sst2+record+snli+anli_r1+hellaswag+winogrande,8,mrpc,0.601056941319257,0.8668499392058168
base,mnli+qnli+sst2+record+snli+anli_r1+hellaswag+winogrande,8,boolq,0.585184314354722,0.8582294921257666
base,mnli+qnli+sst2+record+snli+anli_r1+hellaswag+winogrande,8,rte,0.6725830462362085,0.8945236812744822
base,mnli+qnli+sst2+record+snli+anli_r1+hellaswag+winogrande,8,cola,0.5942984331798341,0.8609381445816585
base,mnli+qnli+sst2+record+snli+anli_r1+hellaswag+winogrande,8,cb,0.6772992523120982,0.9012007798467364
base,mnli+qnli+sst2+record+snli+anli_r1+hellaswag+winogrande,8,scitail,0.6996298171579838,0.8916475754231215
base,mnli+qnli+sst2+record+snli+anli_r1+hellaswag+winogrande,8,stsb,0.53223802787917,0.8471598952476468
base,mnli+qnli+sst2+record+snli+anli_r1+hellaswag+winogrande,8,cr,0.6730416915379465,0.8930247388780117
base,mnli+qnli+sst2+record+snli+anli_r1+hellaswag+winogrande,8,rotten_tomatoes,0.6897464216952878,0.8960750305226871
base,mnli+qnli+sst2+record+snli+anli_r1+hellaswag+winogrande,8,multirc,0.5943587674493236,0.860312858330352
base,mnli+qnli+sst2+record+snli+anli_r1+hellaswag+winogrande,8,copa,0.5504896884917149,0.8521678950637579
base,mnli+qnli+sst2+record+snli+anli_r1+hellaswag+winogrande,8,piqa,0.6391630212310702,0.8773138336837292
base,mnli+qnli+sst2+record+snli+anli_r1+imdb,7,mrpc,0.5967963568067977,0.867609120373215
base,mnli+qnli+sst2+record+snli+anli_r1+imdb,7,boolq,0.5797016357204744,0.8580507133156061
base,mnli+qnli+sst2+record+snli+anli_r1+imdb,7,rte,0.6698752380907536,0.8953959228737014
base,mnli+qnli+sst2+record+snli+anli_r1+imdb,7,cola,0.5912077138865632,0.861329251368131
base,mnli+qnli+sst2+record+snli+anli_r1+imdb,7,cb,0.6767971701920033,0.9027994961610862
base,mnli+qnli+sst2+record+snli+anli_r1+imdb,7,scitail,0.6969424986413547,0.8919335651610579
base,mnli+qnli+sst2+record+snli+anli_r1+imdb,7,stsb,0.526095149340108,0.8466004606868539
base,mnli+qnli+sst2+record+snli+anli_r1+imdb,7,cr,0.6983161102315145,0.9016983237649713
base,mnli+qnli+sst2+record+snli+anli_r1+imdb,7,rotten_tomatoes,0.7193796062575919,0.9050570832831519
base,mnli+qnli+sst2+record+snli+anli_r1+imdb,7,multirc,0.5885866134028349,0.8599130995571613
base,mnli+qnli+sst2+record+snli+anli_r1+imdb,7,copa,0.5370367955682533,0.8478147903723376
base,mnli+qnli+sst2+record+snli+anli_r1+imdb,7,piqa,0.5693617921788245,0.8537908193788358
base,mnli+qnli+sst2+record+snli+anli_r1+imdb+hellaswag,8,mrpc,0.6003326252102852,0.8677367089050156
base,mnli+qnli+sst2+record+snli+anli_r1+imdb+hellaswag,8,boolq,0.5828979283438197,0.8582464406000716
base,mnli+qnli+sst2+record+snli+anli_r1+imdb+hellaswag,8,rte,0.6732842360756227,0.8954476804605552
base,mnli+qnli+sst2+record+snli+anli_r1+imdb+hellaswag,8,cola,0.594317694460707,0.8615719912839788
base,mnli+qnli+sst2+record+snli+anli_r1+imdb+hellaswag,8,cb,0.681460276512163,0.9028617697102683
base,mnli+qnli+sst2+record+snli+anli_r1+imdb+hellaswag,8,scitail,0.6984206736087799,0.8918442805962903
base,mnli+qnli+sst2+record+snli+anli_r1+imdb+hellaswag,8,stsb,0.5296129868698439,0.8470657590244498
base,mnli+qnli+sst2+record+snli+anli_r1+imdb+hellaswag,8,cr,0.7012621641957334,0.9015143699944019
base,mnli+qnli+sst2+record+snli+anli_r1+imdb+hellaswag,8,rotten_tomatoes,0.7217712339812091,0.9048614081527505
base,mnli+qnli+sst2+record+snli+anli_r1+imdb+hellaswag,8,multirc,0.5916954030149749,0.8601640295237303
base,mnli+qnli+sst2+record+snli+anli_r1+imdb+hellaswag,8,copa,0.5448064436869962,0.8503284736403397
base,mnli+qnli+sst2+record+snli+anli_r1+imdb+hellaswag,8,piqa,0.6014705970550754,0.8680711508329425
base,mnli+qnli+sst2+record+snli+anli_r1+imdb+hellaswag+winogrande,9,mrpc,0.6037990231333035,0.8677290816392217
base,mnli+qnli+sst2+record+snli+anli_r1+imdb+hellaswag+winogrande,9,boolq,0.5864640675219042,0.8584761574332204
base,mnli+qnli+sst2+record+snli+anli_r1+imdb+hellaswag+winogrande,9,rte,0.6748908412243638,0.8951862225575107
base,mnli+qnli+sst2+record+snli+anli_r1+imdb+hellaswag+winogrande,9,cola,0.5968756830718901,0.8616815621831587
base,mnli+qnli+sst2+record+snli+anli_r1+imdb+hellaswag+winogrande,9,cb,0.683023736413036,0.9025128281542233
base,mnli+qnli+sst2+record+snli+anli_r1+imdb+hellaswag+winogrande,9,scitail,0.6995920376586062,0.8917461237204927
base,mnli+qnli+sst2+record+snli+anli_r1+imdb+hellaswag+winogrande,9,stsb,0.5325423826663089,0.8472095895558596
base,mnli+qnli+sst2+record+snli+anli_r1+imdb+hellaswag+winogrande,9,cr,0.7030166193975934,0.9013714236872536
base,mnli+qnli+sst2+record+snli+anli_r1+imdb+hellaswag+winogrande,9,rotten_tomatoes,0.7226769604853222,0.9046864514904362
base,mnli+qnli+sst2+record+snli+anli_r1+imdb+hellaswag+winogrande,9,multirc,0.5943744762002358,0.860352899613125
base,mnli+qnli+sst2+record+snli+anli_r1+imdb+hellaswag+winogrande,9,copa,0.5543264614950333,0.8529238501297576
base,mnli+qnli+sst2+record+snli+anli_r1+imdb+hellaswag+winogrande,9,piqa,0.6385327062037375,0.8772675828742129
base,mnli+qnli+sst2+record+snli+anli_r1+imdb+squad_v2,8,mrpc,0.6233899010611432,0.8679652230015823
base,mnli+qnli+sst2+record+snli+anli_r1+imdb+squad_v2,8,boolq,0.6022768021960344,0.8588349569056716
base,mnli+qnli+sst2+record+snli+anli_r1+imdb+squad_v2,8,rte,0.6926601664828402,0.893427312374115
base,mnli+qnli+sst2+record+snli+anli_r1+imdb+squad_v2,8,cola,0.616505827754736,0.8636570216289589
base,mnli+qnli+sst2+record+snli+anli_r1+imdb+squad_v2,8,cb,0.6976923040513482,0.90054890992386
base,mnli+qnli+sst2+record+snli+anli_r1+imdb+squad_v2,8,scitail,0.7110396179237536,0.8907470027250903
base,mnli+qnli+sst2+record+snli+anli_r1+imdb+squad_v2,8,stsb,0.5500030543522111,0.8475465801145349
base,mnli+qnli+sst2+record+snli+anli_r1+imdb+squad_v2,8,cr,0.7202896925487688,0.899319910045181
base,mnli+qnli+sst2+record+snli+anli_r1+imdb+squad_v2,8,rotten_tomatoes,0.7385097090154886,0.9030923987073558
base,mnli+qnli+sst2+record+snli+anli_r1+imdb+squad_v2,8,multirc,0.6140398849467081,0.8614371581269162
base,mnli+qnli+sst2+record+snli+anli_r1+imdb+squad_v2,8,copa,0.5687953994077232,0.8496676090040377
base,mnli+qnli+sst2+record+snli+anli_r1+imdb+squad_v2,8,piqa,0.5936969679647258,0.854856978569712
base,mnli+qnli+sst2+record+snli+anli_r1+imdb+squad_v2+hellaswag,9,mrpc,0.6256304364651442,0.8681331910192966
base,mnli+qnli+sst2+record+snli+anli_r1+imdb+squad_v2+hellaswag,9,boolq,0.6043587426788041,0.8589645972741502
base,mnli+qnli+sst2+record+snli+anli_r1+imdb+squad_v2+hellaswag,9,rte,0.6947143663253103,0.8935785575636795
base,mnli+qnli+sst2+record+snli+anli_r1+imdb+squad_v2+hellaswag,9,cola,0.6185548293537327,0.8638479254607644
base,mnli+qnli+sst2+record+snli+anli_r1+imdb+squad_v2+hellaswag,9,cb,0.7007587384432554,0.9006426738841193
base,mnli+qnli+sst2+record+snli+anli_r1+imdb+squad_v2+hellaswag,9,scitail,0.7121102479951722,0.8907328854714122
base,mnli+qnli+sst2+record+snli+anli_r1+imdb+squad_v2+hellaswag,9,stsb,0.5529696156403848,0.8478806119944368
base,mnli+qnli+sst2+record+snli+anli_r1+imdb+squad_v2+hellaswag,9,cr,0.7212893622262138,0.8992225490510464
base,mnli+qnli+sst2+record+snli+anli_r1+imdb+squad_v2+hellaswag,9,rotten_tomatoes,0.7390089631080627,0.9029239873800959
base,mnli+qnli+sst2+record+snli+anli_r1+imdb+squad_v2+hellaswag,9,multirc,0.6160752400090652,0.861611684518201
base,mnli+qnli+sst2+record+snli+anli_r1+imdb+squad_v2+hellaswag,9,copa,0.5753468511892217,0.8517762028745243
base,mnli+qnli+sst2+record+snli+anli_r1+imdb+squad_v2+hellaswag,9,piqa,0.6268442316379931,0.867264825584633
base,mnli+qnli+sst2+record+snli+anli_r1+imdb+squad_v2+hellaswag+winogrande,10,mrpc,0.6277396293090922,0.8681360573640892
base,mnli+qnli+sst2+record+snli+anli_r1+imdb+squad_v2+hellaswag+winogrande,10,boolq,0.6073190121512327,0.8591566240148885
base,mnli+qnli+sst2+record+snli+anli_r1+imdb+squad_v2+hellaswag+winogrande,10,rte,0.6956742001431329,0.8933887646666595
base,mnli+qnli+sst2+record+snli+anli_r1+imdb+squad_v2+hellaswag+winogrande,10,cola,0.6204205869830081,0.8639437731887613
base,mnli+qnli+sst2+record+snli+anli_r1+imdb+squad_v2+hellaswag+winogrande,10,cb,0.7022989208676985,0.9003453579332147
base,mnli+qnli+sst2+record+snli+anli_r1+imdb+squad_v2+hellaswag+winogrande,10,scitail,0.7122764810919762,0.8906457996261972
base,mnli+qnli+sst2+record+snli+anli_r1+imdb+squad_v2+hellaswag+winogrande,10,stsb,0.555264938489667,0.8479632229677269
base,mnli+qnli+sst2+record+snli+anli_r1+imdb+squad_v2+hellaswag+winogrande,10,cr,0.722142906593425,0.899172558848347
base,mnli+qnli+sst2+record+snli+anli_r1+imdb+squad_v2+hellaswag+winogrande,10,rotten_tomatoes,0.7393639231366771,0.9028012417256832
base,mnli+qnli+sst2+record+snli+anli_r1+imdb+squad_v2+hellaswag+winogrande,10,multirc,0.6179566771856376,0.861723047814199
base,mnli+qnli+sst2+record+snli+anli_r1+imdb+squad_v2+hellaswag+winogrande,10,copa,0.5842896081241113,0.8539240974932909
base,mnli+qnli+sst2+record+snli+anli_r1+imdb+squad_v2+hellaswag+winogrande,10,piqa,0.6653304299605745,0.8763290819312844
base,mnli+qnli+sst2+record+snli+anli_r1+imdb+squad_v2+winogrande,9,mrpc,0.6252789510680097,0.8680173270404339
base,mnli+qnli+sst2+record+snli+anli_r1+imdb+squad_v2+winogrande,9,boolq,0.605067548075957,0.8590368240007332
base,mnli+qnli+sst2+record+snli+anli_r1+imdb+squad_v2+winogrande,9,rte,0.693566218284624,0.893255106572594
base,mnli+qnli+sst2+record+snli+anli_r1+imdb+squad_v2+winogrande,9,cola,0.6182874450460076,0.8636926409921476
base,mnli+qnli+sst2+record+snli+anli_r1+imdb+squad_v2+winogrande,9,cb,0.6987600270658731,0.9002855590411595
base,mnli+qnli+sst2+record+snli+anli_r1+imdb+squad_v2+winogrande,9,scitail,0.7117068059742451,0.8907032582376685
base,mnli+qnli+sst2+record+snli+anli_r1+imdb+squad_v2+winogrande,9,stsb,0.5526142069803817,0.8476856569094318
base,mnli+qnli+sst2+record+snli+anli_r1+imdb+squad_v2+winogrande,9,cr,0.7214850493307624,0.8992595683251109
base,mnli+qnli+sst2+record+snli+anli_r1+imdb+squad_v2+winogrande,9,rotten_tomatoes,0.739118362643889,0.9029805798615728
base,mnli+qnli+sst2+record+snli+anli_r1+imdb+squad_v2+winogrande,9,multirc,0.6161292068926352,0.8615667766758374
base,mnli+qnli+sst2+record+snli+anli_r1+imdb+squad_v2+winogrande,9,copa,0.5770394742222769,0.8522435828511205
base,mnli+qnli+sst2+record+snli+anli_r1+imdb+squad_v2+winogrande,9,piqa,0.6443632138626916,0.8710548279008695
base,mnli+qnli+sst2+record+snli+anli_r1+imdb+winogrande,8,mrpc,0.6010913753749004,0.8676472077412265
base,mnli+qnli+sst2+record+snli+anli_r1+imdb+winogrande,8,boolq,0.5841605838255158,0.8583645277789661
base,mnli+qnli+sst2+record+snli+anli_r1+imdb+winogrande,8,rte,0.672503084476505,0.8951361189995494
base,mnli+qnli+sst2+record+snli+anli_r1+imdb+winogrande,8,cola,0.5943579828100545,0.8614521800939526
base,mnli+qnli+sst2+record+snli+anli_r1+imdb+winogrande,8,cb,0.679546406758683,0.9024421301271234
base,mnli+qnli+sst2+record+snli+anli_r1+imdb+winogrande,8,scitail,0.698325626552105,0.8918172474950552
base,mnli+qnli+sst2+record+snli+anli_r1+imdb+winogrande,8,stsb,0.529831944000242,0.8469100607825177
base,mnli+qnli+sst2+record+snli+anli_r1+imdb+winogrande,8,cr,0.7017988287178534,0.9015919752418995
base,mnli+qnli+sst2+record+snli+anli_r1+imdb+winogrande,8,rotten_tomatoes,0.7220697207376361,0.904915032110044
base,mnli+qnli+sst2+record+snli+anli_r1+imdb+winogrande,8,multirc,0.5920316812116653,0.8600921678755965
base,mnli+qnli+sst2+record+snli+anli_r1+imdb+winogrande,8,copa,0.5469566527754068,0.8510567505976984
base,mnli+qnli+sst2+record+snli+anli_r1+imdb+winogrande,8,piqa,0.616504956668775,0.8716025756938117
base,mnli+qnli+sst2+record+snli+anli_r1+paws,7,mrpc,0.5979696808915053,0.8672707086162907
base,mnli+qnli+sst2+record+snli+anli_r1+paws,7,boolq,0.6254046203435532,0.8757713386522872
base,mnli+qnli+sst2+record+snli+anli_r1+paws,7,rte,0.669469758069941,0.8948200637740749
base,mnli+qnli+sst2+record+snli+anli_r1+paws,7,cola,0.5904344330940928,0.8607709652611187
base,mnli+qnli+sst2+record+snli+anli_r1+paws,7,cb,0.6705011297017336,0.9007584505847522
base,mnli+qnli+sst2+record+snli+anli_r1+paws,7,scitail,0.6988024876586029,0.892109426004546
base,mnli+qnli+sst2+record+snli+anli_r1+paws,7,stsb,0.5280068430251309,0.8470077219286135
base,mnli+qnli+sst2+record+snli+anli_r1+paws,7,cr,0.666497432826353,0.8927447716040271
base,mnli+qnli+sst2+record+snli+anli_r1+paws,7,rotten_tomatoes,0.6848038880686674,0.8960008956491947
base,mnli+qnli+sst2+record+snli+anli_r1+paws,7,multirc,0.6245708019206566,0.8756070083805493
base,mnli+qnli+sst2+record+snli+anli_r1+paws,7,copa,0.5344129752234689,0.8473540036273854
base,mnli+qnli+sst2+record+snli+anli_r1+paws,7,piqa,0.5725852504505643,0.8542659442339625
base,mnli+qnli+sst2+record+snli+anli_r1+paws+hellaswag,8,mrpc,0.6012531526253692,0.8674002029001713
base,mnli+qnli+sst2+record+snli+anli_r1+paws+hellaswag,8,boolq,0.6298070710285434,0.875800808891654
base,mnli+qnli+sst2+record+snli+anli_r1+paws+hellaswag,8,rte,0.672403833163636,0.8948841898569039
base,mnli+qnli+sst2+record+snli+anli_r1+paws+hellaswag,8,cola,0.593569196028901,0.860985739422696
base,mnli+qnli+sst2+record+snli+anli_r1+paws+hellaswag,8,cb,0.6748244759759733,0.9008571617305279
base,mnli+qnli+sst2+record+snli+anli_r1+paws+hellaswag,8,scitail,0.7002452351152897,0.8920400775969028
base,mnli+qnli+sst2+record+snli+anli_r1+paws+hellaswag,8,stsb,0.5313685125272188,0.8474183665322406
base,mnli+qnli+sst2+record+snli+anli_r1+paws+hellaswag,8,cr,0.6700710874449994,0.892669214201825
base,mnli+qnli+sst2+record+snli+anli_r1+paws+hellaswag,8,rotten_tomatoes,0.6878933713638357,0.8958713806101254
base,mnli+qnli+sst2+record+snli+anli_r1+paws+hellaswag,8,multirc,0.6292602423179362,0.8757105312709298
base,mnli+qnli+sst2+record+snli+anli_r1+paws+hellaswag,8,copa,0.5415469486532467,0.849798323320491
base,mnli+qnli+sst2+record+snli+anli_r1+paws+hellaswag,8,piqa,0.6038462007418275,0.8683672491461039
base,mnli+qnli+sst2+record+snli+anli_r1+paws+hellaswag+winogrande,9,mrpc,0.6044411350573812,0.867423987282174
base,mnli+qnli+sst2+record+snli+anli_r1+paws+hellaswag+winogrande,9,boolq,0.6322840261938316,0.8758489955216646
base,mnli+qnli+sst2+record+snli+anli_r1+paws+hellaswag+winogrande,9,rte,0.6743096014750856,0.8946744847510543
base,mnli+qnli+sst2+record+snli+anli_r1+paws+hellaswag+winogrande,9,cola,0.5960450091931436,0.8612089942076376
base,mnli+qnli+sst2+record+snli+anli_r1+paws+hellaswag+winogrande,9,cb,0.6763148688312087,0.9005349778703281
base,mnli+qnli+sst2+record+snli+anli_r1+paws+hellaswag+winogrande,9,scitail,0.7011096996388265,0.8919121886470488
base,mnli+qnli+sst2+record+snli+anli_r1+paws+hellaswag+winogrande,9,stsb,0.5343105037630137,0.8475620903606925
base,mnli+qnli+sst2+record+snli+anli_r1+paws+hellaswag+winogrande,9,cr,0.6749745241499373,0.8927022846681731
base,mnli+qnli+sst2+record+snli+anli_r1+paws+hellaswag+winogrande,9,rotten_tomatoes,0.6920301626835551,0.8958095109888485
base,mnli+qnli+sst2+record+snli+anli_r1+paws+hellaswag+winogrande,9,multirc,0.6313181688476887,0.8757768182882241
base,mnli+qnli+sst2+record+snli+anli_r1+paws+hellaswag+winogrande,9,copa,0.5512512106049273,0.8523466126727206
base,mnli+qnli+sst2+record+snli+anli_r1+paws+hellaswag+winogrande,9,piqa,0.6404997589997947,0.8774642087519169
base,mnli+qnli+sst2+record+snli+anli_r1+paws+imdb,8,mrpc,0.6009810737201146,0.8681529696498599
base,mnli+qnli+sst2+record+snli+anli_r1+paws+imdb,8,boolq,0.6256125607926931,0.8758932312152216
base,mnli+qnli+sst2+record+snli+anli_r1+paws+imdb,8,rte,0.6718759315886668,0.8955178792987551
base,mnli+qnli+sst2+record+snli+anli_r1+paws+imdb,8,cola,0.5932222461061818,0.8616188588951316
base,mnli+qnli+sst2+record+snli+anli_r1+paws+imdb,8,cb,0.6766390435929809,0.902207115398986
base,mnli+qnli+sst2+record+snli+anli_r1+paws+imdb,8,scitail,0.6987524282719407,0.8922327174139875
base,mnli+qnli+sst2+record+snli+anli_r1+paws+imdb,8,stsb,0.5283474332453417,0.8470520004630089
base,mnli+qnli+sst2+record+snli+anli_r1+paws+imdb,8,cr,0.6989909300048437,0.9012519169066634
base,mnli+qnli+sst2+record+snli+anli_r1+paws+imdb,8,rotten_tomatoes,0.720227884527828,0.9046521740300315
base,mnli+qnli+sst2+record+snli+anli_r1+paws+imdb,8,multirc,0.6237112644261548,0.875579700938293
base,mnli+qnli+sst2+record+snli+anli_r1+paws+imdb,8,copa,0.5390023709540921,0.8481901248118707
base,mnli+qnli+sst2+record+snli+anli_r1+paws+imdb,8,piqa,0.5728853220519211,0.8543349009539399
base,mnli+qnli+sst2+record+snli+anli_r1+paws+imdb+hellaswag,9,mrpc,0.6042218865560633,0.8682272796119962
base,mnli+qnli+sst2+record+snli+anli_r1+paws+imdb+hellaswag,9,boolq,0.6289974292740226,0.8758935249809708
base,mnli+qnli+sst2+record+snli+anli_r1+paws+imdb+hellaswag,9,rte,0.674901995541794,0.8955456045057092
base,mnli+qnli+sst2+record+snli+anli_r1+paws+imdb+hellaswag,9,cola,0.5962178688496351,0.8618116482560124
base,mnli+qnli+sst2+record+snli+anli_r1+paws+imdb+hellaswag,9,cb,0.6806528264922755,0.9022972817931857
base,mnli+qnli+sst2+record+snli+anli_r1+paws+imdb+hellaswag,9,scitail,0.7003255680735622,0.8921294276203428
base,mnli+qnli+sst2+record+snli+anli_r1+paws+imdb+hellaswag,9,stsb,0.5317275362488415,0.8474483801318067
base,mnli+qnli+sst2+record+snli+anli_r1+paws+imdb+hellaswag,9,cr,0.7052183574331659,0.9011336405362401
base,mnli+qnli+sst2+record+snli+anli_r1+paws+imdb+hellaswag,9,rotten_tomatoes,0.7260143730257239,0.9044641533068248
base,mnli+qnli+sst2+record+snli+anli_r1+paws+imdb+hellaswag,9,multirc,0.6275167727310743,0.875670882740191
base,mnli+qnli+sst2+record+snli+anli_r1+paws+imdb+hellaswag,9,copa,0.5460206167772412,0.8505497135754142
base,mnli+qnli+sst2+record+snli+anli_r1+paws+imdb+hellaswag,9,piqa,0.6036596271941173,0.8682985215314797
base,mnli+qnli+sst2+record+snli+anli_r1+paws+imdb+hellaswag+winogrande,10,mrpc,0.6070572437851557,0.8682489528187683
base,mnli+qnli+sst2+record+snli+anli_r1+paws+imdb+hellaswag+winogrande,10,boolq,0.6323230871930718,0.8759668772774083
base,mnli+qnli+sst2+record+snli+anli_r1+paws+imdb+hellaswag+winogrande,10,rte,0.6764772795140743,0.8953015772359711
base,mnli+qnli+sst2+record+snli+anli_r1+paws+imdb+hellaswag+winogrande,10,cola,0.5984876895589488,0.8619609089302165
base,mnli+qnli+sst2+record+snli+anli_r1+paws+imdb+hellaswag+winogrande,10,cb,0.6820509247481823,0.9019747897982597
base,mnli+qnli+sst2+record+snli+anli_r1+paws+imdb+hellaswag+winogrande,10,scitail,0.70128655460264,0.892010365745851
base,mnli+qnli+sst2+record+snli+anli_r1+paws+imdb+hellaswag+winogrande,10,stsb,0.5344157408856388,0.8475815518093961
base,mnli+qnli+sst2+record+snli+anli_r1+paws+imdb+hellaswag+winogrande,10,cr,0.7066004715327706,0.9010360219648906
base,mnli+qnli+sst2+record+snli+anli_r1+paws+imdb+hellaswag+winogrande,10,rotten_tomatoes,0.7266950444983584,0.9043611053909574
base,mnli+qnli+sst2+record+snli+anli_r1+paws+imdb+hellaswag+winogrande,10,multirc,0.6307582255186779,0.8757408748247794
base,mnli+qnli+sst2+record+snli+anli_r1+paws+imdb+hellaswag+winogrande,10,copa,0.5549235089149859,0.8530097835298095
base,mnli+qnli+sst2+record+snli+anli_r1+paws+imdb+hellaswag+winogrande,10,piqa,0.6399206805175969,0.8773881827614137
base,mnli+qnli+sst2+record+snli+anli_r1+paws+imdb+squad_v2,9,mrpc,0.6261323445609638,0.8684578346354621
base,mnli+qnli+sst2+record+snli+anli_r1+paws+imdb+squad_v2,9,boolq,0.6560467505561454,0.8750276533620698
base,mnli+qnli+sst2+record+snli+anli_r1+paws+imdb+squad_v2,9,rte,0.6939263703035456,0.8936495780944824
base,mnli+qnli+sst2+record+snli+anli_r1+paws+imdb+squad_v2,9,cola,0.6182142257956522,0.8639002530170339
base,mnli+qnli+sst2+record+snli+anli_r1+paws+imdb+squad_v2,9,cb,0.697897560362305,0.9000394200640065
base,mnli+qnli+sst2+record+snli+anli_r1+paws+imdb+squad_v2,9,scitail,0.7121887949428388,0.891048354495849
base,mnli+qnli+sst2+record+snli+anli_r1+paws+imdb+squad_v2,9,stsb,0.5518291239360613,0.8478816641228539
base,mnli+qnli+sst2+record+snli+anli_r1+paws+imdb+squad_v2,9,cr,0.7194659422550883,0.8990009618656976
base,mnli+qnli+sst2+record+snli+anli_r1+paws+imdb+squad_v2,9,rotten_tomatoes,0.7378380985132286,0.9027030787297657
base,mnli+qnli+sst2+record+snli+anli_r1+paws+imdb+squad_v2,9,multirc,0.6586188288139445,0.8760518915951252
base,mnli+qnli+sst2+record+snli+anli_r1+paws+imdb+squad_v2,9,copa,0.5711836896038481,0.8498378004878759
base,mnli+qnli+sst2+record+snli+anli_r1+paws+imdb+squad_v2,9,piqa,0.5966525307989546,0.8552490483437266
base,mnli+qnli+sst2+record+snli+anli_r1+paws+imdb+squad_v2+hellaswag,10,mrpc,0.6278293875179121,0.8685898732926164
base,mnli+qnli+sst2+record+snli+anli_r1+paws+imdb+squad_v2+hellaswag,10,boolq,0.6577996688761881,0.875097979126232
base,mnli+qnli+sst2+record+snli+anli_r1+paws+imdb+squad_v2+hellaswag,10,rte,0.6956094790782247,0.8937696410076958
base,mnli+qnli+sst2+record+snli+anli_r1+paws+imdb+squad_v2+hellaswag,10,cola,0.620041993180556,0.8641271625778505
base,mnli+qnli+sst2+record+snli+anli_r1+paws+imdb+squad_v2+hellaswag,10,cb,0.7003109351332698,0.9000895071242537
base,mnli+qnli+sst2+record+snli+anli_r1+paws+imdb+squad_v2+hellaswag,10,scitail,0.7128451666129487,0.8910013429288354
base,mnli+qnli+sst2+record+snli+anli_r1+paws+imdb+squad_v2+hellaswag,10,stsb,0.5545586416763919,0.8481934275478125
base,mnli+qnli+sst2+record+snli+anli_r1+paws+imdb+squad_v2+hellaswag,10,cr,0.720194835215807,0.8989260553249291
base,mnli+qnli+sst2+record+snli+anli_r1+paws+imdb+squad_v2+hellaswag,10,rotten_tomatoes,0.7381483460111278,0.9025946009371962
base,mnli+qnli+sst2+record+snli+anli_r1+paws+imdb+squad_v2+hellaswag,10,multirc,0.660439739802054,0.8761221795742001
base,mnli+qnli+sst2+record+snli+anli_r1+paws+imdb+squad_v2+hellaswag,10,copa,0.5768813814169594,0.8518430532089302
base,mnli+qnli+sst2+record+snli+anli_r1+paws+imdb+squad_v2+hellaswag,10,piqa,0.6280456823962075,0.8674355598964861
base,mnli+qnli+sst2+record+snli+anli_r1+paws+imdb+squad_v2+hellaswag+winogrande,11,mrpc,0.6291854112808194,0.8686340562999249
base,mnli+qnli+sst2+record+snli+anli_r1+paws+imdb+squad_v2+hellaswag+winogrande,11,boolq,0.66083509874131,0.8751734199800661
base,mnli+qnli+sst2+record+snli+anli_r1+paws+imdb+squad_v2+hellaswag+winogrande,11,rte,0.6959585688476052,0.893582961921181
base,mnli+qnli+sst2+record+snli+anli_r1+paws+imdb+squad_v2+hellaswag+winogrande,11,cola,0.6215500222252948,0.8641476692365748
base,mnli+qnli+sst2+record+snli+anli_r1+paws+imdb+squad_v2+hellaswag+winogrande,11,cb,0.7003595733216831,0.8998790633465562
base,mnli+qnli+sst2+record+snli+anli_r1+paws+imdb+squad_v2+hellaswag+winogrande,11,scitail,0.7130196996565376,0.890926830470562
base,mnli+qnli+sst2+record+snli+anli_r1+paws+imdb+squad_v2+hellaswag+winogrande,11,stsb,0.5561338721641472,0.8482476776199681
base,mnli+qnli+sst2+record+snli+anli_r1+paws+imdb+squad_v2+hellaswag+winogrande,11,cr,0.7208996609385524,0.8988853645111833
base,mnli+qnli+sst2+record+snli+anli_r1+paws+imdb+squad_v2+hellaswag+winogrande,11,rotten_tomatoes,0.738432737333434,0.9024981164506504
base,mnli+qnli+sst2+record+snli+anli_r1+paws+imdb+squad_v2+hellaswag+winogrande,11,multirc,0.6635682042688131,0.8761932607740164
base,mnli+qnli+sst2+record+snli+anli_r1+paws+imdb+squad_v2+hellaswag+winogrande,11,copa,0.5841973213745015,0.8538388844047274
base,mnli+qnli+sst2+record+snli+anli_r1+paws+imdb+squad_v2+hellaswag+winogrande,11,piqa,0.6652003160810896,0.8764289521745273
base,mnli+qnli+sst2+record+snli+anli_r1+paws+imdb+squad_v2+winogrande,10,mrpc,0.6276496121925967,0.8685152477451733
base,mnli+qnli+sst2+record+snli+anli_r1+paws+imdb+squad_v2+winogrande,10,boolq,0.6583461476755994,0.8751475693924087
base,mnli+qnli+sst2+record+snli+anli_r1+paws+imdb+squad_v2+winogrande,10,rte,0.6946844346821308,0.8934727790100234
base,mnli+qnli+sst2+record+snli+anli_r1+paws+imdb+squad_v2+winogrande,10,cola,0.6197073222803218,0.8639870421694857
base,mnli+qnli+sst2+record+snli+anli_r1+paws+imdb+squad_v2+winogrande,10,cb,0.6984804677111762,0.8998131219829831
base,mnli+qnli+sst2+record+snli+anli_r1+paws+imdb+squad_v2+winogrande,10,scitail,0.7126635140074151,0.8910051834370408
base,mnli+qnli+sst2+record+snli+anli_r1+paws+imdb+squad_v2+winogrande,10,stsb,0.5542337897765849,0.8480248445911067
base,mnli+qnli+sst2+record+snli+anli_r1+paws+imdb+squad_v2+winogrande,10,cr,0.7204390865351472,0.8989776958312307
base,mnli+qnli+sst2+record+snli+anli_r1+paws+imdb+squad_v2+winogrande,10,rotten_tomatoes,0.7382988030357021,0.9026532252984387
base,mnli+qnli+sst2+record+snli+anli_r1+paws+imdb+squad_v2+winogrande,10,multirc,0.6604639376912799,0.8761133812367916
base,mnli+qnli+sst2+record+snli+anli_r1+paws+imdb+squad_v2+winogrande,10,copa,0.5786700210134897,0.8523049508886678
base,mnli+qnli+sst2+record+snli+anli_r1+paws+imdb+squad_v2+winogrande,10,piqa,0.6453971363870161,0.8712504458214555
base,mnli+qnli+sst2+record+snli+anli_r1+paws+imdb+winogrande,9,mrpc,0.6041806321591139,0.8681291788816452
base,mnli+qnli+sst2+record+snli+anli_r1+paws+imdb+winogrande,9,boolq,0.629752422682941,0.8759838845580816
base,mnli+qnli+sst2+record+snli+anli_r1+paws+imdb+winogrande,9,rte,0.6738219386232751,0.8952404835394451
base,mnli+qnli+sst2+record+snli+anli_r1+paws+imdb+winogrande,9,cola,0.5962836719783289,0.861749012821487
base,mnli+qnli+sst2+record+snli+anli_r1+paws+imdb+winogrande,9,cb,0.67891115189663,0.9019135162234306
base,mnli+qnli+sst2+record+snli+anli_r1+paws+imdb+winogrande,9,scitail,0.7003580478153059,0.8920882320297616
base,mnli+qnli+sst2+record+snli+anli_r1+paws+imdb+winogrande,9,stsb,0.5319576528854668,0.847247002646327
base,mnli+qnli+sst2+record+snli+anli_r1+paws+imdb+winogrande,9,cr,0.7055132820137909,0.9011632917182786
base,mnli+qnli+sst2+record+snli+anli_r1+paws+imdb+winogrande,9,rotten_tomatoes,0.7261759894234794,0.9045449223901544
base,mnli+qnli+sst2+record+snli+anli_r1+paws+imdb+winogrande,9,multirc,0.6275837159316454,0.8756669461727142
base,mnli+qnli+sst2+record+snli+anli_r1+paws+imdb+winogrande,9,copa,0.5482452187154975,0.85126124641725
base,mnli+qnli+sst2+record+snli+anli_r1+paws+imdb+winogrande,9,piqa,0.6187998074372965,0.8718110751360655
base,mnli+qnli+sst2+record+snli+anli_r1+paws+squad_v2,8,mrpc,0.6239601128867694,0.8677250647119114
base,mnli+qnli+sst2+record+snli+anli_r1+paws+squad_v2,8,boolq,0.6575403934610742,0.8749049641191959
base,mnli+qnli+sst2+record+snli+anli_r1+paws+squad_v2,8,rte,0.6918643159525735,0.892872733197042
base,mnli+qnli+sst2+record+snli+anli_r1+paws+squad_v2,8,cola,0.6168813322271619,0.8631732586239066
base,mnli+qnli+sst2+record+snli+anli_r1+paws+squad_v2,8,cb,0.6925626657903194,0.8985365091689995
base,mnli+qnli+sst2+record+snli+anli_r1+paws+squad_v2,8,scitail,0.7120867547179971,0.8909371018941913
base,mnli+qnli+sst2+record+snli+anli_r1+paws+squad_v2,8,stsb,0.5520963549081769,0.847817364814026
base,mnli+qnli+sst2+record+snli+anli_r1+paws+squad_v2,8,cr,0.6943643550787654,0.8905649376767022
base,mnli+qnli+sst2+record+snli+anli_r1+paws+squad_v2,8,rotten_tomatoes,0.7100282266203847,0.8939808301095452
base,mnli+qnli+sst2+record+snli+anli_r1+paws+squad_v2,8,multirc,0.6611626770879541,0.8760851134679147
base,mnli+qnli+sst2+record+snli+anli_r1+paws+squad_v2,8,copa,0.5684614462245788,0.8491482548415661
base,mnli+qnli+sst2+record+snli+anli_r1+paws+squad_v2,8,piqa,0.5967636104407055,0.8552472671227795
base,mnli+qnli+sst2+record+snli+anli_r1+paws+squad_v2+hellaswag,9,mrpc,0.6261188885463136,0.8679173450384822
base,mnli+qnli+sst2+record+snli+anli_r1+paws+squad_v2+hellaswag,9,boolq,0.6588001804692405,0.8749533402068275
base,mnli+qnli+sst2+record+snli+anli_r1+paws+squad_v2+hellaswag,9,rte,0.6938611396721431,0.8930198848247528
base,mnli+qnli+sst2+record+snli+anli_r1+paws+squad_v2+hellaswag,9,cola,0.618798244345401,0.8634056555373328
base,mnli+qnli+sst2+record+snli+anli_r1+paws+squad_v2+hellaswag,9,cb,0.6954950011734452,0.8986816597836358
base,mnli+qnli+sst2+record+snli+anli_r1+paws+squad_v2+hellaswag,9,scitail,0.7128727372203555,0.8908913170120546
base,mnli+qnli+sst2+record+snli+anli_r1+paws+squad_v2+hellaswag,9,stsb,0.5548687995677548,0.8481632585504225
base,mnli+qnli+sst2+record+snli+anli_r1+paws+squad_v2+hellaswag,9,cr,0.6956149494009358,0.8905669349644866
base,mnli+qnli+sst2+record+snli+anli_r1+paws+squad_v2+hellaswag,9,rotten_tomatoes,0.710735988936254,0.8939068482390472
base,mnli+qnli+sst2+record+snli+anli_r1+paws+squad_v2+hellaswag,9,multirc,0.6624614029590573,0.8761586129133191
base,mnli+qnli+sst2+record+snli+anli_r1+paws+squad_v2+hellaswag,9,copa,0.5745218996224659,0.8512088459517274
base,mnli+qnli+sst2+record+snli+anli_r1+paws+squad_v2+hellaswag,9,piqa,0.6291593391714352,0.8674715430076633
base,mnli+qnli+sst2+record+snli+anli_r1+paws+squad_v2+hellaswag+winogrande,10,mrpc,0.6273834260978869,0.867949552834034
base,mnli+qnli+sst2+record+snli+anli_r1+paws+squad_v2+hellaswag+winogrande,10,boolq,0.6609248636024339,0.8750317357480526
base,mnli+qnli+sst2+record+snli+anli_r1+paws+squad_v2+hellaswag+winogrande,10,rte,0.6941595620342663,0.8928183290575232
base,mnli+qnli+sst2+record+snli+anli_r1+paws+squad_v2+hellaswag+winogrande,10,cola,0.6201652454744492,0.8634959698787757
base,mnli+qnli+sst2+record+snli+anli_r1+paws+squad_v2+hellaswag+winogrande,10,cb,0.6956764824156251,0.8984651464436736
base,mnli+qnli+sst2+record+snli+anli_r1+paws+squad_v2+hellaswag+winogrande,10,scitail,0.7129688302853278,0.8908144586852619
base,mnli+qnli+sst2+record+snli+anli_r1+paws+squad_v2+hellaswag+winogrande,10,stsb,0.5567636979477746,0.8482116040374551
base,mnli+qnli+sst2+record+snli+anli_r1+paws+squad_v2+hellaswag+winogrande,10,cr,0.6979275271296501,0.8906195376600538
base,mnli+qnli+sst2+record+snli+anli_r1+paws+squad_v2+hellaswag+winogrande,10,rotten_tomatoes,0.7124754203749555,0.8938865917069572
base,mnli+qnli+sst2+record+snli+anli_r1+paws+squad_v2+hellaswag+winogrande,10,multirc,0.664276011288166,0.8762498843882766
base,mnli+qnli+sst2+record+snli+anli_r1+paws+squad_v2+hellaswag+winogrande,10,copa,0.5822045000802193,0.8533412721008062
base,mnli+qnli+sst2+record+snli+anli_r1+paws+squad_v2+hellaswag+winogrande,10,piqa,0.6663367213415248,0.8764849376997778
base,mnli+qnli+sst2+record+snli+anli_r1+paws+squad_v2+winogrande,9,mrpc,0.6258677220238107,0.8677777110465935
base,mnli+qnli+sst2+record+snli+anli_r1+paws+squad_v2+winogrande,9,boolq,0.6590602397918701,0.8750158439257315
base,mnli+qnli+sst2+record+snli+anli_r1+paws+squad_v2+winogrande,9,rte,0.6926802306302956,0.8927124722727707
base,mnli+qnli+sst2+record+snli+anli_r1+paws+squad_v2+winogrande,9,cola,0.6184309537389449,0.8632521533540317
base,mnli+qnli+sst2+record+snli+anli_r1+paws+squad_v2+winogrande,9,cb,0.6935143872563329,0.8983639095510755
base,mnli+qnli+sst2+record+snli+anli_r1+paws+squad_v2+winogrande,9,scitail,0.7125592119991779,0.8909015972167253
base,mnli+qnli+sst2+record+snli+anli_r1+paws+squad_v2+winogrande,9,stsb,0.5546328078157136,0.8479387794754335
base,mnli+qnli+sst2+record+snli+anli_r1+paws+squad_v2+winogrande,9,cr,0.6960292727287326,0.8906138693647725
base,mnli+qnli+sst2+record+snli+anli_r1+paws+squad_v2+winogrande,9,rotten_tomatoes,0.7111672418458121,0.8939833925770861
base,mnli+qnli+sst2+record+snli+anli_r1+paws+squad_v2+winogrande,9,multirc,0.6621854268014431,0.8761548019413438
base,mnli+qnli+sst2+record+snli+anli_r1+paws+squad_v2+winogrande,9,copa,0.5763975642621517,0.8517443556338549
base,mnli+qnli+sst2+record+snli+anli_r1+paws+squad_v2+winogrande,9,piqa,0.6463648307004145,0.8712481952139309
base,mnli+qnli+sst2+record+snli+anli_r1+paws+winogrande,8,mrpc,0.6011911390482315,0.8672998164381299
base,mnli+qnli+sst2+record+snli+anli_r1+paws+winogrande,8,boolq,0.6304937252508742,0.875855782202312
base,mnli+qnli+sst2+record+snli+anli_r1+paws+winogrande,8,rte,0.6712870810713086,0.8945454630468573
base,mnli+qnli+sst2+record+snli+anli_r1+paws+winogrande,8,cola,0.593620000872761,0.8610668836959771
base,mnli+qnli+sst2+record+snli+anli_r1+paws+winogrande,8,cb,0.6727770205054965,0.9004484383123261
base,mnli+qnli+sst2+record+snli+anli_r1+paws+winogrande,8,scitail,0.7000714154647929,0.891993081995419
base,mnli+qnli+sst2+record+snli+anli_r1+paws+winogrande,8,stsb,0.5317060509696603,0.8472181233976569
base,mnli+qnli+sst2+record+snli+anli_r1+paws+winogrande,8,cr,0.6709121312679989,0.8927479338433061
base,mnli+qnli+sst2+record+snli+anli_r1+paws+winogrande,8,rotten_tomatoes,0.6883912796952895,0.8959534556737968
base,mnli+qnli+sst2+record+snli+anli_r1+paws+winogrande,8,multirc,0.6292721833368498,0.8756799971950906
base,mnli+qnli+sst2+record+snli+anli_r1+paws+winogrande,8,copa,0.5442614983767271,0.850614920258522
base,mnli+qnli+sst2+record+snli+anli_r1+paws+winogrande,8,piqa,0.6197258050087839,0.8718403654971293
base,mnli+qnli+sst2+record+snli+anli_r1+squad_v2,7,mrpc,0.62187583877572,0.8671736786408084
base,mnli+qnli+sst2+record+snli+anli_r1+squad_v2,7,boolq,0.6020250646397471,0.8586016906691449
base,mnli+qnli+sst2+record+snli+anli_r1+squad_v2,7,rte,0.6912368972386632,0.8926523120275566
base,mnli+qnli+sst2+record+snli+anli_r1+squad_v2,7,cola,0.6152642177683967,0.8629082632916314
base,mnli+qnli+sst2+record+snli+anli_r1+squad_v2,7,cb,0.6938478451754365,0.8990809518311705
base,mnli+qnli+sst2+record+snli+anli_r1+squad_v2,7,scitail,0.7110677622258663,0.8906624516738313
base,mnli+qnli+sst2+record+snli+anli_r1+squad_v2,7,stsb,0.5506621526687273,0.8474917888109174
base,mnli+qnli+sst2+record+snli+anli_r1+squad_v2,7,cr,0.6950656236814601,0.890816721533026
base,mnli+qnli+sst2+record+snli+anli_r1+squad_v2,7,rotten_tomatoes,0.7104769146868161,0.894255633865084
base,mnli+qnli+sst2+record+snli+anli_r1+squad_v2,7,multirc,0.6146289334366364,0.8614071306905576
base,mnli+qnli+sst2+record+snli+anli_r1+squad_v2,7,copa,0.5671092109488589,0.8489635584077665
base,mnli+qnli+sst2+record+snli+anli_r1+squad_v2,7,piqa,0.5946737954925213,0.8548019767871925
base,mnli+qnli+sst2+record+snli+anli_r1+squad_v2+hellaswag,8,mrpc,0.6243599038571119,0.8673531429043838
base,mnli+qnli+sst2+record+snli+anli_r1+squad_v2+hellaswag,8,boolq,0.6044524252148611,0.8587101817663226
base,mnli+qnli+sst2+record+snli+anli_r1+squad_v2+hellaswag,8,rte,0.6935159601271152,0.8928457551768848
base,mnli+qnli+sst2+record+snli+anli_r1+squad_v2+hellaswag,8,cola,0.6176349098927209,0.8631629632519824
base,mnli+qnli+sst2+record+snli+anli_r1+squad_v2+hellaswag,8,cb,0.6972246478710856,0.8992217646113464
base,mnli+qnli+sst2+record+snli+anli_r1+squad_v2+hellaswag,8,scitail,0.7120946057673011,0.8906246828181403
base,mnli+qnli+sst2+record+snli+anli_r1+squad_v2+hellaswag,8,stsb,0.5537380992567965,0.8478147975568261
base,mnli+qnli+sst2+record+snli+anli_r1+squad_v2+hellaswag,8,cr,0.6961801557668618,0.8908145257404873
base,mnli+qnli+sst2+record+snli+anli_r1+squad_v2+hellaswag,8,rotten_tomatoes,0.7109815273433924,0.8941685158227172
base,mnli+qnli+sst2+record+snli+anli_r1+squad_v2+hellaswag,8,multirc,0.6168107743641096,0.8615971000066825
base,mnli+qnli+sst2+record+snli+anli_r1+squad_v2+hellaswag,8,copa,0.5740716434749109,0.8511080845658269
base,mnli+qnli+sst2+record+snli+anli_r1+squad_v2+hellaswag,8,piqa,0.6286109305386033,0.8672652103539024
base,mnli+qnli+sst2+record+snli+anli_r1+squad_v2+hellaswag+winogrande,9,mrpc,0.6257931531539985,0.8673886422600064
base,mnli+qnli+sst2+record+snli+anli_r1+squad_v2+hellaswag+winogrande,9,boolq,0.6066206357042704,0.8589065670967102
base,mnli+qnli+sst2+record+snli+anli_r1+squad_v2+hellaswag+winogrande,9,rte,0.6938254572451115,0.892625592648983
base,mnli+qnli+sst2+record+snli+anli_r1+squad_v2+hellaswag+winogrande,9,cola,0.6190297550388745,0.8632544507937772
base,mnli+qnli+sst2+record+snli+anli_r1+squad_v2+hellaswag+winogrande,9,cb,0.6975608574492591,0.8989891862230641
base,mnli+qnli+sst2+record+snli+anli_r1+squad_v2+hellaswag+winogrande,9,scitail,0.7121857311576605,0.8905444930174521
base,mnli+qnli+sst2+record+snli+anli_r1+squad_v2+hellaswag+winogrande,9,stsb,0.5555992474380348,0.8478608102138553
base,mnli+qnli+sst2+record+snli+anli_r1+squad_v2+hellaswag+winogrande,9,cr,0.6983565336891583,0.8908159237887178
base,mnli+qnli+sst2+record+snli+anli_r1+squad_v2+hellaswag+winogrande,9,rotten_tomatoes,0.7127403672784567,0.8941002041101456
base,mnli+qnli+sst2+record+snli+anli_r1+squad_v2+hellaswag+winogrande,9,multirc,0.6183494286877769,0.8617244211158582
base,mnli+qnli+sst2+record+snli+anli_r1+squad_v2+hellaswag+winogrande,9,copa,0.5819961380745683,0.8533821300204311
base,mnli+qnli+sst2+record+snli+anli_r1+squad_v2+hellaswag+winogrande,9,piqa,0.6661920640617609,0.8763735203870705
base,mnli+qnli+sst2+record+snli+anli_r1+squad_v2+winogrande,8,mrpc,0.6239061898418835,0.8672851414552757
base,mnli+qnli+sst2+record+snli+anli_r1+squad_v2+winogrande,8,boolq,0.6051610935745495,0.8588593458490712
base,mnli+qnli+sst2+record+snli+anli_r1+squad_v2+winogrande,8,rte,0.6921697477144855,0.8925082108804158
base,mnli+qnli+sst2+record+snli+anli_r1+squad_v2+winogrande,8,cola,0.6170875190624169,0.8629866391420364
base,mnli+qnli+sst2+record+snli+anli_r1+squad_v2+winogrande,8,cb,0.6950621982770306,0.8988293404025691
base,mnli+qnli+sst2+record+snli+anli_r1+squad_v2+winogrande,8,scitail,0.7116141577384302,0.8905930684081146
base,mnli+qnli+sst2+record+snli+anli_r1+squad_v2+winogrande,8,stsb,0.5534085211610156,0.8476145427141871
base,mnli+qnli+sst2+record+snli+anli_r1+squad_v2+winogrande,8,cr,0.6964264320475715,0.890839835362775
base,mnli+qnli+sst2+record+snli+anli_r1+squad_v2+winogrande,8,rotten_tomatoes,0.7113159993397338,0.8942448592611721
base,mnli+qnli+sst2+record+snli+anli_r1+squad_v2+winogrande,8,multirc,0.6168460142133492,0.861574027421219
base,mnli+qnli+sst2+record+snli+anli_r1+squad_v2+winogrande,8,copa,0.5756772989407182,0.8516445854412658
base,mnli+qnli+sst2+record+snli+anli_r1+squad_v2+winogrande,8,piqa,0.6462642014292734,0.871052674683077
base,mnli+qnli+sst2+record+snli+anli_r1+winogrande,7,mrpc,0.5974655362245228,0.8667801554713931
base,mnli+qnli+sst2+record+snli+anli_r1+winogrande,7,boolq,0.5822393348041389,0.8580821310835225
base,mnli+qnli+sst2+record+snli+anli_r1+winogrande,7,rte,0.6693125526819911,0.8944027210984912
base,mnli+qnli+sst2+record+snli+anli_r1+winogrande,7,cola,0.5914414850994945,0.8607390805014542
base,mnli+qnli+sst2+record+snli+anli_r1+winogrande,7,cb,0.6732262934425047,0.9010457949978965
base,mnli+qnli+sst2+record+snli+anli_r1+winogrande,7,scitail,0.6983014816152198,0.8917364273220301
base,mnli+qnli+sst2+record+snli+anli_r1+winogrande,7,stsb,0.5293555450293103,0.8468645962753466
base,mnli+qnli+sst2+record+snli+anli_r1+winogrande,7,cr,0.66896839725918,0.8931259411786284
base,mnli+qnli+sst2+record+snli+anli_r1+winogrande,7,rotten_tomatoes,0.6859702402725816,0.8962238234068666
base,mnli+qnli+sst2+record+snli+anli_r1+winogrande,7,multirc,0.591723231864827,0.8600623980164528
base,mnli+qnli+sst2+record+snli+anli_r1+winogrande,7,copa,0.5424260048062673,0.8503921079848494
base,mnli+qnli+sst2+record+snli+anli_r1+winogrande,7,piqa,0.617646757280454,0.8716286458075047
base,mnli+qnli+sst2+record+snli+hellaswag,6,mrpc,0.5954199715384415,0.865696376987866
base,mnli+qnli+sst2+record+snli+hellaswag,6,boolq,0.5823626294066864,0.8576924936579806
base,mnli+qnli+sst2+record+snli+hellaswag,6,rte,0.6629564410873822,0.8917166984507016
base,mnli+qnli+sst2+record+snli+hellaswag,6,cola,0.5911247063029025,0.8602924793958664
base,mnli+qnli+sst2+record+snli+hellaswag,6,cb,0.6486904703612838,0.8924207522400788
base,mnli+qnli+sst2+record+snli+hellaswag,6,scitail,0.6925569426800523,0.889828418248466
base,mnli+qnli+sst2+record+snli+hellaswag,6,stsb,0.5313408699418817,0.8468131018536431
base,mnli+qnli+sst2+record+snli+hellaswag,6,cr,0.6698284317473215,0.8925796199057784
base,mnli+qnli+sst2+record+snli+hellaswag,6,rotten_tomatoes,0.6891354063658842,0.8960479955588069
base,mnli+qnli+sst2+record+snli+hellaswag,6,multirc,0.593300079128572,0.8599412624857256
base,mnli+qnli+sst2+record+snli+hellaswag,6,copa,0.5408861588553658,0.8491786689098392
base,mnli+qnli+sst2+record+snli+hellaswag,6,piqa,0.6047440258386944,0.8681069245295865
base,mnli+qnli+sst2+record+snli+hellaswag+winogrande,7,mrpc,0.5984684456405895,0.8657067503247943
base,mnli+qnli+sst2+record+snli+hellaswag+winogrande,7,boolq,0.5863672362507454,0.8579721219305482
base,mnli+qnli+sst2+record+snli+hellaswag+winogrande,7,rte,0.6646355531577554,0.8914750218391418
base,mnli+qnli+sst2+record+snli+hellaswag+winogrande,7,cola,0.5938717118198318,0.8604906839983804
base,mnli+qnli+sst2+record+snli+hellaswag+winogrande,7,cb,0.6512561389910323,0.8921153678425721
base,mnli+qnli+sst2+record+snli+hellaswag+winogrande,7,scitail,0.6942482484238488,0.8897012969745057
base,mnli+qnli+sst2+record+snli+hellaswag+winogrande,7,stsb,0.534198986100299,0.8469979206898383
base,mnli+qnli+sst2+record+snli+hellaswag+winogrande,7,cr,0.6747245704089957,0.8925932145544461
base,mnli+qnli+sst2+record+snli+hellaswag+winogrande,7,rotten_tomatoes,0.693264310048627,0.8959379116339343
base,mnli+qnli+sst2+record+snli+hellaswag+winogrande,7,multirc,0.5962322939719472,0.8601554712014539
base,mnli+qnli+sst2+record+snli+hellaswag+winogrande,7,copa,0.5515072700301451,0.8520346020481416
base,mnli+qnli+sst2+record+snli+hellaswag+winogrande,7,piqa,0.6424893064623964,0.8773784962083612
base,mnli+qnli+sst2+record+snli+imdb,6,mrpc,0.5938776299091322,0.8664851672947407
base,mnli+qnli+sst2+record+snli+imdb,6,boolq,0.5804307875556073,0.8578154729413134
base,mnli+qnli+sst2+record+snli+imdb,6,rte,0.6616217666970832,0.8924272400992257
base,mnli+qnli+sst2+record+snli+imdb,6,cola,0.590824994990336,0.8608898257038423
base,mnli+qnli+sst2+record+snli+imdb,6,cb,0.6508311605347055,0.8939383061868804
base,mnli+qnli+sst2+record+snli+imdb,6,scitail,0.6910605284252337,0.8900662740426404
base,mnli+qnli+sst2+record+snli+imdb,6,stsb,0.5278133123314807,0.8464378054652896
base,mnli+qnli+sst2+record+snli+imdb,6,cr,0.7002236753303025,0.9016010777226516
base,mnli+qnli+sst2+record+snli+imdb,6,rotten_tomatoes,0.7226317624694535,0.9051330238580704
base,mnli+qnli+sst2+record+snli+imdb,6,multirc,0.5901708274946681,0.859714915443744
base,mnli+qnli+sst2+record+snli+imdb,6,copa,0.5370763669987875,0.8474560353372779
base,mnli+qnli+sst2+record+snli+imdb,6,piqa,0.5710095539356449,0.8537038540733712
base,mnli+qnli+sst2+record+snli+imdb+hellaswag,7,mrpc,0.5992223409536693,0.8666897879115173
base,mnli+qnli+sst2+record+snli+imdb+hellaswag,7,boolq,0.584275411109307,0.8580425480114562
base,mnli+qnli+sst2+record+snli+imdb+hellaswag,7,rte,0.6662011279591492,0.8925885824220521
base,mnli+qnli+sst2+record+snli+imdb+hellaswag,7,cola,0.59431889546769,0.8611427122460944
base,mnli+qnli+sst2+record+snli+imdb+hellaswag,7,cb,0.6570223279829536,0.8942813319819314
base,mnli+qnli+sst2+record+snli+imdb+hellaswag,7,scitail,0.6930097940244845,0.8899575894964593
base,mnli+qnli+sst2+record+snli+imdb+hellaswag,7,stsb,0.5316932764503041,0.8468617400420564
base,mnli+qnli+sst2+record+snli+imdb+hellaswag,7,cr,0.7023387113586068,0.9014357727553163
base,mnli+qnli+sst2+record+snli+imdb+hellaswag,7,rotten_tomatoes,0.7239266244162407,0.9049241803586483
base,mnli+qnli+sst2+record+snli+imdb+hellaswag,7,multirc,0.5935997538534659,0.8599796098257814
base,mnli+qnli+sst2+record+snli+imdb+hellaswag,7,copa,0.5459804294763931,0.8500868066080979
base,mnli+qnli+sst2+record+snli+imdb+hellaswag,7,piqa,0.6048290888845388,0.8680806178599596
base,mnli+qnli+sst2+record+snli+imdb+hellaswag+winogrande,8,mrpc,0.602799229257341,0.8666941496942725
base,mnli+qnli+sst2+record+snli+imdb+hellaswag+winogrande,8,boolq,0.5879987496882677,0.8582674451172352
base,mnli+qnli+sst2+record+snli+imdb+hellaswag+winogrande,8,rte,0.6683044021150896,0.8923208623060158
base,mnli+qnli+sst2+record+snli+imdb+hellaswag+winogrande,8,cola,0.5968986890677895,0.8612875728202718
base,mnli+qnli+sst2+record+snli+imdb+hellaswag+winogrande,8,cb,0.6591506634971925,0.8939499828432288
base,mnli+qnli+sst2+record+snli+imdb+hellaswag+winogrande,8,scitail,0.6943434474191496,0.8898540333445583
base,mnli+qnli+sst2+record+snli+imdb+hellaswag+winogrande,8,stsb,0.5345711548413549,0.8470473531633615
base,mnli+qnli+sst2+record+snli+imdb+hellaswag+winogrande,8,cr,0.7083722744137049,0.9012887669461114
base,mnli+qnli+sst2+record+snli+imdb+hellaswag+winogrande,8,rotten_tomatoes,0.7294604541467768,0.904749662748405
base,mnli+qnli+sst2+record+snli+imdb+hellaswag+winogrande,8,multirc,0.5963891117966601,0.8601578963654382
base,mnli+qnli+sst2+record+snli+imdb+hellaswag+winogrande,8,copa,0.5561447135571923,0.8528024030051061
base,mnli+qnli+sst2+record+snli+imdb+hellaswag+winogrande,8,piqa,0.6417257178441754,0.8773242871143988
base,mnli+qnli+sst2+record+snli+imdb+squad_v2,7,mrpc,0.6219567177551133,0.866842905325549
base,mnli+qnli+sst2+record+snli+imdb+squad_v2,7,boolq,0.6042914029343852,0.8586508703551122
base,mnli+qnli+sst2+record+snli+imdb+squad_v2,7,rte,0.6858672135110412,0.8904327675700188
base,mnli+qnli+sst2+record+snli+imdb+squad_v2,7,cola,0.6174347633495927,0.8631861917674541
base,mnli+qnli+sst2+record+snli+imdb+squad_v2,7,cb,0.6752466019243002,0.8916497959622315
base,mnli+qnli+sst2+record+snli+imdb+squad_v2,7,scitail,0.706899696428861,0.888910452968308
base,mnli+qnli+sst2+record+snli+imdb+squad_v2,7,stsb,0.5525842201230782,0.847415529191494
base,mnli+qnli+sst2+record+snli+imdb+squad_v2,7,cr,0.7213009516043323,0.8991558578397546
base,mnli+qnli+sst2+record+snli+imdb+squad_v2,7,rotten_tomatoes,0.7404103007699762,0.9031260556408337
base,mnli+qnli+sst2+record+snli+imdb+squad_v2,7,multirc,0.6163936574677271,0.861309016123414
base,mnli+qnli+sst2+record+snli+imdb+squad_v2,7,copa,0.5708912098115044,0.8495249173470906
base,mnli+qnli+sst2+record+snli+imdb+squad_v2,7,piqa,0.5965384759141931,0.8548120603497539
base,mnli+qnli+sst2+record+snli+imdb+squad_v2+hellaswag,8,mrpc,0.6242379857493299,0.8670537509024143
base,mnli+qnli+sst2+record+snli+imdb+squad_v2+hellaswag,8,boolq,0.60642276105604,0.8588092226002898
base,mnli+qnli+sst2+record+snli+imdb+squad_v2+hellaswag,8,rte,0.6881213789539677,0.8906636498868465
base,mnli+qnli+sst2+record+snli+imdb+squad_v2+hellaswag,8,cola,0.6197203774271267,0.8634045887738466
base,mnli+qnli+sst2+record+snli+imdb+squad_v2+hellaswag,8,cb,0.6786619299756629,0.8919557519257069
base,mnli+qnli+sst2+record+snli+imdb+squad_v2+hellaswag,8,scitail,0.7077673710882664,0.8889075147786311
base,mnli+qnli+sst2+record+snli+imdb+squad_v2+hellaswag,8,stsb,0.5555617096833885,0.8477793604667697
base,mnli+qnli+sst2+record+snli+imdb+squad_v2+hellaswag,8,cr,0.7222438920289278,0.8990404398313591
base,mnli+qnli+sst2+record+snli+imdb+squad_v2+hellaswag,8,rotten_tomatoes,0.7409392023192984,0.9029455589396613
base,mnli+qnli+sst2+record+snli+imdb+squad_v2+hellaswag,8,multirc,0.6184355803499264,0.861486549356154
base,mnli+qnli+sst2+record+snli+imdb+squad_v2+hellaswag,8,copa,0.577354002078729,0.8516700214573315
base,mnli+qnli+sst2+record+snli+imdb+squad_v2+hellaswag,8,piqa,0.6308583325839469,0.8672790857298034
base,mnli+qnli+sst2+record+snli+imdb+squad_v2+hellaswag+winogrande,9,mrpc,0.6265484121228967,0.8670585719602448
base,mnli+qnli+sst2+record+snli+imdb+squad_v2+hellaswag+winogrande,9,boolq,0.6092859875144703,0.8589943048677274
base,mnli+qnli+sst2+record+snli+imdb+squad_v2+hellaswag+winogrande,9,rte,0.6891780910747392,0.8904698134532997
base,mnli+qnli+sst2+record+snli+imdb+squad_v2+hellaswag+winogrande,9,cola,0.6215787596468415,0.863484101369977
base,mnli+qnli+sst2+record+snli+imdb+squad_v2+hellaswag+winogrande,9,cb,0.680603186200772,0.891701551420348
base,mnli+qnli+sst2+record+snli+imdb+squad_v2+hellaswag+winogrande,9,scitail,0.7081516667136124,0.8888219049466508
base,mnli+qnli+sst2+record+snli+imdb+squad_v2+hellaswag+winogrande,9,stsb,0.5580632229601699,0.8478460141590664
base,mnli+qnli+sst2+record+snli+imdb+squad_v2+hellaswag+winogrande,9,cr,0.7232530548104218,0.8989760407379696
base,mnli+qnli+sst2+record+snli+imdb+squad_v2+hellaswag+winogrande,9,rotten_tomatoes,0.7413415610790253,0.902818784649883
base,mnli+qnli+sst2+record+snli+imdb+squad_v2+hellaswag+winogrande,9,multirc,0.6203736404755286,0.8616163014833417
base,mnli+qnli+sst2+record+snli+imdb+squad_v2+hellaswag+winogrande,9,copa,0.5866053049851742,0.8538358339241573
base,mnli+qnli+sst2+record+snli+imdb+squad_v2+hellaswag+winogrande,9,piqa,0.6681978098515954,0.8763811779873711
base,mnli+qnli+sst2+record+snli+imdb+squad_v2+winogrande,8,mrpc,0.6246071982064417,0.8668935245701245
base,mnli+qnli+sst2+record+snli+imdb+squad_v2+winogrande,8,boolq,0.6079576547656741,0.8588696832635573
base,mnli+qnli+sst2+record+snli+imdb+squad_v2+winogrande,8,rte,0.687566015869379,0.890286139611687
base,mnli+qnli+sst2+record+snli+imdb+squad_v2+winogrande,8,cola,0.6198691629937717,0.8632441000746829
base,mnli+qnli+sst2+record+snli+imdb+squad_v2+winogrande,8,cb,0.6776856210614953,0.8914001349891935
base,mnli+qnli+sst2+record+snli+imdb+squad_v2+winogrande,8,scitail,0.7075771362121616,0.8888303762567895
base,mnli+qnli+sst2+record+snli+imdb+squad_v2+winogrande,8,stsb,0.5558155228250793,0.8475595135241747
base,mnli+qnli+sst2+record+snli+imdb+squad_v2+winogrande,8,cr,0.7225673217326403,0.8990523708718163
base,mnli+qnli+sst2+record+snli+imdb+squad_v2+winogrande,8,rotten_tomatoes,0.7410479826586587,0.9029971967850413
base,mnli+qnli+sst2+record+snli+imdb+squad_v2+winogrande,8,multirc,0.6189671579216208,0.8614532649517059
base,mnli+qnli+sst2+record+snli+imdb+squad_v2+winogrande,8,copa,0.5809327159076929,0.852104036669646
base,mnli+qnli+sst2+record+snli+imdb+squad_v2+winogrande,8,piqa,0.6507196063175797,0.8710783515125513
base,mnli+qnli+sst2+record+snli+imdb+winogrande,7,mrpc,0.5989962911366352,0.8665389258946691
base,mnli+qnli+sst2+record+snli+imdb+winogrande,7,boolq,0.585445372587336,0.8581350059913737
base,mnli+qnli+sst2+record+snli+imdb+winogrande,7,rte,0.6647428274154663,0.8921758862478393
base,mnli+qnli+sst2+record+snli+imdb+winogrande,7,cola,0.5942586825362274,0.8610482072191579
base,mnli+qnli+sst2+record+snli+imdb+winogrande,7,cb,0.6545649250703198,0.893647561115878
base,mnli+qnli+sst2+record+snli+imdb+winogrande,7,scitail,0.6927978484226125,0.8899380852069173
base,mnli+qnli+sst2+record+snli+imdb+winogrande,7,stsb,0.531908896319302,0.8467306372310434
base,mnli+qnli+sst2+record+snli+imdb+winogrande,7,cr,0.7025307446851262,0.9014462275164468
base,mnli+qnli+sst2+record+snli+imdb+winogrande,7,rotten_tomatoes,0.724090744741261,0.9049686363765171
base,mnli+qnli+sst2+record+snli+imdb+winogrande,7,multirc,0.5938877393491566,0.8599233989204679
base,mnli+qnli+sst2+record+snli+imdb+winogrande,7,copa,0.548416569629418,0.8508509857846158
base,mnli+qnli+sst2+record+snli+imdb+winogrande,7,piqa,0.6210247780129846,0.8715903860117707
base,mnli+qnli+sst2+record+snli+paws,6,mrpc,0.5952447084044772,0.8660632568810668
base,mnli+qnli+sst2+record+snli+paws,6,boolq,0.6288974080234766,0.8756212762423924
base,mnli+qnli+sst2+record+snli+paws,6,rte,0.6609920476164136,0.8917034321597644
base,mnli+qnli+sst2+record+snli+paws,6,cola,0.5900698456514094,0.8602779536907162
base,mnli+qnli+sst2+record+snli+paws,6,cb,0.6434119801436152,0.8914332150348595
base,mnli+qnli+sst2+record+snli+paws,6,scitail,0.6933129312736648,0.8902131417500121
base,mnli+qnli+sst2+record+snli+paws,6,stsb,0.529929764269452,0.8468955560986485
base,mnli+qnli+sst2+record+snli+paws,6,cr,0.6682721648498305,0.8922226833445686
base,mnli+qnli+sst2+record+snli+paws,6,rotten_tomatoes,0.6888745740455177,0.8958440369793347
base,mnli+qnli+sst2+record+snli+paws,6,multirc,0.6285548704410238,0.8755068951951606
base,mnli+qnli+sst2+record+snli+paws,6,copa,0.5345982541330159,0.8470014716897692
base,mnli+qnli+sst2+record+snli+paws,6,piqa,0.5746634531367038,0.8542002170745816
base,mnli+qnli+sst2+record+snli+paws+hellaswag,7,mrpc,0.5988282082336289,0.866305872797966
base,mnli+qnli+sst2+record+snli+paws+hellaswag,7,boolq,0.6329601731683526,0.8756854872086218
base,mnli+qnli+sst2+record+snli+paws+hellaswag,7,rte,0.6646690342043128,0.8919174538127014
base,mnli+qnli+sst2+record+snli+paws+hellaswag,7,cola,0.5933578232569354,0.8605288429451841
base,mnli+qnli+sst2+record+snli+paws+hellaswag,7,cb,0.6489969747407096,0.8918630581881318
base,mnli+qnli+sst2+record+snli+paws+hellaswag,7,scitail,0.6950441535030093,0.8901448523891824
base,mnli+qnli+sst2+record+snli+paws+hellaswag,7,stsb,0.5336950572673231,0.8472633622586727
base,mnli+qnli+sst2+record+snli+paws+hellaswag,7,cr,0.6709281030510154,0.8922225785042558
base,mnli+qnli+sst2+record+snli+paws+hellaswag,7,rotten_tomatoes,0.6905293214534011,0.8957290809069361
base,mnli+qnli+sst2+record+snli+paws+hellaswag,7,multirc,0.6329778055660427,0.8756199503051383
base,mnli+qnli+sst2+record+snli+paws+hellaswag,7,copa,0.5425739078117269,0.8495312290532249
base,mnli+qnli+sst2+record+snli+paws+hellaswag,7,piqa,0.607381261619074,0.8683904595673084
base,mnli+qnli+sst2+record+snli+paws+hellaswag+winogrande,8,mrpc,0.6033314636775425,0.866334712931088
base,mnli+qnli+sst2+record+snli+paws+hellaswag+winogrande,8,boolq,0.6360387134232691,0.8757378171597209
base,mnli+qnli+sst2+record+snli+paws+hellaswag+winogrande,8,rte,0.6676365012036902,0.8916851947350162
base,mnli+qnli+sst2+record+snli+paws+hellaswag+winogrande,8,cola,0.5958774448372424,0.8607342189976147
base,mnli+qnli+sst2+record+snli+paws+hellaswag+winogrande,8,cb,0.6510436284754958,0.8915522987289088
base,mnli+qnli+sst2+record+snli+paws+hellaswag+winogrande,8,scitail,0.6959300296647208,0.8900139459541866
base,mnli+qnli+sst2+record+snli+paws+hellaswag+winogrande,8,stsb,0.5363570699202163,0.8474291318229267
base,mnli+qnli+sst2+record+snli+paws+hellaswag+winogrande,8,cr,0.6767259170966489,0.8922225896801267
base,mnli+qnli+sst2+record+snli+paws+hellaswag+winogrande,8,rotten_tomatoes,0.6956452541053295,0.8956652565726212
base,mnli+qnli+sst2+record+snli+paws+hellaswag+winogrande,8,multirc,0.6357833659276366,0.8757050306137119
base,mnli+qnli+sst2+record+snli+paws+hellaswag+winogrande,8,copa,0.5527264585585466,0.8521574025175401
base,mnli+qnli+sst2+record+snli+paws+hellaswag+winogrande,8,piqa,0.6437128085110869,0.8775305319577456
base,mnli+qnli+sst2+record+snli+paws+imdb,7,mrpc,0.5991465955573533,0.8670914678701332
base,mnli+qnli+sst2+record+snli+paws+imdb,7,boolq,0.6290804379220519,0.8757870040301766
base,mnli+qnli+sst2+record+snli+paws+imdb,7,rte,0.6644166585590158,0.8926201617079121
base,mnli+qnli+sst2+record+snli+paws+imdb,7,cola,0.5933875827384847,0.8611887392721006
base,mnli+qnli+sst2+record+snli+paws+imdb,7,cb,0.6521010989589351,0.8934651224740914
base,mnli+qnli+sst2+record+snli+paws+imdb,7,scitail,0.6936151999980211,0.8903823484267507
base,mnli+qnli+sst2+record+snli+paws+imdb,7,stsb,0.5304571672209671,0.8469047698059252
base,mnli+qnli+sst2+record+snli+paws+imdb,7,cr,0.7042035130517823,0.9011136293411255
base,mnli+qnli+sst2+record+snli+paws+imdb,7,rotten_tomatoes,0.726937485858798,0.9047099154974733
base,mnli+qnli+sst2+record+snli+paws+imdb,7,multirc,0.6278601255533951,0.8754838313907385
base,mnli+qnli+sst2+record+snli+paws+imdb,7,copa,0.5398988828861288,0.8478883025901658
base,mnli+qnli+sst2+record+snli+paws+imdb,7,piqa,0.5752045684494078,0.8542022526796375
base,mnli+qnli+sst2+record+snli+paws+imdb+hellaswag,8,mrpc,0.6023373162107808,0.8672427960804531
base,mnli+qnli+sst2+record+snli+paws+imdb+hellaswag,8,boolq,0.6327984223940543,0.8758036153657096
base,mnli+qnli+sst2+record+snli+paws+imdb+hellaswag,8,rte,0.6676509782139745,0.8927814002547946
base,mnli+qnli+sst2+record+snli+paws+imdb+hellaswag,8,cola,0.5962848596807037,0.8614192227167743
base,mnli+qnli+sst2+record+snli+paws+imdb+hellaswag,8,cb,0.6568685469350645,0.8938027040234634
base,mnli+qnli+sst2+record+snli+paws+imdb+hellaswag,8,scitail,0.6952272573752063,0.8902779963931867
base,mnli+qnli+sst2+record+snli+paws+imdb+hellaswag,8,stsb,0.5338319538360727,0.8472753603543554
base,mnli+qnli+sst2+record+snli+paws+imdb+hellaswag,8,cr,0.7059357126376459,0.9010199595774923
base,mnli+qnli+sst2+record+snli+paws+imdb+hellaswag,8,rotten_tomatoes,0.7278925933476005,0.9045282644884927
base,mnli+qnli+sst2+record+snli+paws+imdb+hellaswag,8,multirc,0.6318446359198008,0.8755621353962592
base,mnli+qnli+sst2+record+snli+paws+imdb+hellaswag,8,copa,0.5472692126807358,0.8503570729600531
base,mnli+qnli+sst2+record+snli+paws+imdb+hellaswag,8,piqa,0.6072094474386956,0.8683132686253104
base,mnli+qnli+sst2+record+snli+paws+imdb+hellaswag+winogrande,9,mrpc,0.6056693412496575,0.8672576940485409
base,mnli+qnli+sst2+record+snli+paws+imdb+hellaswag+winogrande,9,boolq,0.6356714669881123,0.8758835869708231
base,mnli+qnli+sst2+record+snli+paws+imdb+hellaswag+winogrande,9,rte,0.6700781301728317,0.8925238645502499
base,mnli+qnli+sst2+record+snli+paws+imdb+hellaswag+winogrande,9,cola,0.5987688074819744,0.8615706783852407
base,mnli+qnli+sst2+record+snli+paws+imdb+hellaswag+winogrande,9,cb,0.6588978064911706,0.8934526762792042
base,mnli+qnli+sst2+record+snli+paws+imdb+hellaswag+winogrande,9,scitail,0.6964641322514841,0.8901765790901014
base,mnli+qnli+sst2+record+snli+paws+imdb+hellaswag+winogrande,9,stsb,0.5366404344926455,0.8474213270736592
base,mnli+qnli+sst2+record+snli+paws+imdb+hellaswag+winogrande,9,cr,0.7076984635953393,0.9009000355643886
base,mnli+qnli+sst2+record+snli+paws+imdb+hellaswag+winogrande,9,rotten_tomatoes,0.7290235920143979,0.9043838993779251
base,mnli+qnli+sst2+record+snli+paws+imdb+hellaswag+winogrande,9,multirc,0.6343964874478323,0.8756589152451072
base,mnli+qnli+sst2+record+snli+paws+imdb+hellaswag+winogrande,9,copa,0.5570094494947365,0.8528992392654929
base,mnli+qnli+sst2+record+snli+paws+imdb+hellaswag+winogrande,9,piqa,0.6431620317245168,0.877433794949736
base,mnli+qnli+sst2+record+snli+paws+imdb+squad_v2,8,mrpc,0.6247155945748091,0.8673825881310872
base,mnli+qnli+sst2+record+snli+paws+imdb+squad_v2,8,boolq,0.6600897583578315,0.8749319541135004
base,mnli+qnli+sst2+record+snli+paws+imdb+squad_v2,8,rte,0.6873056665062904,0.8907658771744796
base,mnli+qnli+sst2+record+snli+paws+imdb+squad_v2,8,cola,0.6190668546727726,0.8634573564465556
base,mnli+qnli+sst2+record+snli+paws+imdb+squad_v2,8,cb,0.6754102182707616,0.8911990869258132
base,mnli+qnli+sst2+record+snli+paws+imdb+squad_v2,8,scitail,0.708076029217669,0.8892249579408339
base,mnli+qnli+sst2+record+snli+paws+imdb+squad_v2,8,stsb,0.5545618345162698,0.8478045721671411
base,mnli+qnli+sst2+record+snli+paws+imdb+squad_v2,8,cr,0.72029165870377,0.8987737308655467
base,mnli+qnli+sst2+record+snli+paws+imdb+squad_v2,8,rotten_tomatoes,0.7396948606308017,0.902702450220074
base,mnli+qnli+sst2+record+snli+paws+imdb+squad_v2,8,multirc,0.663108728826046,0.875994773581624
base,mnli+qnli+sst2+record+snli+paws+imdb+squad_v2,8,copa,0.5731320495584181,0.8496657075094325
base,mnli+qnli+sst2+record+snli+paws+imdb+squad_v2,8,piqa,0.5994809267244169,0.8552085592278412
