method,combo,n_tasks,target,sar,sar_iso
base,mnli+qnli+qqp+sst2+record+paws+imdb,7,mrpc,0.6464990310903106,0.8695040994456836
base,mnli+qnli+qqp+sst2+record+paws+imdb,7,boolq,0.6737494980916381,0.8764053947691407
base,mnli+qnli+qqp+sst2+record+paws+imdb,7,rte,0.7001910765788385,0.8914948957306998
base,mnli+qnli+qqp+sst2+record+paws+imdb,7,cola,0.6274023644759187,0.8611820164535727
base,mnli+qnli+qqp+sst2+record+paws+imdb,7,cb,0.671198357162731,0.8848435671201774
base,mnli+qnli+qqp+sst2+record+paws+imdb,7,scitail,0.7166664001664945,0.8895371295511723
base,mnli+qnli+qqp+sst2+record+paws+imdb,7,stsb,0.567777698127819,0.8474978038242885
base,mnli+qnli+qqp+sst2+record+paws+imdb,7,cr,0.7353933264634439,0.9007249463881765
base,mnli+qnli+qqp+sst2+record+paws+imdb,7,rotten_tomatoes,0.7539667718644653,0.9043667891195842
base,mnli+qnli+qqp+sst2+record+paws+imdb,7,multirc,0.671590516609805,0.8757325147411653
base,mnli+qnli+qqp+sst2+record+paws+imdb,7,copa,0.5814441289486629,0.8485877705471856
base,mnli+qnli+qqp+sst2+record+paws+imdb,7,piqa,0.6091131189438913,0.8541868251881429
base,mnli+qnli+qqp+sst2+record+paws+imdb+hellaswag,8,mrpc,0.6485501756625516,0.8696953372231552
base,mnli+qnli+qqp+sst2+record+paws+imdb+hellaswag,8,boolq,0.6750693471570101,0.8764006016509873
base,mnli+qnli+qqp+sst2+record+paws+imdb+hellaswag,8,rte,0.7024398632347584,0.8916825210409505
base,mnli+qnli+qqp+sst2+record+paws+imdb+hellaswag,8,cola,0.6296901998243162,0.8614426936422076
base,mnli+qnli+qqp+sst2+record+paws+imdb+hellaswag,8,cb,0.6747214248669999,0.8852481293891158
base,mnli+qnli+qqp+sst2+record+paws+imdb+hellaswag,8,scitail,0.7173297077949558,0.8893934419112546
base,mnli+qnli+qqp+sst2+record+paws+imdb+hellaswag,8,stsb,0.5714286636295063,0.8478781650108951
base,mnli+qnli+qqp+sst2+record+paws+imdb+hellaswag,8,cr,0.7363630440086126,0.9005664773285389
base,mnli+qnli+qqp+sst2+record+paws+imdb+hellaswag,8,rotten_tomatoes,0.7544382057551827,0.904175686516932
base,mnli+qnli+qqp+sst2+record+paws+imdb+hellaswag,8,multirc,0.6731778793036938,0.8757968622126749
base,mnli+qnli+qqp+sst2+record+paws+imdb+hellaswag,8,copa,0.588817410171032,0.850973766297102
base,mnli+qnli+qqp+sst2+record+paws+imdb+hellaswag,8,piqa,0.647329800429621,0.8679525091179779
base,mnli+qnli+qqp+sst2+record+paws+imdb+hellaswag+winogrande,9,mrpc,0.6496418177017144,0.8696716092526913
base,mnli+qnli+qqp+sst2+record+paws+imdb+hellaswag+winogrande,9,boolq,0.6761264038671341,0.8764254972338676
base,mnli+qnli+qqp+sst2+record+paws+imdb+hellaswag+winogrande,9,rte,0.7031969869775432,0.89151567114251
base,mnli+qnli+qqp+sst2+record+paws+imdb+hellaswag+winogrande,9,cola,0.6306851938632982,0.8615297294620957
base,mnli+qnli+qqp+sst2+record+paws+imdb+hellaswag+winogrande,9,cb,0.6752498511757169,0.8850792534649372
base,mnli+qnli+qqp+sst2+record+paws+imdb+hellaswag+winogrande,9,scitail,0.7173478518213544,0.8892136801566396
base,mnli+qnli+qqp+sst2+record+paws+imdb+hellaswag+winogrande,9,stsb,0.5730864241985338,0.8479839057794639
base,mnli+qnli+qqp+sst2+record+paws+imdb+hellaswag+winogrande,9,cr,0.7368204567049231,0.9004523291119507
base,mnli+qnli+qqp+sst2+record+paws+imdb+hellaswag+winogrande,9,rotten_tomatoes,0.7545421091573579,0.9040531095649514
base,mnli+qnli+qqp+sst2+record+paws+imdb+hellaswag+winogrande,9,multirc,0.6740243659753885,0.8758419869201524
base,mnli+qnli+qqp+sst2+record+paws+imdb+hellaswag+winogrande,9,copa,0.5968835854104587,0.8533987905830145
base,mnli+qnli+qqp+sst2+record+paws+imdb+hellaswag+winogrande,9,piqa,0.6806572269914406,0.8771301188639232
base,mnli+qnli+qqp+sst2+record+paws+imdb+squad_v2,8,mrpc,0.6618152617343834,0.8695946596562862
base,mnli+qnli+qqp+sst2+record+paws+imdb+squad_v2,8,boolq,0.6906653445746217,0.8756176345050335
base,mnli+qnli+qqp+sst2+record+paws+imdb+squad_v2,8,rte,0.712227298478995,0.8897927275725773
base,mnli+qnli+qqp+sst2+record+paws+imdb+squad_v2,8,cola,0.6496080338422742,0.8634511418640614
base,mnli+qnli+qqp+sst2+record+paws+imdb+squad_v2,8,cb,0.6864234028117997,0.8829303655241217
base,mnli+qnli+qqp+sst2+record+paws+imdb+squad_v2,8,scitail,0.7256036129380975,0.8883244057318994
base,mnli+qnli+qqp+sst2+record+paws+imdb+squad_v2,8,stsb,0.5882463638803789,0.8480683269777468
base,mnli+qnli+qqp+sst2+record+paws+imdb+squad_v2,8,cr,0.7418802569487265,0.8986190046582904
base,mnli+qnli+qqp+sst2+record+paws+imdb+squad_v2,8,rotten_tomatoes,0.7586319648793766,0.9025758025901658
base,mnli+qnli+qqp+sst2+record+paws+imdb+squad_v2,8,multirc,0.6934905762651137,0.8761935438960791
base,mnli+qnli+qqp+sst2+record+paws+imdb+squad_v2,8,copa,0.6072327138057777,0.8502390794456005
base,mnli+qnli+qqp+sst2+record+paws+imdb+squad_v2,8,piqa,0.6281173942344529,0.855040657733168
base,mnli+qnli+qqp+sst2+record+paws+imdb+squad_v2+hellaswag,9,mrpc,0.6631758119910955,0.8696980348655156
base,mnli+qnli+qqp+sst2+record+paws+imdb+squad_v2+hellaswag,9,boolq,0.6916279151503529,0.8756298545215812
base,mnli+qnli+qqp+sst2+record+paws+imdb+squad_v2+hellaswag,9,rte,0.7136914205870458,0.8899585828185081
base,mnli+qnli+qqp+sst2+record+paws+imdb+squad_v2+hellaswag,9,cola,0.6512924539191383,0.8636856134980917
base,mnli+qnli+qqp+sst2+record+paws+imdb+squad_v2+hellaswag,9,cb,0.688748003382768,0.8833768580641065
base,mnli+qnli+qqp+sst2+record+paws+imdb+squad_v2+hellaswag,9,scitail,0.7258524200213807,0.8882421204554183
base,mnli+qnli+qqp+sst2+record+paws+imdb+squad_v2+hellaswag,9,stsb,0.5912175259685942,0.8484059335397822
base,mnli+qnli+qqp+sst2+record+paws+imdb+squad_v2+hellaswag,9,cr,0.7424642254731485,0.8984790130385331
base,mnli+qnli+qqp+sst2+record+paws+imdb+squad_v2+hellaswag,9,rotten_tomatoes,0.7588924164218562,0.9024211950600147
base,mnli+qnli+qqp+sst2+record+paws+imdb+squad_v2+hellaswag,9,multirc,0.6945297263030495,0.8762525538248676
base,mnli+qnli+qqp+sst2+record+paws+imdb+squad_v2+hellaswag,9,copa,0.6131675030503955,0.852265039724963
base,mnli+qnli+qqp+sst2+record+paws+imdb+squad_v2+hellaswag,9,piqa,0.6646920167175787,0.8672085023884263
base,mnli+qnli+qqp+sst2+record+paws+imdb+squad_v2+hellaswag+winogrande,10,mrpc,0.6635275480470487,0.8697251464639392
base,mnli+qnli+qqp+sst2+record+paws+imdb+squad_v2+hellaswag+winogrande,10,boolq,0.6919470586414848,0.8756507576576301
base,mnli+qnli+qqp+sst2+record+paws+imdb+squad_v2+hellaswag+winogrande,10,rte,0.7132777380091804,0.8897817645754132
base,mnli+qnli+qqp+sst2+record+paws+imdb+squad_v2+hellaswag+winogrande,10,cola,0.6517799911754472,0.8637654587094273
base,mnli+qnli+qqp+sst2+record+paws+imdb+squad_v2+hellaswag+winogrande,10,cb,0.6888540796935558,0.8832858289991107
base,mnli+qnli+qqp+sst2+record+paws+imdb+squad_v2+hellaswag+winogrande,10,scitail,0.7255450543016195,0.8881460771496806
base,mnli+qnli+qqp+sst2+record+paws+imdb+squad_v2+hellaswag+winogrande,10,stsb,0.5920608088906322,0.8484512359968254
base,mnli+qnli+qqp+sst2+record+paws+imdb+squad_v2+hellaswag+winogrande,10,cr,0.7427637587700572,0.8984185425298554
base,mnli+qnli+qqp+sst2+record+paws+imdb+squad_v2+hellaswag+winogrande,10,rotten_tomatoes,0.7588120368974549,0.9023926481604576
base,mnli+qnli+qqp+sst2+record+paws+imdb+squad_v2+hellaswag+winogrande,10,multirc,0.6944801525345871,0.8762864616832563
base,mnli+qnli+qqp+sst2+record+paws+imdb+squad_v2+hellaswag+winogrande,10,copa,0.6191246842167207,0.8543663897684642
base,mnli+qnli+qqp+sst2+record+paws+imdb+squad_v2+hellaswag+winogrande,10,piqa,0.6950145941227674,0.8761345778724977
base,mnli+qnli+qqp+sst2+record+paws+imdb+squad_v2+winogrande,9,mrpc,0.6626179862235274,0.8695929715675967
base,mnli+qnli+qqp+sst2+record+paws+imdb+squad_v2+winogrande,9,boolq,0.6914890967309475,0.8756848980805704
base,mnli+qnli+qqp+sst2+record+paws+imdb+squad_v2+winogrande,9,rte,0.7122692058661154,0.889655771532229
base,mnli+qnli+qqp+sst2+record+paws+imdb+squad_v2+winogrande,9,cola,0.6505748943558761,0.8634975541915212
base,mnli+qnli+qqp+sst2+record+paws+imdb+squad_v2+winogrande,9,cb,0.6867896182728666,0.8828612289258412
base,mnli+qnli+qqp+sst2+record+paws+imdb+squad_v2+winogrande,9,scitail,0.7255529332906008,0.8882348489548478
base,mnli+qnli+qqp+sst2+record+paws+imdb+squad_v2+winogrande,9,stsb,0.5898765910949025,0.8481907668922629
base,mnli+qnli+qqp+sst2+record+paws+imdb+squad_v2+winogrande,9,cr,0.7424659284629992,0.8985461108386517
base,mnli+qnli+qqp+sst2+record+paws+imdb+squad_v2+winogrande,9,rotten_tomatoes,0.7587823652263198,0.9025109761527607
base,mnli+qnli+qqp+sst2+record+paws+imdb+squad_v2+winogrande,9,multirc,0.6938548966177872,0.8762734811753035
base,mnli+qnli+qqp+sst2+record+paws+imdb+squad_v2+winogrande,9,copa,0.614830474502274,0.8527211570846183
base,mnli+qnli+qqp+sst2+record+paws+imdb+squad_v2+winogrande,9,piqa,0.6798541489988565,0.8707850123090404
base,mnli+qnli+qqp+sst2+record+paws+imdb+winogrande,8,mrpc,0.648215625701206,0.8695926288408893
base,mnli+qnli+qqp+sst2+record+paws+imdb+winogrande,8,boolq,0.6751825806817838,0.8764430188706943
base,mnli+qnli+qqp+sst2+record+paws+imdb+winogrande,8,rte,0.7014848568609783,0.8913321016090257
base,mnli+qnli+qqp+sst2+record+paws+imdb+winogrande,8,cola,0.6289579592911261,0.8612780328840017
base,mnli+qnli+qqp+sst2+record+paws+imdb+winogrande,8,cb,0.6721725831074374,0.8847766704857349
base,mnli+qnli+qqp+sst2+record+paws+imdb+winogrande,8,scitail,0.7169409833316293,0.8893863846148763
base,mnli+qnli+qqp+sst2+record+paws+imdb+winogrande,8,stsb,0.5703092450276017,0.8476441505232027
base,mnli+qnli+qqp+sst2+record+paws+imdb+winogrande,8,cr,0.736197291208165,0.9006510855896133
base,mnli+qnli+qqp+sst2+record+paws+imdb+winogrande,8,rotten_tomatoes,0.7542827653565577,0.9042330762105328
base,mnli+qnli+qqp+sst2+record+paws+imdb+winogrande,8,multirc,0.6727093717615519,0.8757928498089314
base,mnli+qnli+qqp+sst2+record+paws+imdb+winogrande,8,copa,0.5909056216478348,0.851599528321198
base,mnli+qnli+qqp+sst2+record+paws+imdb+winogrande,8,piqa,0.6635076202718275,0.8714275823107788
base,mnli+qnli+qqp+sst2+record+paws+squad_v2,7,mrpc,0.6603125227349145,0.8686931463224548
base,mnli+qnli+qqp+sst2+record+paws+squad_v2,7,boolq,0.6912050348307405,0.8754385430365801
base,mnli+qnli+qqp+sst2+record+paws+squad_v2,7,rte,0.7102431383516107,0.8887393256383282
base,mnli+qnli+qqp+sst2+record+paws+squad_v2,7,cola,0.6487353907099792,0.8626947722264698
base,mnli+qnli+qqp+sst2+record+paws+squad_v2,7,cb,0.680245743532266,0.8805896629180227
base,mnli+qnli+qqp+sst2+record+paws+squad_v2,7,scitail,0.7260131218603679,0.8881988546677998
base,mnli+qnli+qqp+sst2+record+paws+squad_v2,7,stsb,0.5895222839234131,0.8480761745678527
base,mnli+qnli+qqp+sst2+record+paws+squad_v2,7,cr,0.7194146160036325,0.8896259058799062
base,mnli+qnli+qqp+sst2+record+paws+squad_v2,7,rotten_tomatoes,0.7348796674715621,0.8934986838804824
base,mnli+qnli+qqp+sst2+record+paws+squad_v2,7,multirc,0.6947594332907882,0.8762573267200163
base,mnli+qnli+qqp+sst2+record+paws+squad_v2,7,copa,0.6062919617231403,0.84956784759249
base,mnli+qnli+qqp+sst2+record+paws+squad_v2,7,piqa,0.629369637795857,0.8549770313714232
base,mnli+qnli+qqp+sst2+record+paws+squad_v2+hellaswag,8,mrpc,0.6617419280643974,0.8688299634626934
base,mnli+qnli+qqp+sst2+record+paws+squad_v2+hellaswag,8,boolq,0.6920437953834023,0.8754577639379671
base,mnli+qnli+qqp+sst2+record+paws+squad_v2+hellaswag,8,rte,0.7118927264319999,0.8889530295772212
base,mnli+qnli+qqp+sst2+record+paws+squad_v2+hellaswag,8,cola,0.6503996425973517,0.8629427605441639
base,mnli+qnli+qqp+sst2+record+paws+squad_v2+hellaswag,8,cb,0.6832515842148236,0.8811692505010537
base,mnli+qnli+qqp+sst2+record+paws+squad_v2+hellaswag,8,scitail,0.7261882171566997,0.8881078522120204
base,mnli+qnli+qqp+sst2+record+paws+squad_v2+hellaswag,8,stsb,0.5925910158881119,0.8484261674540383
base,mnli+qnli+qqp+sst2+record+paws+squad_v2+hellaswag,8,cr,0.7202940285205841,0.8896236499505383
base,mnli+qnli+qqp+sst2+record+paws+squad_v2+hellaswag,8,rotten_tomatoes,0.7353502860558885,0.8934191505291632
base,mnli+qnli+qqp+sst2+record+paws+squad_v2+hellaswag,8,multirc,0.695683265370982,0.8763098410729852
base,mnli+qnli+qqp+sst2+record+paws+squad_v2+hellaswag,8,copa,0.6120512900607926,0.8516080427382674
base,mnli+qnli+qqp+sst2+record+paws+squad_v2+hellaswag,8,piqa,0.6661972682923079,0.867253303527832
base,mnli+qnli+qqp+sst2+record+paws+squad_v2+hellaswag+winogrande,9,mrpc,0.6622102127543518,0.8688459832753453
base,mnli+qnli+qqp+sst2+record+paws+squad_v2+hellaswag+winogrande,9,boolq,0.6925059636788709,0.8755285745220525
base,mnli+qnli+qqp+sst2+record+paws+squad_v2+hellaswag+winogrande,9,rte,0.711567046386855,0.8887960224279335
base,mnli+qnli+qqp+sst2+record+paws+squad_v2+hellaswag+winogrande,9,cola,0.6508213550384555,0.8630089964717627
base,mnli+qnli+qqp+sst2+record+paws+squad_v2+hellaswag+winogrande,9,cb,0.6834489713822093,0.8810927963682583
base,mnli+qnli+qqp+sst2+record+paws+squad_v2+hellaswag+winogrande,9,scitail,0.7258873502058643,0.8880011995456049
base,mnli+qnli+qqp+sst2+record+paws+squad_v2+hellaswag+winogrande,9,stsb,0.5933970943359392,0.8484509808144399
base,mnli+qnli+qqp+sst2+record+paws+squad_v2+hellaswag+winogrande,9,cr,0.7209135671811444,0.889650397002697
base,mnli+qnli+qqp+sst2+record+paws+squad_v2+hellaswag+winogrande,9,rotten_tomatoes,0.7354609247829232,0.8934449662587473
base,mnli+qnli+qqp+sst2+record+paws+squad_v2+hellaswag+winogrande,9,multirc,0.69566068478993,0.8763357251882553
base,mnli+qnli+qqp+sst2+record+paws+squad_v2+hellaswag+winogrande,9,copa,0.6182049225483622,0.8537926623331649
base,mnli+qnli+qqp+sst2+record+paws+squad_v2+hellaswag+winogrande,9,piqa,0.696352859426822,0.8761645635323865
base,mnli+qnli+qqp+sst2+record+paws+squad_v2+winogrande,8,mrpc,0.6612795210842576,0.8686900979706219
base,mnli+qnli+qqp+sst2+record+paws+squad_v2+winogrande,8,boolq,0.6920045002230576,0.8755393669541393
base,mnli+qnli+qqp+sst2+record+paws+squad_v2+winogrande,8,rte,0.7103968704385417,0.8886035425322396
base,mnli+qnli+qqp+sst2+record+paws+squad_v2+winogrande,8,cola,0.6496474381004061,0.8627644146659544
base,mnli+qnli+qqp+sst2+record+paws+squad_v2+winogrande,8,cb,0.6810232746813979,0.8805631564131805
base,mnli+qnli+qqp+sst2+record+paws+squad_v2+winogrande,8,scitail,0.7258827460131475,0.8880618097526687
base,mnli+qnli+qqp+sst2+record+paws+squad_v2+winogrande,8,stsb,0.5911940970857229,0.8481755796819925
base,mnli+qnli+qqp+sst2+record+paws+squad_v2+winogrande,8,cr,0.720344675970929,0.8896568209997245
base,mnli+qnli+qqp+sst2+record+paws+squad_v2+winogrande,8,rotten_tomatoes,0.7352954082723174,0.8935030060155051
base,mnli+qnli+qqp+sst2+record+paws+squad_v2+winogrande,8,multirc,0.6951060869864055,0.876317332099591
base,mnli+qnli+qqp+sst2+record+paws+squad_v2+winogrande,8,copa,0.6139082610607147,0.852088115843279
base,mnli+qnli+qqp+sst2+record+paws+squad_v2+winogrande,8,piqa,0.6810780665171998,0.870795551687479
base,mnli+qnli+qqp+sst2+record+paws+winogrande,7,mrpc,0.6462628923888717,0.8686237995113645
base,mnli+qnli+qqp+sst2+record+paws+winogrande,7,boolq,0.6758683055107083,0.8762921648366111
base,mnli+qnli+qqp+sst2+record+paws+winogrande,7,rte,0.699284425537501,0.8903362671179431
base,mnli+qnli+qqp+sst2+record+paws+winogrande,7,cola,0.6273344752511808,0.8604669312813452
base,mnli+qnli+qqp+sst2+record+paws+winogrande,7,cb,0.665078729391098,0.8823785446584225
base,mnli+qnli+qqp+sst2+record+paws+winogrande,7,scitail,0.7173292205802032,0.88925007677504
base,mnli+qnli+qqp+sst2+record+paws+winogrande,7,stsb,0.5713589710981718,0.8476132074637073
base,mnli+qnli+qqp+sst2+record+paws+winogrande,7,cr,0.7117254899016449,0.8916936612554959
base,mnli+qnli+qqp+sst2+record+paws+winogrande,7,rotten_tomatoes,0.7292124208595071,0.8952478899487427
base,mnli+qnli+qqp+sst2+record+paws+winogrande,7,multirc,0.6743113390569176,0.8758147869791303
base,mnli+qnli+qqp+sst2+record+paws+winogrande,7,copa,0.5885868739070637,0.8508263070668493
base,mnli+qnli+qqp+sst2+record+paws+winogrande,7,piqa,0.6649091652195368,0.8713870311954192
base,mnli+qnli+qqp+sst2+record+snli,6,mrpc,0.6105778447485396,0.8673994780651161
base,mnli+qnli+qqp+sst2+record+snli,6,boolq,0.5886760230974427,0.8573817988591534
base,mnli+qnli+qqp+sst2+record+snli,6,rte,0.6657115122569459,0.8901756767715726
base,mnli+qnli+qqp+sst2+record+snli,6,cola,0.597967028883951,0.8599902497870582
base,mnli+qnli+qqp+sst2+record+snli,6,cb,0.6466272289731673,0.8890003290559564
base,mnli+qnli+qqp+sst2+record+snli,6,scitail,0.6995222278471503,0.8907552111361708
base,mnli+qnli+qqp+sst2+record+snli,6,stsb,0.5387825786269137,0.8469652062548059
base,mnli+qnli+qqp+sst2+record+snli,6,cr,0.663738626920219,0.88985425978899
base,mnli+qnli+qqp+sst2+record+snli,6,rotten_tomatoes,0.6821240129481468,0.8935745068426643
base,mnli+qnli+qqp+sst2+record+snli,6,multirc,0.6007666962354311,0.8596116708857673
base,mnli+qnli+qqp+sst2+record+snli,6,copa,0.5438665127647775,0.8466366401740483
base,mnli+qnli+qqp+sst2+record+snli,6,piqa,0.5821786179273788,0.8538199971829142
base,mnli+qnli+qqp+sst2+record+snli+anli_r1,7,mrpc,0.6130035032651254,0.8684810474514961
base,mnli+qnli+qqp+sst2+record+snli+anli_r1,7,boolq,0.5877587650902569,0.8576644757496459
base,mnli+qnli+qqp+sst2+record+snli+anli_r1,7,rte,0.6740963429744754,0.8931836948863098
base,mnli+qnli+qqp+sst2+record+snli+anli_r1,7,cola,0.5985756352144692,0.8604829665273428
base,mnli+qnli+qqp+sst2+record+snli+anli_r1,7,cb,0.6718672191990274,0.898175088422639
base,mnli+qnli+qqp+sst2+record+snli+anli_r1,7,scitail,0.7051064992057425,0.8925868248833078
base,mnli+qnli+qqp+sst2+record+snli+anli_r1,7,stsb,0.5371038102145705,0.8471284197377307
base,mnli+qnli+qqp+sst2+record+snli+anli_r1,7,cr,0.6637325540318021,0.8904457613825798
base,mnli+qnli+qqp+sst2+record+snli+anli_r1,7,rotten_tomatoes,0.6800185957524393,0.8937594424933195
base,mnli+qnli+qqp+sst2+record+snli+anli_r1,7,multirc,0.5993257795593568,0.8598040017698493
base,mnli+qnli+qqp+sst2+record+snli+anli_r1,7,copa,0.543637008605791,0.8469545141394649
base,mnli+qnli+qqp+sst2+record+snli+anli_r1,7,piqa,0.5804152745820049,0.8539065330156258
base,mnli+qnli+qqp+sst2+record+snli+anli_r1+hellaswag,8,mrpc,0.6155651061396513,0.8686994441917965
base,mnli+qnli+qqp+sst2+record+snli+anli_r1+hellaswag,8,boolq,0.5904111665939646,0.8578613956591913
base,mnli+qnli+qqp+sst2+record+snli+anli_r1+hellaswag,8,rte,0.6767189853957721,0.8933456045176301
base,mnli+qnli+qqp+sst2+record+snli+anli_r1+hellaswag,8,cola,0.6008645010047725,0.8605809685375009
base,mnli+qnli+qqp+sst2+record+snli+anli_r1+hellaswag,8,cb,0.675482174913798,0.8984142541885376
base,mnli+qnli+qqp+sst2+record+snli+anli_r1+hellaswag,8,scitail,0.7062012502657515,0.892509062109249
base,mnli+qnli+qqp+sst2+record+snli+anli_r1+hellaswag,8,stsb,0.5399116862432233,0.8475054486521653
base,mnli+qnli+qqp+sst2+record+snli+anli_r1+hellaswag,8,cr,0.6662390806845256,0.8904651696128505
base,mnli+qnli+qqp+sst2+record+snli+anli_r1+hellaswag,8,rotten_tomatoes,0.6820017809846571,0.8937032377081258
base,mnli+qnli+qqp+sst2+record+snli+anli_r1+hellaswag,8,multirc,0.601669766208423,0.8600504259978022
base,mnli+qnli+qqp+sst2+record+snli+anli_r1+hellaswag,8,copa,0.5498452014289796,0.8492690314139638
base,mnli+qnli+qqp+sst2+record+snli+anli_r1+hellaswag,8,piqa,0.6096380294766277,0.8672233125461
base,mnli+qnli+qqp+sst2+record+snli+anli_r1+hellaswag+winogrande,9,mrpc,0.61781735931124,0.8686956970819405
base,mnli+qnli+qqp+sst2+record+snli+anli_r1+hellaswag+winogrande,9,boolq,0.593521519431046,0.8580547938389438
base,mnli+qnli+qqp+sst2+record+snli+anli_r1+hellaswag+winogrande,9,rte,0.6779004149138927,0.8931944875844887
base,mnli+qnli+qqp+sst2+record+snli+anli_r1+hellaswag+winogrande,9,cola,0.6028069808546986,0.860761500362839
base,mnli+qnli+qqp+sst2+record+snli+anli_r1+hellaswag+winogrande,9,cb,0.6773009082036359,0.8982402448143277
base,mnli+qnli+qqp+sst2+record+snli+anli_r1+hellaswag+winogrande,9,scitail,0.7069681560886758,0.8924122487327882
base,mnli+qnli+qqp+sst2+record+snli+anli_r1+hellaswag+winogrande,9,stsb,0.542253786265584,0.847603822925261
base,mnli+qnli+qqp+sst2+record+snli+anli_r1+hellaswag+winogrande,9,cr,0.6701017670732524,0.890479715274913
base,mnli+qnli+qqp+sst2+record+snli+anli_r1+hellaswag+winogrande,9,rotten_tomatoes,0.6854911217066858,0.8936546176139798
base,mnli+qnli+qqp+sst2+record+snli+anli_r1+hellaswag+winogrande,9,multirc,0.6037405755903039,0.8601948113313743
base,mnli+qnli+qqp+sst2+record+snli+anli_r1+hellaswag+winogrande,9,copa,0.5578839415684342,0.8517351062702281
base,mnli+qnli+qqp+sst2+record+snli+anli_r1+hellaswag+winogrande,9,piqa,0.6425144911211517,0.8763176021831376
base,mnli+qnli+qqp+sst2+record+snli+anli_r1+imdb,8,mrpc,0.6157671328900116,0.8692915365099907
base,mnli+qnli+qqp+sst2+record+snli+anli_r1+imdb,8,boolq,0.5892679244279861,0.8578784896859101
base,mnli+qnli+qqp+sst2+record+snli+anli_r1+imdb,8,rte,0.6766154444111245,0.8939557341592652
base,mnli+qnli+qqp+sst2+record+snli+anli_r1+imdb,8,cola,0.6010903709435037,0.8611959147133997
base,mnli+qnli+qqp+sst2+record+snli+anli_r1+imdb,8,cb,0.6781542037746736,0.8995988214654582
base,mnli+qnli+qqp+sst2+record+snli+anli_r1+imdb,8,scitail,0.7054153893675122,0.8927173792783704
base,mnli+qnli+qqp+sst2+record+snli+anli_r1+imdb,8,stsb,0.5372723927721381,0.847158245742321
base,mnli+qnli+qqp+sst2+record+snli+anli_r1+imdb,8,cr,0.6957996486287031,0.8987213154988629
base,mnli+qnli+qqp+sst2+record+snli+anli_r1+imdb,8,rotten_tomatoes,0.7159069958808166,0.9025090086672988
base,mnli+qnli+qqp+sst2+record+snli+anli_r1+imdb,8,multirc,0.599543125834316,0.8597642369568348
base,mnli+qnli+qqp+sst2+record+snli+anli_r1+imdb,8,copa,0.5475577292298632,0.847788148692676
base,mnli+qnli+qqp+sst2+record+snli+anli_r1+imdb,8,piqa,0.5807840345826533,0.854004267603159
base,mnli+qnli+qqp+sst2+record+snli+anli_r1+imdb+hellaswag,9,mrpc,0.6180168746837548,0.8694764157491071
base,mnli+qnli+qqp+sst2+record+snli+anli_r1+imdb+hellaswag,9,boolq,0.5918308314867318,0.8580551857927016
base,mnli+qnli+qqp+sst2+record+snli+anli_r1+imdb+hellaswag,9,rte,0.6791368704289198,0.8940339679164546
base,mnli+qnli+qqp+sst2+record+snli+anli_r1+imdb+hellaswag,9,cola,0.6032845652662218,0.8612792058182615
base,mnli+qnli+qqp+sst2+record+snli+anli_r1+imdb+hellaswag,9,cb,0.6814877465367317,0.8997655399143696
base,mnli+qnli+qqp+sst2+record+snli+anli_r1+imdb+hellaswag,9,scitail,0.7066358828118869,0.8926091595952
base,mnli+qnli+qqp+sst2+record+snli+anli_r1+imdb+hellaswag,9,stsb,0.540042226136263,0.8475377368075507
base,mnli+qnli+qqp+sst2+record+snli+anli_r1+imdb+hellaswag,9,cr,0.6971456379230533,0.8986784762569836
base,mnli+qnli+qqp+sst2+record+snli+anli_r1+imdb+hellaswag,9,rotten_tomatoes,0.7166954064741731,0.9024010055831501
base,mnli+qnli+qqp+sst2+record+snli+anli_r1+imdb+hellaswag,9,multirc,0.6017594828403422,0.8600175830402544
base,mnli+qnli+qqp+sst2+record+snli+anli_r1+imdb+hellaswag,9,copa,0.5535241249017417,0.8500156532973051
base,mnli+qnli+qqp+sst2+record+snli+anli_r1+imdb+hellaswag,9,piqa,0.6094710785962109,0.8672724352883441
base,mnli+qnli+qqp+sst2+record+snli+anli_r1+imdb+hellaswag+winogrande,10,mrpc,0.6202460894627231,0.8694222920707294
base,mnli+qnli+qqp+sst2+record+snli+anli_r1+imdb+hellaswag+winogrande,10,boolq,0.5947799650686127,0.8582708721182176
base,mnli+qnli+qqp+sst2+record+snli+anli_r1+imdb+hellaswag+winogrande,10,rte,0.6802031600049564,0.893871973667826
base,mnli+qnli+qqp+sst2+record+snli+anli_r1+imdb+hellaswag+winogrande,10,cola,0.6051992120753441,0.8614169721092496
base,mnli+qnli+qqp+sst2+record+snli+anli_r1+imdb+hellaswag+winogrande,10,cb,0.6829713069434676,0.8995863869786263
base,mnli+qnli+qqp+sst2+record+snli+anli_r1+imdb+hellaswag+winogrande,10,scitail,0.7073318080178329,0.8925136543278184
base,mnli+qnli+qqp+sst2+record+snli+anli_r1+imdb+hellaswag+winogrande,10,stsb,0.5422612247389874,0.8476545682975224
base,mnli+qnli+qqp+sst2+record+snli+anli_r1+imdb+hellaswag+winogrande,10,cr,0.7009715477802924,0.8986121820552009
base,mnli+qnli+qqp+sst2+record+snli+anli_r1+imdb+hellaswag+winogrande,10,rotten_tomatoes,0.7200486938069973,0.9023092506187302
base,mnli+qnli+qqp+sst2+record+snli+anli_r1+imdb+hellaswag+winogrande,10,multirc,0.603770710793989,0.8602026783462081
base,mnli+qnli+qqp+sst2+record+snli+anli_r1+imdb+hellaswag+winogrande,10,copa,0.5612927969944265,0.852383187838963
base,mnli+qnli+qqp+sst2+record+snli+anli_r1+imdb+hellaswag+winogrande,10,piqa,0.6420382276576545,0.8763371737939971
base,mnli+qnli+qqp+sst2+record+snli+anli_r1+imdb+squad_v2,9,mrpc,0.6335437359022242,0.8695958905986377
base,mnli+qnli+qqp+sst2+record+snli+anli_r1+imdb+squad_v2,9,boolq,0.606257652531245,0.858619214700801
base,mnli+qnli+qqp+sst2+record+snli+anli_r1+imdb+squad_v2,9,rte,0.6921713746019772,0.8924924544990063
base,mnli+qnli+qqp+sst2+record+snli+anli_r1+imdb+squad_v2,9,cola,0.6195448822607952,0.863525901255863
base,mnli+qnli+qqp+sst2+record+snli+anli_r1+imdb+squad_v2,9,cb,0.6930934031094823,0.8977983013859817
base,mnli+qnli+qqp+sst2+record+snli+anli_r1+imdb+squad_v2,9,scitail,0.7157123679561275,0.8917089040790286
base,mnli+qnli+qqp+sst2+record+snli+anli_r1+imdb+squad_v2,9,stsb,0.5554813668797058,0.8479359559714794
base,mnli+qnli+qqp+sst2+record+snli+anli_r1+imdb+squad_v2,9,cr,0.7099443736619183,0.8969654222684247
base,mnli+qnli+qqp+sst2+record+snli+anli_r1+imdb+squad_v2,9,rotten_tomatoes,0.7279524635523558,0.9010305229042258
base,mnli+qnli+qqp+sst2+record+snli+anli_r1+imdb+squad_v2,9,multirc,0.6187038035797221,0.8613003572182996
base,mnli+qnli+qqp+sst2+record+snli+anli_r1+imdb+squad_v2,9,copa,0.5715680625289679,0.8495556533868823
base,mnli+qnli+qqp+sst2+record+snli+anli_r1+imdb+squad_v2,9,piqa,0.5984309744089842,0.8550126371639115
base,mnli+qnli+qqp+sst2+record+snli+anli_r1+imdb+squad_v2+hellaswag,10,mrpc,0.6353608329913446,0.8696858175098896
base,mnli+qnli+qqp+sst2+record+snli+anli_r1+imdb+squad_v2+hellaswag,10,boolq,0.6080092771111855,0.8587229515292815
base,mnli+qnli+qqp+sst2+record+snli+anli_r1+imdb+squad_v2+hellaswag,10,rte,0.6940762025437185,0.8926916920713016
base,mnli+qnli+qqp+sst2+record+snli+anli_r1+imdb+squad_v2+hellaswag,10,cola,0.6211068994764771,0.8637265195803983
base,mnli+qnli+qqp+sst2+record+snli+anli_r1+imdb+squad_v2+hellaswag,10,cb,0.6956332144992692,0.897971724825246
base,mnli+qnli+qqp+sst2+record+snli+anli_r1+imdb+squad_v2+hellaswag,10,scitail,0.7162974846682378,0.891673939834748
base,mnli+qnli+qqp+sst2+record+snli+anli_r1+imdb+squad_v2+hellaswag,10,stsb,0.5576301695379827,0.8481931478849479
base,mnli+qnli+qqp+sst2+record+snli+anli_r1+imdb+squad_v2+hellaswag,10,cr,0.7153199546571288,0.8969558589160442
base,mnli+qnli+qqp+sst2+record+snli+anli_r1+imdb+squad_v2+hellaswag,10,rotten_tomatoes,0.7332507355936936,0.9009328218443053
base,mnli+qnli+qqp+sst2+record+snli+anli_r1+imdb+squad_v2+hellaswag,10,multirc,0.6202680969477764,0.8614303456353289
base,mnli+qnli+qqp+sst2+record+snli+anli_r1+imdb+squad_v2+hellaswag,10,copa,0.5765973151262317,0.8513966620500598
base,mnli+qnli+qqp+sst2+record+snli+anli_r1+imdb+squad_v2+hellaswag,10,piqa,0.6255386756466967,0.8666524006319898
base,mnli+qnli+qqp+sst2+record+snli+anli_r1+imdb+squad_v2+hellaswag+winogrande,11,mrpc,0.6365223417856863,0.8697020693549088
base,mnli+qnli+qqp+sst2+record+snli+anli_r1+imdb+squad_v2+hellaswag+winogrande,11,boolq,0.6100423969993634,0.858938609382936
base,mnli+qnli+qqp+sst2+record+snli+anli_r1+imdb+squad_v2+hellaswag+winogrande,11,rte,0.6944441694234099,0.8925145433417389
base,mnli+qnli+qqp+sst2+record+snli+anli_r1+imdb+squad_v2+hellaswag+winogrande,11,cola,0.6224401027762464,0.8637939103479896
base,mnli+qnli+qqp+sst2+record+snli+anli_r1+imdb+squad_v2+hellaswag+winogrande,11,cb,0.6959622358637196,0.897831743316991
base,mnli+qnli+qqp+sst2+record+snli+anli_r1+imdb+squad_v2+hellaswag+winogrande,11,scitail,0.7165376086320195,0.891612828576139
base,mnli+qnli+qqp+sst2+record+snli+anli_r1+imdb+squad_v2+hellaswag+winogrande,11,stsb,0.5591458146726447,0.8482823933341673
base,mnli+qnli+qqp+sst2+record+snli+anli_r1+imdb+squad_v2+hellaswag+winogrande,11,cr,0.7160924641149384,0.8969500320298331
base,mnli+qnli+qqp+sst2+record+snli+anli_r1+imdb+squad_v2+hellaswag+winogrande,11,rotten_tomatoes,0.7336584805910077,0.9009074632610593
base,mnli+qnli+qqp+sst2+record+snli+anli_r1+imdb+squad_v2+hellaswag+winogrande,11,multirc,0.6215992047717529,0.8616121280938387
base,mnli+qnli+qqp+sst2+record+snli+anli_r1+imdb+squad_v2+hellaswag+winogrande,11,copa,0.5832088449969888,0.8533861618489027
base,mnli+qnli+qqp+sst2+record+snli+anli_r1+imdb+squad_v2+hellaswag+winogrande,11,piqa,0.6584712576919368,0.8755740925137486
base,mnli+qnli+qqp+sst2+record+snli+anli_r1+imdb+squad_v2+winogrande,10,mrpc,0.6352210031556231,0.8696167043277195
base,mnli+qnli+qqp+sst2+record+snli+anli_r1+imdb+squad_v2+winogrande,10,boolq,0.608760854295854,0.8588267189583608
base,mnli+qnli+qqp+sst2+record+snli+anli_r1+imdb+squad_v2+winogrande,10,rte,0.6931071606065545,0.892353216452258
base,mnli+qnli+qqp+sst2+record+snli+anli_r1+imdb+squad_v2+winogrande,10,cola,0.6212283267772624,0.8636411263474396
base,mnli+qnli+qqp+sst2+record+snli+anli_r1+imdb+squad_v2+winogrande,10,cb,0.6941688648824181,0.897645710834435
base,mnli+qnli+qqp+sst2+record+snli+anli_r1+imdb+squad_v2+winogrande,10,scitail,0.7162355964205095,0.8916333088917392
base,mnli+qnli+qqp+sst2+record+snli+anli_r1+imdb+squad_v2+winogrande,10,stsb,0.5575167692399451,0.8480664765728372
base,mnli+qnli+qqp+sst2+record+snli+anli_r1+imdb+squad_v2+winogrande,10,cr,0.7156320389892373,0.8969467548387391
base,mnli+qnli+qqp+sst2+record+snli+anli_r1+imdb+squad_v2+winogrande,10,rotten_tomatoes,0.7334988002798387,0.9010262116789818
base,mnli+qnli+qqp+sst2+record+snli+anli_r1+imdb+squad_v2+winogrande,10,multirc,0.6202730425367398,0.8614757736878735
base,mnli+qnli+qqp+sst2+record+snli+anli_r1+imdb+squad_v2+winogrande,10,copa,0.5783485026497927,0.8518315995378154
base,mnli+qnli+qqp+sst2+record+snli+anli_r1+imdb+squad_v2+winogrande,10,piqa,0.6402260407672397,0.8705389332026243
base,mnli+qnli+qqp+sst2+record+snli+anli_r1+imdb+winogrande,9,mrpc,0.6183842214356575,0.8693279762353215
base,mnli+qnli+qqp+sst2+record+snli+anli_r1+imdb+winogrande,9,boolq,0.5928005900766168,0.8581526018679142
base,mnli+qnli+qqp+sst2+record+snli+anli_r1+imdb+winogrande,9,rte,0.6781866981514862,0.8937757568699973
base,mnli+qnli+qqp+sst2+record+snli+anli_r1+imdb+winogrande,9,cola,0.6034597739843386,0.8613233068691832
base,mnli+qnli+qqp+sst2+record+snli+anli_r1+imdb+winogrande,9,cb,0.6801190448126623,0.8993686985756669
base,mnli+qnli+qqp+sst2+record+snli+anli_r1+imdb+winogrande,9,scitail,0.7065541153507573,0.8926044651972396
base,mnli+qnli+qqp+sst2+record+snli+anli_r1+imdb+winogrande,9,stsb,0.5401201677907791,0.8473476035786527
base,mnli+qnli+qqp+sst2+record+snli+anli_r1+imdb+winogrande,9,cr,0.6977603021743042,0.8986802707825389
base,mnli+qnli+qqp+sst2+record+snli+anli_r1+imdb+winogrande,9,rotten_tomatoes,0.7171437043164458,0.9024325465517384
base,mnli+qnli+qqp+sst2+record+snli+anli_r1+imdb+winogrande,9,multirc,0.6019219633724008,0.8600044857178416
base,mnli+qnli+qqp+sst2+record+snli+anli_r1+imdb+winogrande,9,copa,0.5553721232738879,0.8507409936615399
base,mnli+qnli+qqp+sst2+record+snli+anli_r1+imdb+winogrande,9,piqa,0.6226678091833102,0.8710162320307323
base,mnli+qnli+qqp+sst2+record+snli+anli_r1+paws,8,mrpc,0.6151085402816534,0.8689948325710637
base,mnli+qnli+qqp+sst2+record+snli+anli_r1+paws,8,boolq,0.6294518206268549,0.8748797888734511
base,mnli+qnli+qqp+sst2+record+snli+anli_r1+paws,8,rte,0.6752302918050971,0.8933955271329198
base,mnli+qnli+qqp+sst2+record+snli+anli_r1+paws,8,cola,0.6001422618116651,0.8607222033398492
base,mnli+qnli+qqp+sst2+record+snli+anli_r1+paws,8,cb,0.6713224753205266,0.897706460739885
base,mnli+qnli+qqp+sst2+record+snli+anli_r1+paws,8,scitail,0.7060404398611614,0.8927117993256876
base,mnli+qnli+qqp+sst2+record+snli+anli_r1+paws,8,stsb,0.5384536719814476,0.8474588074854442
base,mnli+qnli+qqp+sst2+record+snli+anli_r1+paws,8,cr,0.6658124833234719,0.8902011864951679
base,mnli+qnli+qqp+sst2+record+snli+anli_r1+paws,8,rotten_tomatoes,0.6826924474111625,0.8935384556118932
base,mnli+qnli+qqp+sst2+record+snli+anli_r1+paws,8,multirc,0.6305275341229779,0.8750833738595247
base,mnli+qnli+qqp+sst2+record+snli+anli_r1+paws,8,copa,0.5449058683589101,0.8472677769937685
base,mnli+qnli+qqp+sst2+record+snli+anli_r1+paws,8,piqa,0.582782533784796,0.8544323125055858
base,mnli+qnli+qqp+sst2+record+snli+anli_r1+paws+hellaswag,9,mrpc,0.6174307112981167,0.8691862374544144
base,mnli+qnli+qqp+sst2+record+snli+anli_r1+paws+hellaswag,9,boolq,0.6317241009590882,0.8749134646994727
base,mnli+qnli+qqp+sst2+record+snli+anli_r1+paws+hellaswag,9,rte,0.6775607887123313,0.8935332798532077
base,mnli+qnli+qqp+sst2+record+snli+anli_r1+paws+hellaswag,9,cola,0.6023187901425574,0.8608999752572605
base,mnli+qnli+qqp+sst2+record+snli+anli_r1+paws+hellaswag,9,cb,0.6746592628104346,0.8979072581444468
base,mnli+qnli+qqp+sst2+record+snli+anli_r1+paws+hellaswag,9,scitail,0.7070813490343946,0.8926581492913621
base,mnli+qnli+qqp+sst2+record+snli+anli_r1+paws+hellaswag,9,stsb,0.5410819903814367,0.8478146514722279
base,mnli+qnli+qqp+sst2+record+snli+anli_r1+paws+hellaswag,9,cr,0.6674377465221498,0.8902475354926926
base,mnli+qnli+qqp+sst2+record+snli+anli_r1+paws+hellaswag,9,rotten_tomatoes,0.6836527719694588,0.8934735267290047
base,mnli+qnli+qqp+sst2+record+snli+anli_r1+paws+hellaswag,9,multirc,0.6327257461712829,0.8751179514718908
base,mnli+qnli+qqp+sst2+record+snli+anli_r1+paws+hellaswag,9,copa,0.550790295470506,0.8493358535426003
base,mnli+qnli+qqp+sst2+record+snli+anli_r1+paws+hellaswag,9,piqa,0.6109722597923662,0.867474479334695
base,mnli+qnli+qqp+sst2+record+snli+anli_r1+paws+hellaswag+winogrande,10,mrpc,0.6194983365546379,0.8691823908260891
base,mnli+qnli+qqp+sst2+record+snli+anli_r1+paws+hellaswag+winogrande,10,boolq,0.633712291318391,0.8749534916132689
base,mnli+qnli+qqp+sst2+record+snli+anli_r1+paws+hellaswag+winogrande,10,rte,0.6789268380297082,0.8933650212628501
base,mnli+qnli+qqp+sst2+record+snli+anli_r1+paws+hellaswag+winogrande,10,cola,0.6038937960485262,0.860971740846123
base,mnli+qnli+qqp+sst2+record+snli+anli_r1+paws+hellaswag+winogrande,10,cb,0.6762453469314745,0.8977389777345317
base,mnli+qnli+qqp+sst2+record+snli+anli_r1+paws+hellaswag+winogrande,10,scitail,0.7079298427062375,0.8925201443157026
base,mnli+qnli+qqp+sst2+record+snli+anli_r1+paws+hellaswag+winogrande,10,stsb,0.5432491502059358,0.8478879729019744
base,mnli+qnli+qqp+sst2+record+snli+anli_r1+paws+hellaswag+winogrande,10,cr,0.6694846248387226,0.8902906429554734
base,mnli+qnli+qqp+sst2+record+snli+anli_r1+paws+hellaswag+winogrande,10,rotten_tomatoes,0.6850327103664833,0.893447304676686
base,mnli+qnli+qqp+sst2+record+snli+anli_r1+paws+hellaswag+winogrande,10,multirc,0.6342827220048223,0.8751714466405767
base,mnli+qnli+qqp+sst2+record+snli+anli_r1+paws+hellaswag+winogrande,10,copa,0.5584905501455069,0.8517772970455033
base,mnli+qnli+qqp+sst2+record+snli+anli_r1+paws+hellaswag+winogrande,10,piqa,0.6431177703198045,0.8764785259429898
base,mnli+qnli+qqp+sst2+record+snli+anli_r1+paws+imdb,9,mrpc,0.617669679091445,0.8697428591549397
base,mnli+qnli+qqp+sst2+record+snli+anli_r1+paws+imdb,9,boolq,0.6299451305530965,0.8750272409192154
base,mnli+qnli+qqp+sst2+record+snli+anli_r1+paws+imdb,9,rte,0.6775763540395668,0.8941007921738284
base,mnli+qnli+qqp+sst2+record+snli+anli_r1+paws+imdb,9,cola,0.6025938838720322,0.8614153811442
base,mnli+qnli+qqp+sst2+record+snli+anli_r1+paws+imdb,9,cb,0.6773405841418675,0.8991369775363377
base,mnli+qnli+qqp+sst2+record+snli+anli_r1+paws+imdb,9,scitail,0.7064515807266746,0.8928382968796151
base,mnli+qnli+qqp+sst2+record+snli+anli_r1+paws+imdb,9,stsb,0.5386802234154727,0.847469183483294
base,mnli+qnli+qqp+sst2+record+snli+anli_r1+paws+imdb,9,cr,0.6952418662341577,0.8984606734343937
base,mnli+qnli+qqp+sst2+record+snli+anli_r1+paws+imdb,9,rotten_tomatoes,0.7154553765431046,0.9022268956261021
base,mnli+qnli+qqp+sst2+record+snli+anli_r1+paws+imdb,9,multirc,0.6297955119184085,0.8750682576958623
base,mnli+qnli+qqp+sst2+record+snli+anli_r1+paws+imdb,9,copa,0.5487015995729182,0.848022595580135
base,mnli+qnli+qqp+sst2+record+snli+anli_r1+paws+imdb,9,piqa,0.5829930207026857,0.8544765984905618
base,mnli+qnli+qqp+sst2+record+snli+anli_r1+paws+imdb+hellaswag,10,mrpc,0.6197959667603884,0.8698860279151371
base,mnli+qnli+qqp+sst2+record+snli+anli_r1+paws+imdb+hellaswag,10,boolq,0.6320835176988372,0.8750581022884164
base,mnli+qnli+qqp+sst2+record+snli+anli_r1+paws+imdb+hellaswag,10,rte,0.680013598342027,0.8941913949591773
base,mnli+qnli+qqp+sst2+record+snli+anli_r1+paws+imdb+hellaswag,10,cola,0.6045352695509791,0.8615435130362
base,mnli+qnli+qqp+sst2+record+snli+anli_r1+paws+imdb+hellaswag,10,cb,0.6804978514888457,0.8992696500250271
base,mnli+qnli+qqp+sst2+record+snli+anli_r1+paws+imdb+hellaswag,10,scitail,0.7074570759598698,0.8927654943295887
base,mnli+qnli+qqp+sst2+record+snli+anli_r1+paws+imdb+hellaswag,10,stsb,0.541202206264383,0.8478088102170399
base,mnli+qnli+qqp+sst2+record+snli+anli_r1+paws+imdb+hellaswag,10,cr,0.6986062365717122,0.8983989927385535
base,mnli+qnli+qqp+sst2+record+snli+anli_r1+paws+imdb+hellaswag,10,rotten_tomatoes,0.718491700211806,0.90210456560765
base,mnli+qnli+qqp+sst2+record+snli+anli_r1+paws+imdb+hellaswag,10,multirc,0.6319513357510524,0.8751043443168912
base,mnli+qnli+qqp+sst2+record+snli+anli_r1+paws+imdb+hellaswag,10,copa,0.5543439933764083,0.8500546666660479
base,mnli+qnli+qqp+sst2+record+snli+anli_r1+paws+imdb+hellaswag,10,piqa,0.6107630867377988,0.8674792226936135
base,mnli+qnli+qqp+sst2+record+snli+anli_r1+paws+imdb+hellaswag+winogrande,11,mrpc,0.6230632987405572,0.8698576800525188
base,mnli+qnli+qqp+sst2+record+snli+anli_r1+paws+imdb+hellaswag+winogrande,11,boolq,0.6354724539976034,0.8750997789736304
base,mnli+qnli+qqp+sst2+record+snli+anli_r1+paws+imdb+hellaswag+winogrande,11,rte,0.68144245286073,0.8940008559397289
base,mnli+qnli+qqp+sst2+record+snli+anli_r1+paws+imdb+hellaswag+winogrande,11,cola,0.6063266450406185,0.8616339519087758
base,mnli+qnli+qqp+sst2+record+snli+anli_r1+paws+imdb+hellaswag+winogrande,11,cb,0.6817231971238341,0.8990937705550875
base,mnli+qnli+qqp+sst2+record+snli+anli_r1+paws+imdb+hellaswag+winogrande,11,scitail,0.7080380315227168,0.8926308477031333
base,mnli+qnli+qqp+sst2+record+snli+anli_r1+paws+imdb+hellaswag+winogrande,11,stsb,0.54341148758041,0.8479468548404319
base,mnli+qnli+qqp+sst2+record+snli+anli_r1+paws+imdb+hellaswag+winogrande,11,cr,0.7011335844706211,0.8983369735734803
base,mnli+qnli+qqp+sst2+record+snli+anli_r1+paws+imdb+hellaswag+winogrande,11,rotten_tomatoes,0.7203832284680435,0.9020236459161554
base,mnli+qnli+qqp+sst2+record+snli+anli_r1+paws+imdb+hellaswag+winogrande,11,multirc,0.6353425475369606,0.8751454592815467
base,mnli+qnli+qqp+sst2+record+snli+anli_r1+paws+imdb+hellaswag+winogrande,11,copa,0.5618713134899735,0.8524497502616474
base,mnli+qnli+qqp+sst2+record+snli+anli_r1+paws+imdb+hellaswag+winogrande,11,piqa,0.6430004852424774,0.876448216182845
base,mnli+qnli+qqp+sst2+record+snli+anli_r1+paws+imdb+squad_v2,10,mrpc,0.6348179773028407,0.869925358997924
base,mnli+qnli+qqp+sst2+record+snli+anli_r1+paws+imdb+squad_v2,10,boolq,0.6505296987348369,0.874435265149389
base,mnli+qnli+qqp+sst2+record+snli+anli_r1+paws+imdb+squad_v2,10,rte,0.6926228324217456,0.8926550298929214
base,mnli+qnli+qqp+sst2+record+snli+anli_r1+paws+imdb+squad_v2,10,cola,0.6203565644100308,0.8637640090393168
base,mnli+qnli+qqp+sst2+record+snli+anli_r1+paws+imdb+squad_v2,10,cb,0.691904079169035,0.8974312847214085
base,mnli+qnli+qqp+sst2+record+snli+anli_r1+paws+imdb+squad_v2,10,scitail,0.7161191888153553,0.8918536454439163
base,mnli+qnli+qqp+sst2+record+snli+anli_r1+paws+imdb+squad_v2,10,stsb,0.5561373058174338,0.8482067137956619
base,mnli+qnli+qqp+sst2+record+snli+anli_r1+paws+imdb+squad_v2,10,cr,0.7133142506437642,0.8967083032642092
base,mnli+qnli+qqp+sst2+record+snli+anli_r1+paws+imdb+squad_v2,10,rotten_tomatoes,0.7318944776696819,0.9007878553654466
base,mnli+qnli+qqp+sst2+record+snli+anli_r1+paws+imdb+squad_v2,10,multirc,0.6542814975338322,0.8756075775516885
base,mnli+qnli+qqp+sst2+record+snli+anli_r1+paws+imdb+squad_v2,10,copa,0.5719896302159343,0.8497140708246401
base,mnli+qnli+qqp+sst2+record+snli+anli_r1+paws+imdb+squad_v2,10,piqa,0.5996635224936264,0.8553429400282246
base,mnli+qnli+qqp+sst2+record+snli+anli_r1+paws+imdb+squad_v2+hellaswag,11,mrpc,0.6362530197948217,0.8700128687279565
base,mnli+qnli+qqp+sst2+record+snli+anli_r1+paws+imdb+squad_v2+hellaswag,11,boolq,0.6535504023943629,0.8745420008365598
base,mnli+qnli+qqp+sst2+record+snli+anli_r1+paws+imdb+squad_v2+hellaswag,11,rte,0.6941805351525545,0.8928413593343326
base,mnli+qnli+qqp+sst2+record+snli+anli_r1+paws+imdb+squad_v2+hellaswag,11,cola,0.6218839545867273,0.863880568849189
base,mnli+qnli+qqp+sst2+record+snli+anli_r1+paws+imdb+squad_v2+hellaswag,11,cb,0.6941094079187938,0.8975847650851522
base,mnli+qnli+qqp+sst2+record+snli+anli_r1+paws+imdb+squad_v2+hellaswag,11,scitail,0.716692307431783,0.8918063603341579
base,mnli+qnli+qqp+sst2+record+snli+anli_r1+paws+imdb+squad_v2+hellaswag,11,stsb,0.5581686621132705,0.8484403653336423
base,mnli+qnli+qqp+sst2+record+snli+anli_r1+paws+imdb+squad_v2+hellaswag,11,cr,0.7140340286173991,0.8966672856892858
base,mnli+qnli+qqp+sst2+record+snli+anli_r1+paws+imdb+squad_v2+hellaswag,11,rotten_tomatoes,0.7322457190603018,0.9007020598011357
base,mnli+qnli+qqp+sst2+record+snli+anli_r1+paws+imdb+squad_v2+hellaswag,11,multirc,0.6574177914964301,0.8756404404661485
base,mnli+qnli+qqp+sst2+record+snli+anli_r1+paws+imdb+squad_v2+hellaswag,11,copa,0.5766608619264194,0.8514040091208049
base,mnli+qnli+qqp+sst2+record+snli+anli_r1+paws+imdb+squad_v2+hellaswag,11,piqa,0.6259986839390227,0.8668018728494644
base,mnli+qnli+qqp+sst2+record+snli+anli_r1+paws+imdb+squad_v2+hellaswag+winogrande,12,mrpc,0.637653595368777,0.8700570613145828
base,mnli+qnli+qqp+sst2+record+snli+anli_r1+paws+imdb+squad_v2+hellaswag+winogrande,12,boolq,0.6534532504156232,0.8746159422610488
base,mnli+qnli+qqp+sst2+record+snli+anli_r1+paws+imdb+squad_v2+hellaswag+winogrande,12,rte,0.6947626883962325,0.8926839290985039
base,mnli+qnli+qqp+sst2+record+snli+anli_r1+paws+imdb+squad_v2+hellaswag+winogrande,12,cola,0.6232471885159612,0.8639266562781164
base,mnli+qnli+qqp+sst2+record+snli+anli_r1+paws+imdb+squad_v2+hellaswag+winogrande,12,cb,0.6948832206960235,0.897421555859702
base,mnli+qnli+qqp+sst2+record+snli+anli_r1+paws+imdb+squad_v2+hellaswag+winogrande,12,scitail,0.7169273115162339,0.8917439175503594
base,mnli+qnli+qqp+sst2+record+snli+anli_r1+paws+imdb+squad_v2+hellaswag+winogrande,12,stsb,0.5598631106050951,0.8485433190528836
base,mnli+qnli+qqp+sst2+record+snli+anli_r1+paws+imdb+squad_v2+hellaswag+winogrande,12,cr,0.7162689244640725,0.8966614423053605
base,mnli+qnli+qqp+sst2+record+snli+anli_r1+paws+imdb+squad_v2+hellaswag+winogrande,12,rotten_tomatoes,0.7339637582855565,0.9006571849542004
base,mnli+qnli+qqp+sst2+record+snli+anli_r1+paws+imdb+squad_v2+hellaswag+winogrande,12,multirc,0.6567766860659633,0.8757203724235296
base,mnli+qnli+qqp+sst2+record+snli+anli_r1+paws+imdb+squad_v2+hellaswag+winogrande,12,copa,0.5833891603563514,0.8533417468092271
base,mnli+qnli+qqp+sst2+record+snli+anli_r1+paws+imdb+squad_v2+hellaswag+winogrande,12,piqa,0.6595063617985163,0.8756620724286351
base,mnli+qnli+qqp+sst2+record+snli+anli_r1+paws+imdb+squad_v2+winogrande,11,mrpc,0.6362667312579495,0.8699756536100592
base,mnli+qnli+qqp+sst2+record+snli+anli_r1+paws+imdb+squad_v2+winogrande,11,boolq,0.6531223826376455,0.8745616716997964
base,mnli+qnli+qqp+sst2+record+snli+anli_r1+paws+imdb+squad_v2+winogrande,11,rte,0.6933140400797129,0.8925300799310207
base,mnli+qnli+qqp+sst2+record+snli+anli_r1+paws+imdb+squad_v2+winogrande,11,cola,0.6219348443139877,0.8638399762234518
base,mnli+qnli+qqp+sst2+record+snli+anli_r1+paws+imdb+squad_v2+winogrande,11,cb,0.6926046553999186,0.8972959933536393
base,mnli+qnli+qqp+sst2+record+snli+anli_r1+paws+imdb+squad_v2+winogrande,11,scitail,0.7165057919919491,0.89178642497531
base,mnli+qnli+qqp+sst2+record+snli+anli_r1+paws+imdb+squad_v2+winogrande,11,stsb,0.5580705962409931,0.8483182024210691
base,mnli+qnli+qqp+sst2+record+snli+anli_r1+paws+imdb+squad_v2+winogrande,11,cr,0.7143845752413783,0.896684046302523
base,mnli+qnli+qqp+sst2+record+snli+anli_r1+paws+imdb+squad_v2+winogrande,11,rotten_tomatoes,0.7324562296271324,0.9007789753377438
base,mnli+qnli+qqp+sst2+record+snli+anli_r1+paws+imdb+squad_v2+winogrande,11,multirc,0.6565794644079038,0.8756704253277608
base,mnli+qnli+qqp+sst2+record+snli+anli_r1+paws+imdb+squad_v2+winogrande,11,copa,0.5780992515917335,0.8519052126045737
base,mnli+qnli+qqp+sst2+record+snli+anli_r1+paws+imdb+squad_v2+winogrande,11,piqa,0.6410731320003313,0.8707005299095597
base,mnli+qnli+qqp+sst2+record+snli+anli_r1+paws+imdb+winogrande,10,mrpc,0.619839117596192,0.8697669011141572
base,mnli+qnli+qqp+sst2+record+snli+anli_r1+paws+imdb+winogrande,10,boolq,0.6323380600661039,0.8750955084604877
base,mnli+qnli+qqp+sst2+record+snli+anli_r1+paws+imdb+winogrande,10,rte,0.6788618112249034,0.8939356532480035
base,mnli+qnli+qqp+sst2+record+snli+anli_r1+paws+imdb+winogrande,10,cola,0.6045657828051064,0.8614932397114379
base,mnli+qnli+qqp+sst2+record+snli+anli_r1+paws+imdb+winogrande,10,cb,0.6789808539407594,0.8989344803350312
base,mnli+qnli+qqp+sst2+record+snli+anli_r1+paws+imdb+winogrande,10,scitail,0.7073145915887186,0.8927359958844525
base,mnli+qnli+qqp+sst2+record+snli+anli_r1+paws+imdb+winogrande,10,stsb,0.5411078026518226,0.847681832366756
base,mnli+qnli+qqp+sst2+record+snli+anli_r1+paws+imdb+winogrande,10,cr,0.69912961697472,0.8984290260289397
base,mnli+qnli+qqp+sst2+record+snli+anli_r1+paws+imdb+winogrande,10,rotten_tomatoes,0.7188064348218697,0.9021409393421241
base,mnli+qnli+qqp+sst2+record+snli+anli_r1+paws+imdb+winogrande,10,multirc,0.6318276201241783,0.8750954650874648
base,mnli+qnli+qqp+sst2+record+snli+anli_r1+paws+imdb+winogrande,10,copa,0.5559687280495252,0.8508763560759169
base,mnli+qnli+qqp+sst2+record+snli+anli_r1+paws+imdb+winogrande,10,piqa,0.6232208378746041,0.8712359206484896
base,mnli+qnli+qqp+sst2+record+snli+anli_r1+paws+squad_v2,9,mrpc,0.632873450805034,0.8691934490842479
base,mnli+qnli+qqp+sst2+record+snli+anli_r1+paws+squad_v2,9,boolq,0.6514043056273034,0.8742881403969867
base,mnli+qnli+qqp+sst2+record+snli+anli_r1+paws+squad_v2,9,rte,0.6904976463743618,0.8919184144054141
base,mnli+qnli+qqp+sst2+record+snli+anli_r1+paws+squad_v2,9,cola,0.6184683990930873,0.8631159985171897
base,mnli+qnli+qqp+sst2+record+snli+anli_r1+paws+squad_v2,9,cb,0.6864877191505262,0.895994458347559
base,mnli+qnli+qqp+sst2+record+snli+anli_r1+paws+squad_v2,9,scitail,0.7158594966999122,0.8917442964656013
base,mnli+qnli+qqp+sst2+record+snli+anli_r1+paws+squad_v2,9,stsb,0.5563485022368175,0.8481259061289685
base,mnli+qnli+qqp+sst2+record+snli+anli_r1+paws+squad_v2,9,cr,0.6853284688134279,0.8885441704520157
base,mnli+qnli+qqp+sst2+record+snli+anli_r1+paws+squad_v2,9,rotten_tomatoes,0.7001564795417445,0.892101474372404
base,mnli+qnli+qqp+sst2+record+snli+anli_r1+paws+squad_v2,9,multirc,0.6560838094779423,0.8756556319338935
base,mnli+qnli+qqp+sst2+record+snli+anli_r1+paws+squad_v2,9,copa,0.5696054394356906,0.8490921054035425
base,mnli+qnli+qqp+sst2+record+snli+anli_r1+paws+squad_v2,9,piqa,0.5997702772063869,0.8552616419536727
base,mnli+qnli+qqp+sst2+record+snli+anli_r1+paws+squad_v2+hellaswag,10,mrpc,0.6344771943986416,0.8693283248160567
base,mnli+qnli+qqp+sst2+record+snli+anli_r1+paws+squad_v2+hellaswag,10,boolq,0.6538861678647143,0.8743831265185561
base,mnli+qnli+qqp+sst2+record+snli+anli_r1+paws+squad_v2+hellaswag,10,rte,0.6924591708396163,0.8921408514891352
base,mnli+qnli+qqp+sst2+record+snli+anli_r1+paws+squad_v2+hellaswag,10,cola,0.620050983636507,0.8632565707500491
base,mnli+qnli+qqp+sst2+record+snli+anli_r1+paws+squad_v2+hellaswag,10,cb,0.6892801206558943,0.8961776910083634
base,mnli+qnli+qqp+sst2+record+snli+anli_r1+paws+squad_v2+hellaswag,10,scitail,0.7165225177471127,0.8916960169694254
base,mnli+qnli+qqp+sst2+record+snli+anli_r1+paws+squad_v2+hellaswag,10,stsb,0.5585106473549136,0.8483951810215201
base,mnli+qnli+qqp+sst2+record+snli+anli_r1+paws+squad_v2+hellaswag,10,cr,0.689921214644398,0.8886106434677329
base,mnli+qnli+qqp+sst2+record+snli+anli_r1+paws+squad_v2+hellaswag,10,rotten_tomatoes,0.7045054156333208,0.892030617488282
base,mnli+qnli+qqp+sst2+record+snli+anli_r1+paws+squad_v2+hellaswag,10,multirc,0.658527361096016,0.8756995376731668
base,mnli+qnli+qqp+sst2+record+snli+anli_r1+paws+squad_v2+hellaswag,10,copa,0.5746785210711616,0.8508287154670272
base,mnli+qnli+qqp+sst2+record+snli+anli_r1+paws+squad_v2+hellaswag,10,piqa,0.6266093028576246,0.8667723230485406
base,mnli+qnli+qqp+sst2+record+snli+anli_r1+paws+squad_v2+hellaswag+winogrande,11,mrpc,0.6357184970485312,0.8694152044398444
base,mnli+qnli+qqp+sst2+record+snli+anli_r1+paws+squad_v2+hellaswag+winogrande,11,boolq,0.655222515974726,0.874480619228312
base,mnli+qnli+qqp+sst2+record+snli+anli_r1+paws+squad_v2+hellaswag+winogrande,11,rte,0.693049344899399,0.8919664344617299
base,mnli+qnli+qqp+sst2+record+snli+anli_r1+paws+squad_v2+hellaswag+winogrande,11,cola,0.6217276685472045,0.8633354433945247
base,mnli+qnli+qqp+sst2+record+snli+anli_r1+paws+squad_v2+hellaswag+winogrande,11,cb,0.6900627110153437,0.8960044219025544
base,mnli+qnli+qqp+sst2+record+snli+anli_r1+paws+squad_v2+hellaswag+winogrande,11,scitail,0.7168597637542656,0.891624105828149
base,mnli+qnli+qqp+sst2+record+snli+anli_r1+paws+squad_v2+hellaswag+winogrande,11,stsb,0.5601536873728037,0.8484595375401633
base,mnli+qnli+qqp+sst2+record+snli+anli_r1+paws+squad_v2+hellaswag+winogrande,11,cr,0.6909334936312267,0.8886585384607315
base,mnli+qnli+qqp+sst2+record+snli+anli_r1+paws+squad_v2+hellaswag+winogrande,11,rotten_tomatoes,0.705173356990729,0.8920614730034556
base,mnli+qnli+qqp+sst2+record+snli+anli_r1+paws+squad_v2+hellaswag+winogrande,11,multirc,0.6594917397680027,0.8757535107433796
base,mnli+qnli+qqp+sst2+record+snli+anli_r1+paws+squad_v2+hellaswag+winogrande,11,copa,0.5811553576162883,0.8528259258185115
base,mnli+qnli+qqp+sst2+record+snli+anli_r1+paws+squad_v2+hellaswag+winogrande,11,piqa,0.6598243747970888,0.8756752442568541
base,mnli+qnli+qqp+sst2+record+snli+anli_r1+paws+squad_v2+winogrande,10,mrpc,0.6345057950488159,0.8692869384373937
base,mnli+qnli+qqp+sst2+record+snli+anli_r1+paws+squad_v2+winogrande,10,boolq,0.6548576449443188,0.8744407918836389
base,mnli+qnli+qqp+sst2+record+snli+anli_r1+paws+squad_v2+winogrande,10,rte,0.6915694166507039,0.8918033135788781
base,mnli+qnli+qqp+sst2+record+snli+anli_r1+paws+squad_v2+winogrande,10,cola,0.6204801027530006,0.8631455272968326
base,mnli+qnli+qqp+sst2+record+snli+anli_r1+paws+squad_v2+winogrande,10,cb,0.6878811389740024,0.8958022418831076
base,mnli+qnli+qqp+sst2+record+snli+anli_r1+paws+squad_v2+winogrande,10,scitail,0.7164658395839589,0.8916645228330579
base,mnli+qnli+qqp+sst2+record+snli+anli_r1+paws+squad_v2+winogrande,10,stsb,0.5584617803937623,0.8482653668948582
base,mnli+qnli+qqp+sst2+record+snli+anli_r1+paws+squad_v2+winogrande,10,cr,0.6903003094983953,0.8886084306452956
base,mnli+qnli+qqp+sst2+record+snli+anli_r1+paws+squad_v2+winogrande,10,rotten_tomatoes,0.7048959175923041,0.892157890434776
base,mnli+qnli+qqp+sst2+record+snli+anli_r1+paws+squad_v2+winogrande,10,multirc,0.6589777606672474,0.8757151226912226
base,mnli+qnli+qqp+sst2+record+snli+anli_r1+paws+squad_v2+winogrande,10,copa,0.576269435962396,0.8514551211680684
base,mnli+qnli+qqp+sst2+record+snli+anli_r1+paws+squad_v2+winogrande,10,piqa,0.6419841981759029,0.8706974623990911
base,mnli+qnli+qqp+sst2+record+snli+anli_r1+paws+winogrande,9,mrpc,0.6175723066553473,0.8690547309815884
base,mnli+qnli+qqp+sst2+record+snli+anli_r1+paws+winogrande,9,boolq,0.6322200930943447,0.8749706960682359
base,mnli+qnli+qqp+sst2+record+snli+anli_r1+paws+winogrande,9,rte,0.6766016744077206,0.8932403278137956
base,mnli+qnli+qqp+sst2+record+snli+anli_r1+paws+winogrande,9,cola,0.6022876470482775,0.8608509999300752
base,mnli+qnli+qqp+sst2+record+snli+anli_r1+paws+winogrande,9,cb,0.6730383576026985,0.8975706015314374
base,mnli+qnli+qqp+sst2+record+snli+anli_r1+paws+winogrande,9,scitail,0.7069932794464486,0.8926300768341336
base,mnli+qnli+qqp+sst2+record+snli+anli_r1+paws+winogrande,9,stsb,0.5410795657496367,0.8476685096642801
base,mnli+qnli+qqp+sst2+record+snli+anli_r1+paws+winogrande,9,cr,0.6681668552170906,0.8902741553527969
base,mnli+qnli+qqp+sst2+record+snli+anli_r1+paws+winogrande,9,rotten_tomatoes,0.684201176012201,0.8935190218367747
base,mnli+qnli+qqp+sst2+record+snli+anli_r1+paws+winogrande,9,multirc,0.6327726144476661,0.8751428505139691
base,mnli+qnli+qqp+sst2+record+snli+anli_r1+paws+winogrande,9,copa,0.5527093497637127,0.8501846572118146
base,mnli+qnli+qqp+sst2+record+snli+anli_r1+paws+winogrande,9,piqa,0.6240427200349846,0.8712432464318616
base,mnli+qnli+qqp+sst2+record+snli+anli_r1+squad_v2,8,mrpc,0.6316734477877617,0.8688477043594632
base,mnli+qnli+qqp+sst2+record+snli+anli_r1+squad_v2,8,boolq,0.6053779151822839,0.858345361958657
base,mnli+qnli+qqp+sst2+record+snli+anli_r1+squad_v2,8,rte,0.6902479917875358,0.8917460037129266
base,mnli+qnli+qqp+sst2+record+snli+anli_r1+squad_v2,8,cola,0.6177582741448921,0.8628904508160693
base,mnli+qnli+qqp+sst2+record+snli+anli_r1+squad_v2,8,cb,0.6880064619971173,0.8963385293526309
base,mnli+qnli+qqp+sst2+record+snli+anli_r1+squad_v2,8,scitail,0.7155085014445441,0.891611426536526
base,mnli+qnli+qqp+sst2+record+snli+anli_r1+squad_v2,8,stsb,0.5555820081915174,0.8478600438684225
base,mnli+qnli+qqp+sst2+record+snli+anli_r1+squad_v2,8,cr,0.6853883536532521,0.8887440626110349
base,mnli+qnli+qqp+sst2+record+snli+anli_r1+squad_v2,8,rotten_tomatoes,0.699986415782145,0.8922737198216575
base,mnli+qnli+qqp+sst2+record+snli+anli_r1+squad_v2,8,multirc,0.6189746684394777,0.8613104777676719
base,mnli+qnli+qqp+sst2+record+snli+anli_r1+squad_v2,8,copa,0.5691013508476317,0.8488760183432272
base,mnli+qnli+qqp+sst2+record+snli+anli_r1+squad_v2,8,piqa,0.5984837428799697,0.8549138624221087
base,mnli+qnli+qqp+sst2+record+snli+anli_r1+squad_v2+hellaswag,9,mrpc,0.6334144406552825,0.868940036211695
base,mnli+qnli+qqp+sst2+record+snli+anli_r1+squad_v2+hellaswag,9,boolq,0.6072189899028412,0.8584894889167377
base,mnli+qnli+qqp+sst2+record+snli+anli_r1+squad_v2+hellaswag,9,rte,0.6921365271721568,0.8919727419103894
base,mnli+qnli+qqp+sst2+record+snli+anli_r1+squad_v2+hellaswag,9,cola,0.6194476658877518,0.863092056874718
base,mnli+qnli+qqp+sst2+record+snli+anli_r1+squad_v2+hellaswag,9,cb,0.6907875955637012,0.8965584300458431
base,mnli+qnli+qqp+sst2+record+snli+anli_r1+squad_v2+hellaswag,9,scitail,0.7162552635584559,0.8915691673755646
base,mnli+qnli+qqp+sst2+record+snli+anli_r1+squad_v2+hellaswag,9,stsb,0.557962600540902,0.8481051030435732
base,mnli+qnli+qqp+sst2+record+snli+anli_r1+squad_v2+hellaswag,9,cr,0.6875727010358658,0.8888388473008361
base,mnli+qnli+qqp+sst2+record+snli+anli_r1+squad_v2+hellaswag,9,rotten_tomatoes,0.7017149144251432,0.892240849722709
base,mnli+qnli+qqp+sst2+record+snli+anli_r1+squad_v2+hellaswag,9,multirc,0.6205871488366809,0.8614167344889471
base,mnli+qnli+qqp+sst2+record+snli+anli_r1+squad_v2+hellaswag,9,copa,0.5740476484809603,0.8508087481771197
base,mnli+qnli+qqp+sst2+record+snli+anli_r1+squad_v2+hellaswag,9,piqa,0.6260349453826036,0.8665944750287703
base,mnli+qnli+qqp+sst2+record+snli+anli_r1+squad_v2+hellaswag+winogrande,10,mrpc,0.6347928331898791,0.8690079993435315
base,mnli+qnli+qqp+sst2+record+snli+anli_r1+squad_v2+hellaswag+winogrande,10,boolq,0.6092938978358039,0.8586926542754684
base,mnli+qnli+qqp+sst2+record+snli+anli_r1+squad_v2+hellaswag+winogrande,10,rte,0.6926737680499043,0.8917903245559761
base,mnli+qnli+qqp+sst2+record+snli+anli_r1+squad_v2+hellaswag+winogrande,10,cola,0.6208819500170648,0.8631511522190911
base,mnli+qnli+qqp+sst2+record+snli+anli_r1+squad_v2+hellaswag+winogrande,10,cb,0.6914403763200555,0.8964287686560836
base,mnli+qnli+qqp+sst2+record+snli+anli_r1+squad_v2+hellaswag+winogrande,10,scitail,0.7165790633963687,0.8915126762752023
base,mnli+qnli+qqp+sst2+record+snli+anli_r1+squad_v2+hellaswag+winogrande,10,stsb,0.5595899342692324,0.8482190990554435
base,mnli+qnli+qqp+sst2+record+snli+anli_r1+squad_v2+hellaswag+winogrande,10,cr,0.6887510404256838,0.888887840190104
base,mnli+qnli+qqp+sst2+record+snli+anli_r1+squad_v2+hellaswag+winogrande,10,rotten_tomatoes,0.7024934718917523,0.8922558152782065
base,mnli+qnli+qqp+sst2+record+snli+anli_r1+squad_v2+hellaswag+winogrande,10,multirc,0.6219394153117069,0.8616136865956443
base,mnli+qnli+qqp+sst2+record+snli+anli_r1+squad_v2+hellaswag+winogrande,10,copa,0.5808354131212192,0.8528191300907305
base,mnli+qnli+qqp+sst2+record+snli+anli_r1+squad_v2+hellaswag+winogrande,10,piqa,0.6594238142882075,0.8755795625703675
base,mnli+qnli+qqp+sst2+record+snli+anli_r1+squad_v2+winogrande,9,mrpc,0.6334171521344355,0.8689036305461612
base,mnli+qnli+qqp+sst2+record+snli+anli_r1+squad_v2+winogrande,9,boolq,0.6079748872933644,0.8586209882050753
base,mnli+qnli+qqp+sst2+record+snli+anli_r1+squad_v2+winogrande,9,rte,0.6911608308021512,0.8915898246424538
base,mnli+qnli+qqp+sst2+record+snli+anli_r1+squad_v2+winogrande,9,cola,0.6195250263969813,0.8629867072616305
base,mnli+qnli+qqp+sst2+record+snli+anli_r1+squad_v2+winogrande,9,cb,0.6892554331570864,0.8961704564946038
base,mnli+qnli+qqp+sst2+record+snli+anli_r1+squad_v2+winogrande,9,scitail,0.716132055701954,0.8915345945528576
base,mnli+qnli+qqp+sst2+record+snli+anli_r1+squad_v2+winogrande,9,stsb,0.5578745527725134,0.8480053905929837
base,mnli+qnli+qqp+sst2+record+snli+anli_r1+squad_v2+winogrande,9,cr,0.6880027641143117,0.8888086612735476
base,mnli+qnli+qqp+sst2+record+snli+anli_r1+squad_v2+winogrande,9,rotten_tomatoes,0.7021758968808821,0.8923112031604562
base,mnli+qnli+qqp+sst2+record+snli+anli_r1+squad_v2+winogrande,9,multirc,0.6206479908765427,0.8614914866962603
base,mnli+qnli+qqp+sst2+record+snli+anli_r1+squad_v2+winogrande,9,copa,0.5759499154851905,0.8512923565826246
base,mnli+qnli+qqp+sst2+record+snli+anli_r1+squad_v2+winogrande,9,piqa,0.641491840859609,0.8705423463668142
base,mnli+qnli+qqp+sst2+record+snli+anli_r1+winogrande,8,mrpc,0.6158304386106985,0.8685557645346437
base,mnli+qnli+qqp+sst2+record+snli+anli_r1+winogrande,8,boolq,0.5913849862159363,0.8579282747315509
base,mnli+qnli+qqp+sst2+record+snli+anli_r1+winogrande,8,rte,0.675656725785562,0.8930514992347786
base,mnli+qnli+qqp+sst2+record+snli+anli_r1+winogrande,8,cola,0.6008600476197898,0.8606648317405156
base,mnli+qnli+qqp+sst2+record+snli+anli_r1+winogrande,8,cb,0.6740806302321809,0.8979775847068855
base,mnli+qnli+qqp+sst2+record+snli+anli_r1+winogrande,8,scitail,0.7061157191970518,0.892497689330152
base,mnli+qnli+qqp+sst2+record+snli+anli_r1+winogrande,8,stsb,0.5399007484582918,0.847369445753949
base,mnli+qnli+qqp+sst2+record+snli+anli_r1+winogrande,8,cr,0.6669070102008325,0.8904494935912746
base,mnli+qnli+qqp+sst2+record+snli+anli_r1+winogrande,8,rotten_tomatoes,0.6825793734751642,0.893721102337752
base,mnli+qnli+qqp+sst2+record+snli+anli_r1+winogrande,8,multirc,0.601925052835473,0.8600092064589262
base,mnli+qnli+qqp+sst2+record+snli+anli_r1+winogrande,8,copa,0.5519002344060157,0.8500201909669808
base,mnli+qnli+qqp+sst2+record+snli+anli_r1+winogrande,8,piqa,0.6229193036644054,0.8710204815225941
base,mnli+qnli+qqp+sst2+record+snli+hellaswag,7,mrpc,0.6134966811431306,0.8676285413759095
base,mnli+qnli+qqp+sst2+record+snli+hellaswag,7,boolq,0.5915621097332665,0.85761311011655
base,mnli+qnli+qqp+sst2+record+snli+hellaswag,7,rte,0.6686894718025412,0.8904202303716114
base,mnli+qnli+qqp+sst2+record+snli+hellaswag,7,cola,0.6004078772052058,0.860130098249231
base,mnli+qnli+qqp+sst2+record+snli+hellaswag,7,cb,0.6512925986732755,0.8895119316875935
base,mnli+qnli+qqp+sst2+record+snli+hellaswag,7,scitail,0.7006601209619215,0.8906736525573901
base,mnli+qnli+qqp+sst2+record+snli+hellaswag,7,stsb,0.5416926452890038,0.8473718113132885
base,mnli+qnli+qqp+sst2+record+snli+hellaswag,7,cr,0.6661948304224227,0.8899166450968811
base,mnli+qnli+qqp+sst2+record+snli+hellaswag,7,rotten_tomatoes,0.683785163531346,0.8935326460216727
base,mnli+qnli+qqp+sst2+record+snli+hellaswag,7,multirc,0.6033264894836715,0.8598599737243993
base,mnli+qnli+qqp+sst2+record+snli+hellaswag,7,copa,0.5504450090229511,0.8490353074989149
base,mnli+qnli+qqp+sst2+record+snli+hellaswag,7,piqa,0.6123946106194386,0.8672153087598937
base,mnli+qnli+qqp+sst2+record+snli+hellaswag+winogrande,8,mrpc,0.6159077739076955,0.8676833409283843
base,mnli+qnli+qqp+sst2+record+snli+hellaswag+winogrande,8,boolq,0.5947260352383766,0.8577925648008075
base,mnli+qnli+qqp+sst2+record+snli+hellaswag+winogrande,8,rte,0.6705405435391835,0.890284034290484
base,mnli+qnli+qqp+sst2+record+snli+hellaswag+winogrande,8,cola,0.602643774423216,0.8602728910212006
base,mnli+qnli+qqp+sst2+record+snli+hellaswag+winogrande,8,cb,0.6535444366080421,0.8893884117049831
base,mnli+qnli+qqp+sst2+record+snli+hellaswag+winogrande,8,scitail,0.7017956982765879,0.8905723185411522
base,mnli+qnli+qqp+sst2+record+snli+hellaswag+winogrande,8,stsb,0.5441231054719537,0.8474966673446553
base,mnli+qnli+qqp+sst2+record+snli+hellaswag+winogrande,8,cr,0.6709390953848404,0.8899411782622337
base,mnli+qnli+qqp+sst2+record+snli+hellaswag+winogrande,8,rotten_tomatoes,0.6880832089643393,0.893471572548151
base,mnli+qnli+qqp+sst2+record+snli+hellaswag+winogrande,8,multirc,0.6055708262803299,0.860038734972477
base,mnli+qnli+qqp+sst2+record+snli+hellaswag+winogrande,8,copa,0.5589745564918432,0.8515643514692783
base,mnli+qnli+qqp+sst2+record+snli+hellaswag+winogrande,8,piqa,0.6453140154813549,0.8763629969741616
base,mnli+qnli+qqp+sst2+record+snli+imdb,7,mrpc,0.6136568944369044,0.8683147334626743
base,mnli+qnli+qqp+sst2+record+snli+imdb,7,boolq,0.5903726246074906,0.8576185780444315
base,mnli+qnli+qqp+sst2+record+snli+imdb,7,rte,0.6686819022787469,0.8911241282309804
base,mnli+qnli+qqp+sst2+record+snli+imdb,7,cola,0.6008119668279376,0.8607888998729842
base,mnli+qnli+qqp+sst2+record+snli+imdb,7,cb,0.654429895271148,0.8909583927265236
base,mnli+qnli+qqp+sst2+record+snli+imdb,7,scitail,0.6999190478984799,0.8909218907356262
base,mnli+qnli+qqp+sst2+record+snli+imdb,7,stsb,0.5391072601944741,0.8470451179891825
base,mnli+qnli+qqp+sst2+record+snli+imdb,7,cr,0.6969124531107289,0.898455550628049
base,mnli+qnli+qqp+sst2+record+snli+imdb,7,rotten_tomatoes,0.7183598617890051,0.9025193926479135
base,mnli+qnli+qqp+sst2+record+snli+imdb,7,multirc,0.6011186520169888,0.8596089796296188
base,mnli+qnli+qqp+sst2+record+snli+imdb,7,copa,0.548116084520838,0.8474832121282816
base,mnli+qnli+qqp+sst2+record+snli+imdb,7,piqa,0.5826344535619553,0.8539440993751798
base,mnli+qnli+qqp+sst2+record+snli+imdb+hellaswag,8,mrpc,0.6164979181651559,0.8684799905334201
base,mnli+qnli+qqp+sst2+record+snli+imdb+hellaswag,8,boolq,0.5931028115696141,0.8578467970447881
base,mnli+qnli+qqp+sst2+record+snli+imdb+hellaswag,8,rte,0.671903840133122,0.8912662725363459
base,mnli+qnli+qqp+sst2+record+snli+imdb+hellaswag,8,cola,0.6031393823879105,0.8609251023403236
base,mnli+qnli+qqp+sst2+record+snli+imdb+hellaswag,8,cb,0.6587332425905126,0.8913289287260601
base,mnli+qnli+qqp+sst2+record+snli+imdb+hellaswag,8,scitail,0.701223446588431,0.8908009475895337
base,mnli+qnli+qqp+sst2+record+snli+imdb+hellaswag,8,stsb,0.5419047533734036,0.8474091147737843
base,mnli+qnli+qqp+sst2+record+snli+imdb+hellaswag,8,cr,0.6985641760485513,0.8984150785420623
base,mnli+qnli+qqp+sst2+record+snli+imdb+hellaswag,8,rotten_tomatoes,0.7192736660529461,0.9023967230958598
base,mnli+qnli+qqp+sst2+record+snli+imdb+hellaswag,8,multirc,0.6034186795087797,0.8598644954285452
base,mnli+qnli+qqp+sst2+record+snli+imdb+hellaswag,8,copa,0.5544565210251936,0.8497816859079259
base,mnli+qnli+qqp+sst2+record+snli+imdb+hellaswag,8,piqa,0.6123705835946437,0.8672856869442123
base,mnli+qnli+qqp+sst2+record+snli+imdb+hellaswag+winogrande,9,mrpc,0.618581186846963,0.868509362318686
base,mnli+qnli+qqp+sst2+record+snli+imdb+hellaswag+winogrande,9,boolq,0.5958909911236593,0.8580340860145432
base,mnli+qnli+qqp+sst2+record+snli+imdb+hellaswag+winogrande,9,rte,0.6731328634279115,0.8910995471690383
base,mnli+qnli+qqp+sst2+record+snli+imdb+hellaswag+winogrande,9,cola,0.6051727297848889,0.8610355276614428
base,mnli+qnli+qqp+sst2+record+snli+imdb+hellaswag+winogrande,9,cb,0.6604863141796419,0.8912221475371293
base,mnli+qnli+qqp+sst2+record+snli+imdb+hellaswag+winogrande,9,scitail,0.7019583311464105,0.89073096960783
base,mnli+qnli+qqp+sst2+record+snli+imdb+hellaswag+winogrande,9,stsb,0.5440822649813656,0.8475493027695588
base,mnli+qnli+qqp+sst2+record+snli+imdb+hellaswag+winogrande,9,cr,0.7021458941910949,0.898392170135464
base,mnli+qnli+qqp+sst2+record+snli+imdb+hellaswag+winogrande,9,rotten_tomatoes,0.7223873820954135,0.9023065194487572
base,mnli+qnli+qqp+sst2+record+snli+imdb+hellaswag+winogrande,9,multirc,0.605499941922192,0.8600513783416578
base,mnli+qnli+qqp+sst2+record+snli+imdb+hellaswag+winogrande,9,copa,0.5625992999412119,0.8522860955979142
base,mnli+qnli+qqp+sst2+record+snli+imdb+hellaswag+winogrande,9,piqa,0.6448803971455034,0.8763621428183147
base,mnli+qnli+qqp+sst2+record+snli+imdb+squad_v2,8,mrpc,0.6321738008409739,0.8686192982963153
base,mnli+qnli+qqp+sst2+record+snli+imdb+squad_v2,8,boolq,0.6077034220631633,0.8584677220455238
base,mnli+qnli+qqp+sst2+record+snli+imdb+squad_v2,8,rte,0.6856049586619649,0.8896074571779796
base,mnli+qnli+qqp+sst2+record+snli+imdb+squad_v2,8,cola,0.6201460601628891,0.8630937412381172
base,mnli+qnli+qqp+sst2+record+snli+imdb+squad_v2,8,cb,0.6717575402664286,0.8892396268035684
base,mnli+qnli+qqp+sst2+record+snli+imdb+squad_v2,8,scitail,0.7113090168152537,0.8899189824504512
base,mnli+qnli+qqp+sst2+record+snli+imdb+squad_v2,8,stsb,0.5576793504213649,0.8478006757795811
base,mnli+qnli+qqp+sst2+record+snli+imdb+squad_v2,8,cr,0.7104294618059482,0.8966946596545833
base,mnli+qnli+qqp+sst2+record+snli+imdb+squad_v2,8,rotten_tomatoes,0.7294535300295267,0.9010147910032954
base,mnli+qnli+qqp+sst2+record+snli+imdb+squad_v2,8,multirc,0.6205557692529899,0.8612269522356135
base,mnli+qnli+qqp+sst2+record+snli+imdb+squad_v2,8,copa,0.5730004224793187,0.8492787480354309
base,mnli+qnli+qqp+sst2+record+snli+imdb+squad_v2,8,piqa,0.6006256623991898,0.8549963571131229
base,mnli+qnli+qqp+sst2+record+snli+imdb+squad_v2+hellaswag,9,mrpc,0.6341212822922638,0.8687331452965736
base,mnli+qnli+qqp+sst2+record+snli+imdb+squad_v2+hellaswag,9,boolq,0.6095594128460756,0.8586037049868277
base,mnli+qnli+qqp+sst2+record+snli+imdb+squad_v2+hellaswag,9,rte,0.6877633415694747,0.8899160043469497
base,mnli+qnli+qqp+sst2+record+snli+imdb+squad_v2+hellaswag,9,cola,0.6221842061994332,0.8633003790995905
base,mnli+qnli+qqp+sst2+record+snli+imdb+squad_v2+hellaswag,9,cb,0.674815880666886,0.8895806489246232
base,mnli+qnli+qqp+sst2+record+snli+imdb+squad_v2+hellaswag,9,scitail,0.71190777713699,0.8899037758154529
base,mnli+qnli+qqp+sst2+record+snli+imdb+squad_v2+hellaswag,9,stsb,0.5600500330328941,0.8480271835412297
base,mnli+qnli+qqp+sst2+record+snli+imdb+squad_v2+hellaswag,9,cr,0.7156915145793131,0.8966917502028602
base,mnli+qnli+qqp+sst2+record+snli+imdb+squad_v2+hellaswag,9,rotten_tomatoes,0.7346344834991864,0.9009030716759818
base,mnli+qnli+qqp+sst2+record+snli+imdb+squad_v2+hellaswag,9,multirc,0.6222783031075129,0.8613390786839383
base,mnli+qnli+qqp+sst2+record+snli+imdb+squad_v2+hellaswag,9,copa,0.5784083830990961,0.8511760194918939
base,mnli+qnli+qqp+sst2+record+snli+imdb+squad_v2+hellaswag,9,piqa,0.6286560793939445,0.8666348997503519
base,mnli+qnli+qqp+sst2+record+snli+imdb+squad_v2+hellaswag+winogrande,10,mrpc,0.6353166217782668,0.8687626581106868
base,mnli+qnli+qqp+sst2+record+snli+imdb+squad_v2+hellaswag+winogrande,10,boolq,0.6115891423209437,0.8587909322232008
base,mnli+qnli+qqp+sst2+record+snli+imdb+squad_v2+hellaswag+winogrande,10,rte,0.6882841773331165,0.8897671092833791
base,mnli+qnli+qqp+sst2+record+snli+imdb+squad_v2+hellaswag+winogrande,10,cola,0.623247763541128,0.8633618136601788
base,mnli+qnli+qqp+sst2+record+snli+imdb+squad_v2+hellaswag+winogrande,10,cb,0.6755215695926121,0.8894382688616004
base,mnli+qnli+qqp+sst2+record+snli+imdb+squad_v2+hellaswag+winogrande,10,scitail,0.7123184951820544,0.889844483296786
base,mnli+qnli+qqp+sst2+record+snli+imdb+squad_v2+hellaswag+winogrande,10,stsb,0.5614261104991394,0.8481465801596642
base,mnli+qnli+qqp+sst2+record+snli+imdb+squad_v2+hellaswag+winogrande,10,cr,0.7165264511214835,0.8966540513294083
base,mnli+qnli+qqp+sst2+record+snli+imdb+squad_v2+hellaswag+winogrande,10,rotten_tomatoes,0.735122154599854,0.9008668852703912
base,mnli+qnli+qqp+sst2+record+snli+imdb+squad_v2+hellaswag+winogrande,10,multirc,0.6236045748394515,0.861525744465845
base,mnli+qnli+qqp+sst2+record+snli+imdb+squad_v2+hellaswag+winogrande,10,copa,0.5851532489593539,0.8531785099101918
base,mnli+qnli+qqp+sst2+record+snli+imdb+squad_v2+hellaswag+winogrande,10,piqa,0.6627389583736658,0.8756092696317604
base,mnli+qnli+qqp+sst2+record+snli+imdb+squad_v2+winogrande,9,mrpc,0.6340477205812931,0.8686530595379216
base,mnli+qnli+qqp+sst2+record+snli+imdb+squad_v2+winogrande,9,boolq,0.6103573915814715,0.8586888536810875
base,mnli+qnli+qqp+sst2+record+snli+imdb+squad_v2+winogrande,9,rte,0.6868691396500383,0.8895163743623665
base,mnli+qnli+qqp+sst2+record+snli+imdb+squad_v2+winogrande,9,cola,0.6223362853218403,0.8632326392190797
base,mnli+qnli+qqp+sst2+record+snli+imdb+squad_v2+winogrande,9,cb,0.6731023777808461,0.8890885263681412
base,mnli+qnli+qqp+sst2+record+snli+imdb+squad_v2+winogrande,9,scitail,0.7118847205170563,0.8898586886269706
base,mnli+qnli+qqp+sst2+record+snli+imdb+squad_v2+winogrande,9,stsb,0.5597865815008325,0.847909776493907
base,mnli+qnli+qqp+sst2+record+snli+imdb+squad_v2+winogrande,9,cr,0.7159827096121651,0.8966650180518627
base,mnli+qnli+qqp+sst2+record+snli+imdb+squad_v2+winogrande,9,rotten_tomatoes,0.7348852274673325,0.9009976759552956
base,mnli+qnli+qqp+sst2+record+snli+imdb+squad_v2+winogrande,9,multirc,0.6222594712328698,0.8613989632576704
base,mnli+qnli+qqp+sst2+record+snli+imdb+squad_v2+winogrande,9,copa,0.5800309849104711,0.8516387811728886
base,mnli+qnli+qqp+sst2+record+snli+imdb+squad_v2+winogrande,9,piqa,0.6437345296144485,0.8705795218369791
base,mnli+qnli+qqp+sst2+record+snli+imdb+winogrande,8,mrpc,0.6164916332012841,0.868350939559085
base,mnli+qnli+qqp+sst2+record+snli+imdb+winogrande,8,boolq,0.5939571695136172,0.8578930848411151
base,mnli+qnli+qqp+sst2+record+snli+imdb+winogrande,8,rte,0.6706100987004382,0.8909684770873615
base,mnli+qnli+qqp+sst2+record+snli+imdb+winogrande,8,cola,0.6032864594432924,0.8609031468097653
base,mnli+qnli+qqp+sst2+record+snli+imdb+winogrande,8,cb,0.6568926064563649,0.8908247851899692
base,mnli+qnli+qqp+sst2+record+snli+imdb+winogrande,8,scitail,0.7011267290051494,0.8908201828598976
base,mnli+qnli+qqp+sst2+record+snli+imdb+winogrande,8,stsb,0.5419629746050175,0.8472499293940408
base,mnli+qnli+qqp+sst2+record+snli+imdb+winogrande,8,cr,0.7002248801290989,0.8984656360532556
base,mnli+qnli+qqp+sst2+record+snli+imdb+winogrande,8,rotten_tomatoes,0.7209210048562714,0.9024327227047512
base,mnli+qnli+qqp+sst2+record+snli+imdb+winogrande,8,multirc,0.6035518383474222,0.8598635851272515
base,mnli+qnli+qqp+sst2+record+snli+imdb+winogrande,8,copa,0.5565208947685149,0.8505014050751925
base,mnli+qnli+qqp+sst2+record+snli+imdb+winogrande,8,piqa,0.6257719717520688,0.8709929574813161
base,mnli+qnli+qqp+sst2+record+snli+paws,7,mrpc,0.6130010361916253,0.8678688848657268
base,mnli+qnli+qqp+sst2+record+snli+paws,7,boolq,0.6314882158434817,0.8747364953160286
base,mnli+qnli+qqp+sst2+record+snli+paws,7,rte,0.6674368703471762,0.8904729400362287
base,mnli+qnli+qqp+sst2+record+snli+paws,7,cola,0.5997809912743313,0.8602426044110741
base,mnli+qnli+qqp+sst2+record+snli+paws,7,cb,0.6465239788272551,0.8885871049548898
base,mnli+qnli+qqp+sst2+record+snli+paws,7,scitail,0.7006950045802763,0.8909277974494866
base,mnli+qnli+qqp+sst2+record+snli+paws,7,stsb,0.5402841816789338,0.8473145461508206
base,mnli+qnli+qqp+sst2+record+snli+paws,7,cr,0.6657697229779193,0.8896234620894704
base,mnli+qnli+qqp+sst2+record+snli+paws,7,rotten_tomatoes,0.6844589081592858,0.8933592994830438
base,mnli+qnli+qqp+sst2+record+snli+paws,7,multirc,0.6327946501384888,0.8749622745173318
base,mnli+qnli+qqp+sst2+record+snli+paws,7,copa,0.5453647598624229,0.8469003050455025
base,mnli+qnli+qqp+sst2+record+snli+paws,7,piqa,0.5846123899599271,0.8543590820793595
base,mnli+qnli+qqp+sst2+record+snli+paws+hellaswag,8,mrpc,0.6154480688273907,0.8681182680385453
base,mnli+qnli+qqp+sst2+record+snli+paws+hellaswag,8,boolq,0.6337765947516475,0.8747970805104289
base,mnli+qnli+qqp+sst2+record+snli+paws+hellaswag,8,rte,0.6702769151223558,0.8906526544264385
base,mnli+qnli+qqp+sst2+record+snli+paws+hellaswag,8,cola,0.6019123759386795,0.8604228544448104
base,mnli+qnli+qqp+sst2+record+snli+paws+hellaswag,8,cb,0.6508418364184243,0.8890363291970321
base,mnli+qnli+qqp+sst2+record+snli+paws+hellaswag,8,scitail,0.7017577961087227,0.8908558312271323
base,mnli+qnli+qqp+sst2+record+snli+paws+hellaswag,8,stsb,0.5429828015289137,0.8476826529949903
base,mnli+qnli+qqp+sst2+record+snli+paws+hellaswag,8,cr,0.668208333064935,0.8896846356136459
base,mnli+qnli+qqp+sst2+record+snli+paws+hellaswag,8,rotten_tomatoes,0.686220641048359,0.8932936960565192
base,mnli+qnli+qqp+sst2+record+snli+paws+hellaswag,8,multirc,0.6350585658635411,0.8750382656497615
base,mnli+qnli+qqp+sst2+record+snli+paws+hellaswag,8,copa,0.5515877123522971,0.8490562162228993
base,mnli+qnli+qqp+sst2+record+snli+paws+hellaswag,8,piqa,0.6137657208767321,0.8674711060843298
base,mnli+qnli+qqp+sst2+record+snli+paws+hellaswag+winogrande,9,mrpc,0.6178986387593406,0.8681579583457538
base,mnli+qnli+qqp+sst2+record+snli+paws+hellaswag+winogrande,9,boolq,0.6366066516243986,0.8748410187129464
base,mnli+qnli+qqp+sst2+record+snli+paws+hellaswag+winogrande,9,rte,0.6717161344630378,0.8904678778988975
base,mnli+qnli+qqp+sst2+record+snli+paws+hellaswag+winogrande,9,cola,0.6039109368409429,0.8604918800826583
base,mnli+qnli+qqp+sst2+record+snli+paws+hellaswag+winogrande,9,cb,0.6531029942312411,0.8889300977545125
base,mnli+qnli+qqp+sst2+record+snli+paws+hellaswag+winogrande,9,scitail,0.7026181103927749,0.890733763841646
base,mnli+qnli+qqp+sst2+record+snli+paws+hellaswag+winogrande,9,stsb,0.545245264290965,0.8477859377328839
base,mnli+qnli+qqp+sst2+record+snli+paws+hellaswag+winogrande,9,cr,0.67094465711021,0.8897174708545208
base,mnli+qnli+qqp+sst2+record+snli+paws+hellaswag+winogrande,9,rotten_tomatoes,0.6882569896323341,0.8932844972504037
base,mnli+qnli+qqp+sst2+record+snli+paws+hellaswag+winogrande,9,multirc,0.6377718381450644,0.8750880557511534
base,mnli+qnli+qqp+sst2+record+snli+paws+hellaswag+winogrande,9,copa,0.5594337175467184,0.8515836306448493
base,mnli+qnli+qqp+sst2+record+snli+paws+hellaswag+winogrande,9,piqa,0.646099657951189,0.8765081662152495
base,mnli+qnli+qqp+sst2+record+snli+paws+imdb,8,mrpc,0.6158832914329001,0.8687479075576577
base,mnli+qnli+qqp+sst2+record+snli+paws+imdb,8,boolq,0.6319214192086032,0.874902503831046
base,mnli+qnli+qqp+sst2+record+snli+paws+imdb,8,rte,0.6703855344759566,0.8913508786686829
base,mnli+qnli+qqp+sst2+record+snli+paws+imdb,8,cola,0.6024376102057951,0.8610258083790541
base,mnli+qnli+qqp+sst2+record+snli+paws+imdb,8,cb,0.6542282123118639,0.8905267263097423
base,mnli+qnli+qqp+sst2+record+snli+paws+imdb,8,scitail,0.7010276884372745,0.8910846925739732
base,mnli+qnli+qqp+sst2+record+snli+paws+imdb,8,stsb,0.5405119898662504,0.8473369971449886
base,mnli+qnli+qqp+sst2+record+snli+paws+imdb,8,cr,0.69754171437983,0.8981717005372047
base,mnli+qnli+qqp+sst2+record+snli+paws+imdb,8,rotten_tomatoes,0.719164385194225,0.902197790997369
base,mnli+qnli+qqp+sst2+record+snli+paws+imdb,8,multirc,0.6320023504085839,0.8749578174735818
base,mnli+qnli+qqp+sst2+record+snli+paws+imdb,8,copa,0.5494012092905385,0.8476583348321063
base,mnli+qnli+qqp+sst2+record+snli+paws+imdb,8,piqa,0.584894496249035,0.8544074432658297
base,mnli+qnli+qqp+sst2+record+snli+paws+imdb+hellaswag,9,mrpc,0.6183215075039438,0.8689197647784438
base,mnli+qnli+qqp+sst2+record+snli+paws+imdb+hellaswag,9,boolq,0.6337765403358,0.8749376546059336
base,mnli+qnli+qqp+sst2+record+snli+paws+imdb+hellaswag,9,rte,0.6731389540114573,0.8914710230060986
base,mnli+qnli+qqp+sst2+record+snli+paws+imdb+hellaswag,9,cola,0.6045914301648736,0.8611570844160659
base,mnli+qnli+qqp+sst2+record+snli+paws+imdb+hellaswag,9,cb,0.6582375975059611,0.8908551292760032
base,mnli+qnli+qqp+sst2+record+snli+paws+imdb+hellaswag,9,scitail,0.7022638262382576,0.8909932100879294
base,mnli+qnli+qqp+sst2+record+snli+paws+imdb+hellaswag,9,stsb,0.5430953038989433,0.8477006810052055
base,mnli+qnli+qqp+sst2+record+snli+paws+imdb+hellaswag,9,cr,0.6998355401945966,0.8981185156319823
base,mnli+qnli+qqp+sst2+record+snli+paws+imdb+hellaswag,9,rotten_tomatoes,0.7209036966253605,0.9020897762051651
base,mnli+qnli+qqp+sst2+record+snli+paws+imdb+hellaswag,9,multirc,0.6340533592072981,0.8750228940376213
base,mnli+qnli+qqp+sst2+record+snli+paws+imdb+hellaswag,9,copa,0.5554418875835836,0.8498424443283251
base,mnli+qnli+qqp+sst2+record+snli+paws+imdb+hellaswag,9,piqa,0.6136412833750781,0.8674654236861638
base,mnli+qnli+qqp+sst2+record+snli+paws+imdb+hellaswag+winogrande,10,mrpc,0.6217864770442247,0.8689340001770428
base,mnli+qnli+qqp+sst2+record+snli+paws+imdb+hellaswag+winogrande,10,boolq,0.6374602436221072,0.8749952486583165
base,mnli+qnli+qqp+sst2+record+snli+paws+imdb+hellaswag+winogrande,10,rte,0.6750490165182522,0.8913089255137103
base,mnli+qnli+qqp+sst2+record+snli+paws+imdb+hellaswag+winogrande,10,cola,0.6064991001704974,0.8612570408731699
base,mnli+qnli+qqp+sst2+record+snli+paws+imdb+hellaswag+winogrande,10,cb,0.6599845566919872,0.890712917383228
base,mnli+qnli+qqp+sst2+record+snli+paws+imdb+hellaswag+winogrande,10,scitail,0.7030906075877803,0.8908759350223201
base,mnli+qnli+qqp+sst2+record+snli+paws+imdb+hellaswag+winogrande,10,stsb,0.5454660455829331,0.8478394076228142
base,mnli+qnli+qqp+sst2+record+snli+paws+imdb+hellaswag+winogrande,10,cr,0.701798275512244,0.8980954683252743
base,mnli+qnli+qqp+sst2+record+snli+paws+imdb+hellaswag+winogrande,10,rotten_tomatoes,0.7221747020791683,0.9020311034151486
base,mnli+qnli+qqp+sst2+record+snli+paws+imdb+hellaswag+winogrande,10,multirc,0.6377438908176762,0.8750556638198239
base,mnli+qnli+qqp+sst2+record+snli+paws+imdb+hellaswag+winogrande,10,copa,0.5631008783488402,0.8522809243627957
base,mnli+qnli+qqp+sst2+record+snli+paws+imdb+hellaswag+winogrande,10,piqa,0.6458667156818721,0.8764712810516357
base,mnli+qnli+qqp+sst2+record+snli+paws+imdb+squad_v2,9,mrpc,0.6335429879171508,0.8690317113484655
base,mnli+qnli+qqp+sst2+record+snli+paws+imdb+squad_v2,9,boolq,0.6547247916460037,0.8743789962359837
base,mnli+qnli+qqp+sst2+record+snli+paws+imdb+squad_v2,9,rte,0.6862595515059573,0.8898748292454651
base,mnli+qnli+qqp+sst2+record+snli+paws+imdb+squad_v2,9,cola,0.6210591033367174,0.8633325485778707
base,mnli+qnli+qqp+sst2+record+snli+paws+imdb+squad_v2,9,cb,0.6706116444298199,0.8889330322188991
base,mnli+qnli+qqp+sst2+record+snli+paws+imdb+squad_v2,9,scitail,0.7118223078016724,0.8901139114584241
base,mnli+qnli+qqp+sst2+record+snli+paws+imdb+squad_v2,9,stsb,0.5584455061304782,0.8480716728206191
base,mnli+qnli+qqp+sst2+record+snli+paws+imdb+squad_v2,9,cr,0.7136057567383561,0.8964031599462032
base,mnli+qnli+qqp+sst2+record+snli+paws+imdb+squad_v2,9,rotten_tomatoes,0.7332801049841302,0.9007333953465734
base,mnli+qnli+qqp+sst2+record+snli+paws+imdb+squad_v2,9,multirc,0.6587144760414958,0.8755208586475679
base,mnli+qnli+qqp+sst2+record+snli+paws+imdb+squad_v2,9,copa,0.573614644818008,0.8494670047823872
base,mnli+qnli+qqp+sst2+record+snli+paws+imdb+squad_v2,9,piqa,0.6020640508670893,0.8553507394556489
base,mnli+qnli+qqp+sst2+record+snli+paws+imdb+squad_v2+hellaswag,10,mrpc,0.6352810223719904,0.8691408570323672
base,mnli+qnli+qqp+sst2+record+snli+paws+imdb+squad_v2+hellaswag,10,boolq,0.6565784246527723,0.8744625462485212
base,mnli+qnli+qqp+sst2+record+snli+paws+imdb+squad_v2+hellaswag,10,rte,0.6880913664187703,0.8901431262493134
base,mnli+qnli+qqp+sst2+record+snli+paws+imdb+squad_v2+hellaswag,10,cola,0.6228827297953623,0.8635145540216139
base,mnli+qnli+qqp+sst2+record+snli+paws+imdb+squad_v2+hellaswag,10,cb,0.6736183086676257,0.8892562453235898
base,mnli+qnli+qqp+sst2+record+snli+paws+imdb+squad_v2+hellaswag,10,scitail,0.7123836257628032,0.8900930870856557
base,mnli+qnli+qqp+sst2+record+snli+paws+imdb+squad_v2+hellaswag,10,stsb,0.5605871245664146,0.8483700715005398
base,mnli+qnli+qqp+sst2+record+snli+paws+imdb+squad_v2+hellaswag,10,cr,0.7144903160099473,0.896381846496037
base,mnli+qnli+qqp+sst2+record+snli+paws+imdb+squad_v2+hellaswag,10,rotten_tomatoes,0.7337072850870234,0.9006352206426007
base,mnli+qnli+qqp+sst2+record+snli+paws+imdb+squad_v2+hellaswag,10,multirc,0.6606390811502934,0.8755750243685075
base,mnli+qnli+qqp+sst2+record+snli+paws+imdb+squad_v2+hellaswag,10,copa,0.5786007448498692,0.8512484790491206
base,mnli+qnli+qqp+sst2+record+snli+paws+imdb+squad_v2+hellaswag,10,piqa,0.6289396167599729,0.8668314702808857
base,mnli+qnli+qqp+sst2+record+snli+paws+imdb+squad_v2+hellaswag+winogrande,11,mrpc,0.636384299823216,0.8691806702741555
base,mnli+qnli+qqp+sst2+record+snli+paws+imdb+squad_v2+hellaswag+winogrande,11,boolq,0.6575328172849757,0.8745232030217137
base,mnli+qnli+qqp+sst2+record+snli+paws+imdb+squad_v2+hellaswag+winogrande,11,rte,0.6885978752481086,0.8900016104536397
base,mnli+qnli+qqp+sst2+record+snli+paws+imdb+squad_v2+hellaswag+winogrande,11,cola,0.6239444123847144,0.8635334968566895
base,mnli+qnli+qqp+sst2+record+snli+paws+imdb+squad_v2+hellaswag+winogrande,11,cb,0.6742467390639442,0.8891039911125388
base,mnli+qnli+qqp+sst2+record+snli+paws+imdb+squad_v2+hellaswag+winogrande,11,scitail,0.7126921471208334,0.8900163689894336
base,mnli+qnli+qqp+sst2+record+snli+paws+imdb+squad_v2+hellaswag+winogrande,11,stsb,0.5619565085507929,0.8484263952289309
base,mnli+qnli+qqp+sst2+record+snli+paws+imdb+squad_v2+hellaswag+winogrande,11,cr,0.7171011862478086,0.8963571691087314
base,mnli+qnli+qqp+sst2+record+snli+paws+imdb+squad_v2+hellaswag+winogrande,11,rotten_tomatoes,0.7357760611921549,0.9006253725716046
base,mnli+qnli+qqp+sst2+record+snli+paws+imdb+squad_v2+hellaswag+winogrande,11,multirc,0.6611254257815224,0.875643930797066
base,mnli+qnli+qqp+sst2+record+snli+paws+imdb+squad_v2+hellaswag+winogrande,11,copa,0.5848844982683659,0.8532227229859147
base,mnli+qnli+qqp+sst2+record+snli+paws+imdb+squad_v2+hellaswag+winogrande,11,piqa,0.6634104732157928,0.8756937368639878
base,mnli+qnli+qqp+sst2+record+snli+paws+imdb+squad_v2+winogrande,10,mrpc,0.6352760397962162,0.869082150714738
base,mnli+qnli+qqp+sst2+record+snli+paws+imdb+squad_v2+winogrande,10,boolq,0.6568882547851119,0.8744727655180863
base,mnli+qnli+qqp+sst2+record+snli+paws+imdb+squad_v2+winogrande,10,rte,0.6871484140200275,0.8897770238774163
base,mnli+qnli+qqp+sst2+record+snli+paws+imdb+squad_v2+winogrande,10,cola,0.6229813919801798,0.8634271919727325
base,mnli+qnli+qqp+sst2+record+snli+paws+imdb+squad_v2+winogrande,10,cb,0.6719775777310133,0.8887833058834076
base,mnli+qnli+qqp+sst2+record+snli+paws+imdb+squad_v2+winogrande,10,scitail,0.7124593412237508,0.8900442416114467
base,mnli+qnli+qqp+sst2+record+snli+paws+imdb+squad_v2+winogrande,10,stsb,0.5604308069949704,0.8482046962848732
base,mnli+qnli+qqp+sst2+record+snli+paws+imdb+squad_v2+winogrande,10,cr,0.7167193572968245,0.8963725412530559
base,mnli+qnli+qqp+sst2+record+snli+paws+imdb+squad_v2+winogrande,10,rotten_tomatoes,0.7357067048017468,0.90071780447449
base,mnli+qnli+qqp+sst2+record+snli+paws+imdb+squad_v2+winogrande,10,multirc,0.6603362690657377,0.8755797650665045
base,mnli+qnli+qqp+sst2+record+snli+paws+imdb+squad_v2+winogrande,10,copa,0.5801335666328669,0.851746444989528
base,mnli+qnli+qqp+sst2+record+snli+paws+imdb+squad_v2+winogrande,10,piqa,0.644482957465308,0.8707240274442094
base,mnli+qnli+qqp+sst2+record+snli+paws+imdb+winogrande,9,mrpc,0.6183753024254527,0.8687813909990447
base,mnli+qnli+qqp+sst2+record+snli+paws+imdb+winogrande,9,boolq,0.634430855512619,0.8749768922903708
base,mnli+qnli+qqp+sst2+record+snli+paws+imdb+winogrande,9,rte,0.6719731890729496,0.8911618079457965
base,mnli+qnli+qqp+sst2+record+snli+paws+imdb+winogrande,9,cola,0.6047873410529324,0.8610669653862715
base,mnli+qnli+qqp+sst2+record+snli+paws+imdb+winogrande,9,cb,0.6564931760409048,0.8903863270367894
base,mnli+qnli+qqp+sst2+record+snli+paws+imdb+winogrande,9,scitail,0.7021732897098575,0.8909830083804471
base,mnli+qnli+qqp+sst2+record+snli+paws+imdb+winogrande,9,stsb,0.5431591687790517,0.8475795617061002
base,mnli+qnli+qqp+sst2+record+snli+paws+imdb+winogrande,9,cr,0.7003425627148577,0.8981761139418397
base,mnli+qnli+qqp+sst2+record+snli+paws+imdb+winogrande,9,rotten_tomatoes,0.7212050358897873,0.9021154205713954
base,mnli+qnli+qqp+sst2+record+snli+paws+imdb+winogrande,9,multirc,0.6340750427916646,0.8750087171792984
base,mnli+qnli+qqp+sst2+record+snli+paws+imdb+winogrande,9,copa,0.5571506139822304,0.8505944194538253
base,mnli+qnli+qqp+sst2+record+snli+paws+imdb+winogrande,9,piqa,0.6265786370661642,0.8712181746959686
base,mnli+qnli+qqp+sst2+record+snli+paws+squad_v2,8,mrpc,0.6313169617205858,0.8681670044149671
base,mnli+qnli+qqp+sst2+record+snli+paws+squad_v2,8,boolq,0.655046838468739,0.8742205556482077
base,mnli+qnli+qqp+sst2+record+snli+paws+squad_v2,8,rte,0.6837490240910223,0.8889742216893605
base,mnli+qnli+qqp+sst2+record+snli+paws+squad_v2,8,cola,0.6192493686851647,0.8626296219549009
base,mnli+qnli+qqp+sst2+record+snli+paws+squad_v2,8,cb,0.6642560916287559,0.8869972654751369
base,mnli+qnli+qqp+sst2+record+snli+paws+squad_v2,8,scitail,0.711502147306289,0.8899416362068483
base,mnli+qnli+qqp+sst2+record+snli+paws+squad_v2,8,stsb,0.5586979396508208,0.8480180432753903
base,mnli+qnli+qqp+sst2+record+snli+paws+squad_v2,8,cr,0.6885627681123359,0.8879178592136928
base,mnli+qnli+qqp+sst2+record+snli+paws+squad_v2,8,rotten_tomatoes,0.7051518979881491,0.8918855176972491
base,mnli+qnli+qqp+sst2+record+snli+paws+squad_v2,8,multirc,0.6600400494145495,0.8755685322518859
base,mnli+qnli+qqp+sst2+record+snli+paws+squad_v2,8,copa,0.5714277340365308,0.8488062864967755
base,mnli+qnli+qqp+sst2+record+snli+paws+squad_v2,8,piqa,0.602207878205393,0.8552286768598216
base,mnli+qnli+qqp+sst2+record+snli+paws+squad_v2+hellaswag,9,mrpc,0.6331105399876833,0.8683312934424195
base,mnli+qnli+qqp+sst2+record+snli+paws+squad_v2+hellaswag,9,boolq,0.6568984703293869,0.8743029119712966
base,mnli+qnli+qqp+sst2+record+snli+paws+squad_v2+hellaswag,9,rte,0.6858970639961106,0.889244661799499
base,mnli+qnli+qqp+sst2+record+snli+paws+squad_v2+hellaswag,9,cola,0.6211399441318852,0.8628176860511303
base,mnli+qnli+qqp+sst2+record+snli+paws+squad_v2+hellaswag,9,cb,0.6676913507814918,0.887398681470326
base,mnli+qnli+qqp+sst2+record+snli+paws+squad_v2+hellaswag,9,scitail,0.7122345843485424,0.8899358534919364
base,mnli+qnli+qqp+sst2+record+snli+paws+squad_v2+hellaswag,9,stsb,0.5609344986400434,0.8482645688844579
base,mnli+qnli+qqp+sst2+record+snli+paws+squad_v2+hellaswag,9,cr,0.6896973201738936,0.888005942106247
base,mnli+qnli+qqp+sst2+record+snli+paws+squad_v2+hellaswag,9,rotten_tomatoes,0.70579321416361,0.8918258555765662
base,mnli+qnli+qqp+sst2+record+snli+paws+squad_v2+hellaswag,9,multirc,0.6619419729603189,0.8756147117487022
base,mnli+qnli+qqp+sst2+record+snli+paws+squad_v2+hellaswag,9,copa,0.5764087886948671,0.8506051280668804
base,mnli+qnli+qqp+sst2+record+snli+paws+squad_v2+hellaswag,9,piqa,0.629772818647325,0.8667939089770827
base,mnli+qnli+qqp+sst2+record+snli+paws+squad_v2+hellaswag+winogrande,10,mrpc,0.6344487467514617,0.8684208526143006
base,mnli+qnli+qqp+sst2+record+snli+paws+squad_v2+hellaswag+winogrande,10,boolq,0.6581625160095947,0.8743696148906436
base,mnli+qnli+qqp+sst2+record+snli+paws+squad_v2+hellaswag+winogrande,10,rte,0.6865113358944654,0.8891187459230423
base,mnli+qnli+qqp+sst2+record+snli+paws+squad_v2+hellaswag+winogrande,10,cola,0.6224091512018016,0.8628841170242855
base,mnli+qnli+qqp+sst2+record+snli+paws+squad_v2+hellaswag+winogrande,10,cb,0.6685568700943675,0.8872545095426696
base,mnli+qnli+qqp+sst2+record+snli+paws+squad_v2+hellaswag+winogrande,10,scitail,0.7124969083815813,0.8898596420351949
base,mnli+qnli+qqp+sst2+record+snli+paws+squad_v2+hellaswag+winogrande,10,stsb,0.5624398736150137,0.8483496816562754
base,mnli+qnli+qqp+sst2+record+snli+paws+squad_v2+hellaswag+winogrande,10,cr,0.691222932189703,0.8880734848124641
base,mnli+qnli+qqp+sst2+record+snli+paws+squad_v2+hellaswag+winogrande,10,rotten_tomatoes,0.7068644402814763,0.8918664926396949
base,mnli+qnli+qqp+sst2+record+snli+paws+squad_v2+hellaswag+winogrande,10,multirc,0.6626352758279869,0.8756731131247112
base,mnli+qnli+qqp+sst2+record+snli+paws+squad_v2+hellaswag+winogrande,10,copa,0.5831770922190377,0.8526638504117727
base,mnli+qnli+qqp+sst2+record+snli+paws+squad_v2+hellaswag+winogrande,10,piqa,0.6648025529991303,0.875696983720575
base,mnli+qnli+qqp+sst2+record+snli+paws+squad_v2+winogrande,9,mrpc,0.6330797760082143,0.8682789360838277
base,mnli+qnli+qqp+sst2+record+snli+paws+squad_v2+winogrande,9,boolq,0.6572002695341196,0.8743476370083434
base,mnli+qnli+qqp+sst2+record+snli+paws+squad_v2+winogrande,9,rte,0.6850835130150829,0.8888775791440692
base,mnli+qnli+qqp+sst2+record+snli+paws+squad_v2+winogrande,9,cola,0.6211559352065835,0.8627061021647283
base,mnli+qnli+qqp+sst2+record+snli+paws+squad_v2+winogrande,9,cb,0.6659573670476675,0.8868786559573242
base,mnli+qnli+qqp+sst2+record+snli+paws+squad_v2+winogrande,9,scitail,0.7121794231768165,0.8898734391799995
base,mnli+qnli+qqp+sst2+record+snli+paws+squad_v2+winogrande,9,stsb,0.5607526791281998,0.8481546949063029
base,mnli+qnli+qqp+sst2+record+snli+paws+squad_v2+winogrande,9,cr,0.6903430707752705,0.888004966612373
base,mnli+qnli+qqp+sst2+record+snli+paws+squad_v2+winogrande,9,rotten_tomatoes,0.7064258283270257,0.8919309223336833
base,mnli+qnli+qqp+sst2+record+snli+paws+squad_v2+winogrande,9,multirc,0.6616467087130461,0.8756197217319693
base,mnli+qnli+qqp+sst2+record+snli+paws+squad_v2+winogrande,9,copa,0.5781275020646197,0.8512505779841116
base,mnli+qnli+qqp+sst2+record+snli+paws+squad_v2+winogrande,9,piqa,0.6448623508081904,0.8707015836345298
base,mnli+qnli+qqp+sst2+record+snli+paws+winogrande,8,mrpc,0.615597530800317,0.8679827047245843
base,mnli+qnli+qqp+sst2+record+snli+paws+winogrande,8,boolq,0.6354997889803988,0.8748286558049065
base,mnli+qnli+qqp+sst2+record+snli+paws+winogrande,8,rte,0.6692848583417279,0.8903074871216502
base,mnli+qnli+qqp+sst2+record+snli+paws+winogrande,8,cola,0.6019936556528721,0.8603310505194324
base,mnli+qnli+qqp+sst2+record+snli+paws+winogrande,8,cb,0.6492203317050423,0.8884708317262786
base,mnli+qnli+qqp+sst2+record+snli+paws+winogrande,8,scitail,0.7018108503626925,0.8908325761024442
base,mnli+qnli+qqp+sst2+record+snli+paws+winogrande,8,stsb,0.5429273403715342,0.8475260409925666
base,mnli+qnli+qqp+sst2+record+snli+paws+winogrande,8,cr,0.6689569135196507,0.8897049293986389
base,mnli+qnli+qqp+sst2+record+snli+paws+winogrande,8,rotten_tomatoes,0.6868057706659394,0.8933366914944989
base,mnli+qnli+qqp+sst2+record+snli+paws+winogrande,8,multirc,0.636616248837007,0.8750403307910476
base,mnli+qnli+qqp+sst2+record+snli+paws+winogrande,8,copa,0.5535373974458447,0.8498742931655475
base,mnli+qnli+qqp+sst2+record+snli+paws+winogrande,8,piqa,0.6269688015537602,0.8712184987962246
base,mnli+qnli+qqp+sst2+record+snli+squad_v2,7,mrpc,0.6299081152038914,0.8677519283124379
base,mnli+qnli+qqp+sst2+record+snli+squad_v2,7,boolq,0.6068156292395932,0.8581681312727076
base,mnli+qnli+qqp+sst2+record+snli+squad_v2,7,rte,0.6830226347914764,0.888697876994099
base,mnli+qnli+qqp+sst2+record+snli+squad_v2,7,cola,0.6182836590201727,0.8623803417597499
base,mnli+qnli+qqp+sst2+record+snli+squad_v2,7,cb,0.6651919279247522,0.8872460371681622
base,mnli+qnli+qqp+sst2+record+snli+squad_v2,7,scitail,0.7109404679919992,0.8897515013813972
base,mnli+qnli+qqp+sst2+record+snli+squad_v2,7,stsb,0.5577449432042029,0.8476956460092749
base,mnli+qnli+qqp+sst2+record+snli+squad_v2,7,cr,0.6850868832053882,0.8881449060780662
base,mnli+qnli+qqp+sst2+record+snli+squad_v2,7,rotten_tomatoes,0.7011990891769528,0.8920835229967322
base,mnli+qnli+qqp+sst2+record+snli+squad_v2,7,multirc,0.6208239382665072,0.8611885577972446
base,mnli+qnli+qqp+sst2+record+snli+squad_v2,7,copa,0.5705040109876011,0.8485806355518954
base,mnli+qnli+qqp+sst2+record+snli+squad_v2,7,piqa,0.6007568607372897,0.8549007297094379
base,mnli+qnli+qqp+sst2+record+snli+squad_v2+hellaswag,8,mrpc,0.6317685560456344,0.8678989910653659
base,mnli+qnli+qqp+sst2+record+snli+squad_v2+hellaswag,8,boolq,0.6086672670207918,0.858322757163218
base,mnli+qnli+qqp+sst2+record+snli+squad_v2+hellaswag,8,rte,0.6851322036236525,0.8890175941799369
base,mnli+qnli+qqp+sst2+record+snli+squad_v2+hellaswag,8,cola,0.6201221237092146,0.8625949022493192
base,mnli+qnli+qqp+sst2+record+snli+squad_v2+hellaswag,8,cb,0.6686068898332971,0.8876968941518238
base,mnli+qnli+qqp+sst2+record+snli+squad_v2+hellaswag,8,scitail,0.711712872343404,0.8897373841277191
base,mnli+qnli+qqp+sst2+record+snli+squad_v2+hellaswag,8,stsb,0.5602048994041979,0.8479551289762769
base,mnli+qnli+qqp+sst2+record+snli+squad_v2+hellaswag,8,cr,0.6871270957802024,0.8882300731326852
base,mnli+qnli+qqp+sst2+record+snli+squad_v2+hellaswag,8,rotten_tomatoes,0.7028066503948399,0.8920378796756268
base,mnli+qnli+qqp+sst2+record+snli+squad_v2+hellaswag,8,multirc,0.6225554401587162,0.8613219298422337
base,mnli+qnli+qqp+sst2+record+snli+squad_v2+hellaswag,8,copa,0.5756797126627394,0.8505524678954056
base,mnli+qnli+qqp+sst2+record+snli+squad_v2+hellaswag,8,piqa,0.6294177384115756,0.8665840210659164
base,mnli+qnli+qqp+sst2+record+snli+squad_v2+hellaswag+winogrande,9,mrpc,0.6332191675901413,0.8679607191256115
base,mnli+qnli+qqp+sst2+record+snli+squad_v2+hellaswag+winogrande,9,boolq,0.610908720176667,0.8585273032741887
base,mnli+qnli+qqp+sst2+record+snli+squad_v2+hellaswag+winogrande,9,rte,0.6861268763563463,0.8888742348977497
base,mnli+qnli+qqp+sst2+record+snli+squad_v2+hellaswag+winogrande,9,cola,0.6218547701303448,0.8626671981598649
base,mnli+qnli+qqp+sst2+record+snli+squad_v2+hellaswag+winogrande,9,cb,0.6697770705712693,0.887602160019534
base,mnli+qnli+qqp+sst2+record+snli+squad_v2+hellaswag+winogrande,9,scitail,0.7120410267795835,0.8897048974675792
base,mnli+qnli+qqp+sst2+record+snli+squad_v2+hellaswag+winogrande,9,stsb,0.5618078004834908,0.8480872376156705
base,mnli+qnli+qqp+sst2+record+snli+squad_v2+hellaswag+winogrande,9,cr,0.6921964899769851,0.88830313246165
base,mnli+qnli+qqp+sst2+record+snli+squad_v2+hellaswag+winogrande,9,rotten_tomatoes,0.707656764026199,0.8920607372586217
base,mnli+qnli+qqp+sst2+record+snli+squad_v2+hellaswag+winogrande,9,multirc,0.6239601565924074,0.8615272023848125
base,mnli+qnli+qqp+sst2+record+snli+squad_v2+hellaswag+winogrande,9,copa,0.5831526167956846,0.8526254264371735
base,mnli+qnli+qqp+sst2+record+snli+squad_v2+hellaswag+winogrande,9,piqa,0.6648681782452124,0.8755921628326178
base,mnli+qnli+qqp+sst2+record+snli+squad_v2+winogrande,8,mrpc,0.6317420950425523,0.8678084973778043
base,mnli+qnli+qqp+sst2+record+snli+squad_v2+winogrande,8,boolq,0.609504297309156,0.8584496682243687
base,mnli+qnli+qqp+sst2+record+snli+squad_v2+winogrande,8,rte,0.6842545225684132,0.8885754293629101
base,mnli+qnli+qqp+sst2+record+snli+squad_v2+winogrande,8,cola,0.6201417495363525,0.8625208597098079
base,mnli+qnli+qqp+sst2+record+snli+squad_v2+winogrande,8,cb,0.6669426991471222,0.8871644836451326
base,mnli+qnli+qqp+sst2+record+snli+squad_v2+winogrande,8,scitail,0.7116698005369732,0.8897108922579459
base,mnli+qnli+qqp+sst2+record+snli+squad_v2+winogrande,8,stsb,0.5599976573139429,0.8478413421128478
base,mnli+qnli+qqp+sst2+record+snli+squad_v2+winogrande,8,cr,0.6879959602707199,0.8882245197892189
base,mnli+qnli+qqp+sst2+record+snli+squad_v2+winogrande,8,rotten_tomatoes,0.7036714113450476,0.8921164819704634
base,mnli+qnli+qqp+sst2+record+snli+squad_v2+winogrande,8,multirc,0.6225662133656442,0.8614080511033535
base,mnli+qnli+qqp+sst2+record+snli+squad_v2+winogrande,8,copa,0.5773626890565667,0.8510262718690293
base,mnli+qnli+qqp+sst2+record+snli+squad_v2+winogrande,8,piqa,0.6443528360021966,0.8705319764890841
base,mnli+qnli+qqp+sst2+record+snli+winogrande,7,mrpc,0.613511789190982,0.8674837345523494
base,mnli+qnli+qqp+sst2+record+snli+winogrande,7,boolq,0.5924569054373673,0.85767915685262
base,mnli+qnli+qqp+sst2+record+snli+winogrande,7,rte,0.6674767780516829,0.8900281951895782
base,mnli+qnli+qqp+sst2+record+snli+winogrande,7,cola,0.6006737832379129,0.860186987423471
base,mnli+qnli+qqp+sst2+record+snli+winogrande,7,cb,0.6494948025792837,0.8889030691768441
base,mnli+qnli+qqp+sst2+record+snli+winogrande,7,scitail,0.7006482601697955,0.890661744666951
base,mnli+qnli+qqp+sst2+record+snli+winogrande,7,stsb,0.5417843507270196,0.8472197151609829
base,mnli+qnli+qqp+sst2+record+snli+winogrande,7,cr,0.6669985616047468,0.8899200691708496
base,mnli+qnli+qqp+sst2+record+snli+winogrande,7,rotten_tomatoes,0.6844817342103592,0.8935400652033942
base,mnli+qnli+qqp+sst2+record+snli+winogrande,7,multirc,0.6035753966176084,0.8598569969513586
base,mnli+qnli+qqp+sst2+record+snli+winogrande,7,copa,0.5524795813752073,0.8497370404324361
base,mnli+qnli+qqp+sst2+record+snli+winogrande,7,piqa,0.6258921804172652,0.8709750159510544
base,mnli+qnli+qqp+sst2+record+squad_v2,6,mrpc,0.6593624851001161,0.868072898792369
base,mnli+qnli+qqp+sst2+record+squad_v2,6,boolq,0.637613054897104,0.8590211695326226
base,mnli+qnli+qqp+sst2+record+squad_v2,6,rte,0.7101283493850913,0.8884058227496487
base,mnli+qnli+qqp+sst2+record+squad_v2,6,cola,0.6485809263374124,0.8623444786561387
base,mnli+qnli+qqp+sst2+record+squad_v2,6,cb,0.6815114577433893,0.8807933660490173
base,mnli+qnli+qqp+sst2+record+squad_v2,6,scitail,0.7260344464864049,0.8879736587405205
base,mnli+qnli+qqp+sst2+record+squad_v2,6,stsb,0.589524124882051,0.8477115434195314
base,mnli+qnli+qqp+sst2+record+squad_v2,6,cr,0.7207015124814851,0.8898666474436011
base,mnli+qnli+qqp+sst2+record+squad_v2,6,rotten_tomatoes,0.7359839475580624,0.8937555737793446
base,mnli+qnli+qqp+sst2+record+squad_v2,6,multirc,0.6489568576216698,0.8616628505821738
base,mnli+qnli+qqp+sst2+record+squad_v2,6,copa,0.6062568677589297,0.8492349325014013
base,mnli+qnli+qqp+sst2+record+squad_v2,6,piqa,0.6287120101707322,0.8545979120369468
base,mnli+qnli+qqp+sst2+record+squad_v2+hellaswag,7,mrpc,0.6609994819653886,0.8682963672493186
base,mnli+qnli+qqp+sst2+record+squad_v2+hellaswag,7,boolq,0.6391552904886859,0.8591088391840458
base,mnli+qnli+qqp+sst2+record+squad_v2+hellaswag,7,rte,0.7121232085462127,0.8886083353843007
base,mnli+qnli+qqp+sst2+record+squad_v2+hellaswag,7,cola,0.6504896908466306,0.8626315883759942
base,mnli+qnli+qqp+sst2+record+squad_v2+hellaswag,7,cb,0.6847005598247051,0.8813946183238711
base,mnli+qnli+qqp+sst2+record+squad_v2+hellaswag,7,scitail,0.726523337087461,0.887907334204231
base,mnli+qnli+qqp+sst2+record+squad_v2+hellaswag,7,stsb,0.5926412864189062,0.8480473565203803
base,mnli+qnli+qqp+sst2+record+squad_v2+hellaswag,7,cr,0.7217219940253666,0.8898849338293076
base,mnli+qnli+qqp+sst2+record+squad_v2+hellaswag,7,rotten_tomatoes,0.7365473290639264,0.8937087271894727
base,mnli+qnli+qqp+sst2+record+squad_v2+hellaswag,7,multirc,0.6504666560462543,0.8618471774139574
base,mnli+qnli+qqp+sst2+record+squad_v2+hellaswag,7,copa,0.6125029141881636,0.8514318998370852
base,mnli+qnli+qqp+sst2+record+squad_v2+hellaswag,7,piqa,0.6664831401514155,0.867063831537962
base,mnli+qnli+qqp+sst2+record+squad_v2+hellaswag+winogrande,8,mrpc,0.6616731251456908,0.8683531289654118
base,mnli+qnli+qqp+sst2+record+squad_v2+hellaswag+winogrande,8,boolq,0.6404568735244018,0.8593400416097471
base,mnli+qnli+qqp+sst2+record+squad_v2+hellaswag+winogrande,8,rte,0.7118218317627907,0.8884722345641681
base,mnli+qnli+qqp+sst2+record+squad_v2+hellaswag+winogrande,8,cola,0.6511330756225756,0.8627256397157907
base,mnli+qnli+qqp+sst2+record+squad_v2+hellaswag+winogrande,8,cb,0.6849018223583698,0.8813812455960682
base,mnli+qnli+qqp+sst2+record+squad_v2+hellaswag+winogrande,8,scitail,0.7261590861848423,0.8877957237086126
base,mnli+qnli+qqp+sst2+record+squad_v2+hellaswag+winogrande,8,stsb,0.5936501112633518,0.8481173243905816
base,mnli+qnli+qqp+sst2+record+squad_v2+hellaswag+winogrande,8,cr,0.7223274457667556,0.8898755769644465
base,mnli+qnli+qqp+sst2+record+squad_v2+hellaswag+winogrande,8,rotten_tomatoes,0.7367957237043551,0.8936744688877037
base,mnli+qnli+qqp+sst2+record+squad_v2+hellaswag+winogrande,8,multirc,0.6509797259100846,0.8620039003768137
base,mnli+qnli+qqp+sst2+record+squad_v2+hellaswag+winogrande,8,copa,0.6188350016517299,0.853680991168533
base,mnli+qnli+qqp+sst2+record+squad_v2+hellaswag+winogrande,8,piqa,0.6969215449477945,0.8760542100561517
base,mnli+qnli+qqp+sst2+record+squad_v2+winogrande,7,mrpc,0.6605743877589703,0.8681729207081454
base,mnli+qnli+qqp+sst2+record+squad_v2+winogrande,7,boolq,0.6396078584449632,0.8592550693345922
base,mnli+qnli+qqp+sst2+record+squad_v2+winogrande,7,rte,0.7104753226573978,0.8882988137858254
base,mnli+qnli+qqp+sst2+record+squad_v2+winogrande,7,cola,0.6497696757848773,0.8624488551701818
base,mnli+qnli+qqp+sst2+record+squad_v2+winogrande,7,cb,0.6822151935526303,0.8808364692543235
base,mnli+qnli+qqp+sst2+record+squad_v2+winogrande,7,scitail,0.7260192326669183,0.887886375987104
base,mnli+qnli+qqp+sst2+record+squad_v2+winogrande,7,stsb,0.5915145111669388,0.8478547417159591
base,mnli+qnli+qqp+sst2+record+squad_v2+winogrande,7,cr,0.721769452627216,0.8899507905755725
base,mnli+qnli+qqp+sst2+record+squad_v2+winogrande,7,rotten_tomatoes,0.7365577258169651,0.8937398360243866
base,mnli+qnli+qqp+sst2+record+squad_v2+winogrande,7,multirc,0.6500375890838248,0.8618537224829197
base,mnli+qnli+qqp+sst2+record+squad_v2+winogrande,7,copa,0.6141583147857871,0.8519303213272776
base,mnli+qnli+qqp+sst2+record+squad_v2+winogrande,7,piqa,0.6815206677253757,0.8706153939877238
base,mnli+qnli+qqp+sst2+record+winogrande,6,mrpc,0.64480978676251,0.8680958838335106
base,mnli+qnli+qqp+sst2+record+winogrande,6,boolq,0.6221510544419289,0.8587131252778428
base,mnli+qnli+qqp+sst2+record+winogrande,6,rte,0.6986112783529929,0.8900983455990042
base,mnli+qnli+qqp+sst2+record+winogrande,6,cola,0.6265781582998378,0.8601774568004268
base,mnli+qnli+qqp+sst2+record+winogrande,6,cb,0.6659247119511876,0.882785152643919
base,mnli+qnli+qqp+sst2+record+winogrande,6,scitail,0.7170731872320175,0.8890839615570647
base,mnli+qnli+qqp+sst2+record+winogrande,6,stsb,0.5707171729632786,0.8472784903964826
base,mnli+qnli+qqp+sst2+record+winogrande,6,cr,0.7107914494616645,0.8920221259551389
base,mnli+qnli+qqp+sst2+record+winogrande,6,rotten_tomatoes,0.728128496291382,0.8955499247780868
base,mnli+qnli+qqp+sst2+record+winogrande,6,multirc,0.6302575806288847,0.8603192610400063
base,mnli+qnli+qqp+sst2+record+winogrande,6,copa,0.5879470235668123,0.85055057864104
base,mnli+qnli+qqp+sst2+record+winogrande,6,piqa,0.6629601318522224,0.871201345164861
base,mnli+qnli+qqp+sst2+snli,5,mrpc,0.5887237491884402,0.8676795262311187
base,mnli+qnli+qqp+sst2+snli,5,boolq,0.5669606141746044,0.8563112071050065
base,mnli+qnli+qqp+sst2+snli,5,rte,0.6450958927827222,0.8921739996543953
base,mnli+qnli+qqp+sst2+snli,5,cola,0.5789507813086467,0.859690038221223
base,mnli+qnli+qqp+sst2+snli,5,cb,0.6213324386626482,0.8911352684455258
base,mnli+qnli+qqp+sst2+snli,5,scitail,0.6848897119717938,0.8923288296375956
base,mnli+qnli+qqp+sst2+snli,5,stsb,0.5177074943203479,0.84644398146442
base,mnli+qnli+qqp+sst2+snli,5,cr,0.6441977987332004,0.892200422606298
base,mnli+qnli+qqp+sst2+snli,5,rotten_tomatoes,0.6642975885021899,0.8955689301448209
base,mnli+qnli+qqp+sst2+snli,5,multirc,0.5805336785768824,0.8587205410003662
base,mnli+qnli+qqp+sst2+snli,5,copa,0.5144587224681995,0.8447304200381041
base,mnli+qnli+qqp+sst2+snli,5,piqa,0.5581537699326873,0.8525747076741287
base,mnli+qnli+qqp+sst2+snli+anli_r1,6,mrpc,0.5929028910717794,0.8688322529196739
base,mnli+qnli+qqp+sst2+snli+anli_r1,6,boolq,0.5672429689272706,0.8566467876413039
base,mnli+qnli+qqp+sst2+snli+anli_r1,6,rte,0.6549614580082042,0.895237113748278
base,mnli+qnli+qqp+sst2+snli+anli_r1,6,cola,0.5806101025747401,0.8601586621786866
base,mnli+qnli+qqp+sst2+snli+anli_r1,6,cb,0.6490911761564868,0.900265958160162
base,mnli+qnli+qqp+sst2+snli+anli_r1,6,scitail,0.691443124253835,0.8941716879074063
base,mnli+qnli+qqp+sst2+snli+anli_r1,6,stsb,0.5169037551718897,0.8466235585510731
base,mnli+qnli+qqp+sst2+snli+anli_r1,6,cr,0.6452539560518095,0.8926869354077748
base,mnli+qnli+qqp+sst2+snli+anli_r1,6,rotten_tomatoes,0.6632545154009547,0.8956865458084005
base,mnli+qnli+qqp+sst2+snli+anli_r1,6,multirc,0.5797410726414195,0.8589862907039267
base,mnli+qnli+qqp+sst2+snli+anli_r1,6,copa,0.5161658571700433,0.8451982829719782
base,mnli+qnli+qqp+sst2+snli+anli_r1,6,piqa,0.5574792739602604,0.8526731721524682
base,mnli+qnli+qqp+sst2+snli+anli_r1+hellaswag,7,mrpc,0.5962204152186003,0.8689758697790759
base,mnli+qnli+qqp+sst2+snli+anli_r1+hellaswag,7,boolq,0.5706924318468997,0.8569351338914463
base,mnli+qnli+qqp+sst2+snli+anli_r1+hellaswag,7,rte,0.6584885471633503,0.8953731113246509
base,mnli+qnli+qqp+sst2+snli+anli_r1+hellaswag,7,cola,0.5835468789695629,0.8603127678590161
base,mnli+qnli+qqp+sst2+snli+anli_r1+hellaswag,7,cb,0.6539415129061256,0.9004569186695984
base,mnli+qnli+qqp+sst2+snli+anli_r1+hellaswag,7,scitail,0.6930272677647216,0.8940214988376413
base,mnli+qnli+qqp+sst2+snli+anli_r1+hellaswag,7,stsb,0.5201937129188862,0.847149428778461
base,mnli+qnli+qqp+sst2+snli+anli_r1+hellaswag,7,cr,0.6489044507034123,0.8927076634551797
base,mnli+qnli+qqp+sst2+snli+anli_r1+hellaswag,7,rotten_tomatoes,0.6660977875414703,0.8956272157707384
base,mnli+qnli+qqp+sst2+snli+anli_r1+hellaswag,7,multirc,0.5828485021899853,0.8593401193086591
base,mnli+qnli+qqp+sst2+snli+anli_r1+hellaswag,7,copa,0.523873455257022,0.8482362878109727
base,mnli+qnli+qqp+sst2+snli+anli_r1+hellaswag,7,piqa,0.5878982122854463,0.8682097276406628
base,mnli+qnli+qqp+sst2+snli+anli_r1+hellaswag+winogrande,8,mrpc,0.5995186459539192,0.8690563514828682
base,mnli+qnli+qqp+sst2+snli+anli_r1+hellaswag+winogrande,8,boolq,0.5750119846447238,0.8570140232997281
base,mnli+qnli+qqp+sst2+snli+anli_r1+hellaswag+winogrande,8,rte,0.6606827633721488,0.895164248666593
base,mnli+qnli+qqp+sst2+snli+anli_r1+hellaswag+winogrande,8,cola,0.5864417737882052,0.8604647716773408
base,mnli+qnli+qqp+sst2+snli+anli_r1+hellaswag+winogrande,8,cb,0.657069867476821,0.9001661469893796
base,mnli+qnli+qqp+sst2+snli+anli_r1+hellaswag+winogrande,8,scitail,0.6945114955306053,0.8938482696456569
base,mnli+qnli+qqp+sst2+snli+anli_r1+hellaswag+winogrande,8,stsb,0.5236665654062692,0.8472340043101992
base,mnli+qnli+qqp+sst2+snli+anli_r1+hellaswag+winogrande,8,cr,0.6519122339918145,0.8926386476627418
base,mnli+qnli+qqp+sst2+snli+anli_r1+hellaswag+winogrande,8,rotten_tomatoes,0.6682151800819806,0.8955429896180119
base,mnli+qnli+qqp+sst2+snli+anli_r1+hellaswag+winogrande,8,multirc,0.5860895080092762,0.859464831384165
base,mnli+qnli+qqp+sst2+snli+anli_r1+hellaswag+winogrande,8,copa,0.5337882434417095,0.8513721754508359
base,mnli+qnli+qqp+sst2+snli+anli_r1+hellaswag+winogrande,8,piqa,0.6219761774076947,0.8775836569922311
