method,combo,n_tasks,target,sar,sar_iso
base,mnli+qnli+qqp+sst2+snli+anli_r1+imdb,7,mrpc,0.5965194514553461,0.8695688886301858
base,mnli+qnli+qqp+sst2+snli+anli_r1+imdb,7,boolq,0.5696045624957021,0.8569762602980647
base,mnli+qnli+qqp+sst2+snli+anli_r1+imdb,7,rte,0.6585120268698249,0.895891258759158
base,mnli+qnli+qqp+sst2+snli+anli_r1+imdb,7,cola,0.5841448862504747,0.8607961061809745
base,mnli+qnli+qqp+sst2+snli+anli_r1+imdb,7,cb,0.6572908306760448,0.9016660372061389
base,mnli+qnli+qqp+sst2+snli+anli_r1+imdb,7,scitail,0.6923978230250734,0.8942674238766942
base,mnli+qnli+qqp+sst2+snli+anli_r1+imdb,7,stsb,0.5177978618802237,0.8466435532484736
base,mnli+qnli+qqp+sst2+snli+anli_r1+imdb,7,cr,0.6780037158834082,0.901007958820888
base,mnli+qnli+qqp+sst2+snli+anli_r1+imdb,7,rotten_tomatoes,0.6996918513572642,0.9043300056031772
base,mnli+qnli+qqp+sst2+snli+anli_r1+imdb,7,multirc,0.5806800721745405,0.8590571377426386
base,mnli+qnli+qqp+sst2+snli+anli_r1+imdb,7,copa,0.5217560676724783,0.8460156050111566
base,mnli+qnli+qqp+sst2+snli+anli_r1+imdb,7,piqa,0.5585315869455891,0.8528643061539957
base,mnli+qnli+qqp+sst2+snli+anli_r1+imdb+hellaswag,8,mrpc,0.6003301344545824,0.8697116694280079
base,mnli+qnli+qqp+sst2+snli+anli_r1+imdb+hellaswag,8,boolq,0.5732975002112133,0.8572034795901605
base,mnli+qnli+qqp+sst2+snli+anli_r1+imdb+hellaswag,8,rte,0.6622443201818636,0.8960056193172932
base,mnli+qnli+qqp+sst2+snli+anli_r1+imdb+hellaswag,8,cola,0.5874033611533898,0.86101603188685
base,mnli+qnli+qqp+sst2+snli+anli_r1+imdb+hellaswag,8,cb,0.6625807032521281,0.9018603627170835
base,mnli+qnli+qqp+sst2+snli+anli_r1+imdb+hellaswag,8,scitail,0.6942191983440092,0.8941255097410509
base,mnli+qnli+qqp+sst2+snli+anli_r1+imdb+hellaswag,8,stsb,0.5214017588711742,0.8471245896071196
base,mnli+qnli+qqp+sst2+snli+anli_r1+imdb+hellaswag,8,cr,0.6811938071623445,0.9008970276585647
base,mnli+qnli+qqp+sst2+snli+anli_r1+imdb+hellaswag,8,rotten_tomatoes,0.7022876114185367,0.9042009546288422
base,mnli+qnli+qqp+sst2+snli+anli_r1+imdb+hellaswag,8,multirc,0.5839406510016748,0.8593596890568733
base,mnli+qnli+qqp+sst2+snli+anli_r1+imdb+hellaswag,8,copa,0.5299166187510959,0.8491127626704318
base,mnli+qnli+qqp+sst2+snli+anli_r1+imdb+hellaswag,8,piqa,0.5888584689902407,0.8682215620896646
base,mnli+qnli+qqp+sst2+snli+anli_r1+imdb+hellaswag+winogrande,9,mrpc,0.6031309122751866,0.8697649341608796
base,mnli+qnli+qqp+sst2+snli+anli_r1+imdb+hellaswag+winogrande,9,boolq,0.5772595605147737,0.857347803988627
base,mnli+qnli+qqp+sst2+snli+anli_r1+imdb+hellaswag+winogrande,9,rte,0.6642644179186651,0.8958105184137821
base,mnli+qnli+qqp+sst2+snli+anli_r1+imdb+hellaswag+winogrande,9,cola,0.5899798699122455,0.8610754566533225
base,mnli+qnli+qqp+sst2+snli+anli_r1+imdb+hellaswag+winogrande,9,cb,0.6651103302304234,0.9015774625752654
base,mnli+qnli+qqp+sst2+snli+anli_r1+imdb+hellaswag+winogrande,9,scitail,0.6955688867185797,0.8939693721809557
base,mnli+qnli+qqp+sst2+snli+anli_r1+imdb+hellaswag+winogrande,9,stsb,0.5246466335374862,0.8472226089132684
base,mnli+qnli+qqp+sst2+snli+anli_r1+imdb+hellaswag+winogrande,9,cr,0.6833385835800853,0.9007501383977277
base,mnli+qnli+qqp+sst2+snli+anli_r1+imdb+hellaswag+winogrande,9,rotten_tomatoes,0.7036262282303402,0.904032435800348
base,mnli+qnli+qqp+sst2+snli+anli_r1+imdb+hellaswag+winogrande,9,multirc,0.5868400029971131,0.8595548351960522
base,mnli+qnli+qqp+sst2+snli+anli_r1+imdb+hellaswag+winogrande,9,copa,0.539271541139377,0.8520512493061168
base,mnli+qnli+qqp+sst2+snli+anli_r1+imdb+hellaswag+winogrande,9,piqa,0.6229936886645321,0.8775268614824329
base,mnli+qnli+qqp+sst2+snli+anli_r1+imdb+squad_v2,8,mrpc,0.6191726328272905,0.8698356923248086
base,mnli+qnli+qqp+sst2+snli+anli_r1+imdb+squad_v2,8,boolq,0.5925793827378324,0.8583442190928119
base,mnli+qnli+qqp+sst2+snli+anli_r1+imdb+squad_v2,8,rte,0.6798989953739303,0.8938413480562823
base,mnli+qnli+qqp+sst2+snli+anli_r1+imdb+squad_v2,8,cola,0.6067130801134876,0.8639286980032921
base,mnli+qnli+qqp+sst2+snli+anli_r1+imdb+squad_v2,8,cb,0.681520156030144,0.8993281312286854
base,mnli+qnli+qqp+sst2+snli+anli_r1+imdb+squad_v2,8,scitail,0.7076711601444653,0.8927523036088262
base,mnli+qnli+qqp+sst2+snli+anli_r1+imdb+squad_v2,8,stsb,0.5408866000694356,0.8477727028408221
base,mnli+qnli+qqp+sst2+snli+anli_r1+imdb+squad_v2,8,cr,0.7008642865610974,0.8985113091766834
base,mnli+qnli+qqp+sst2+snli+anli_r1+imdb+squad_v2,8,rotten_tomatoes,0.719723943487874,0.9022795036435127
base,mnli+qnli+qqp+sst2+snli+anli_r1+imdb+squad_v2,8,multirc,0.6059651583699244,0.8612329818840537
base,mnli+qnli+qqp+sst2+snli+anli_r1+imdb+squad_v2,8,copa,0.5536504871478038,0.8489731201635939
base,mnli+qnli+qqp+sst2+snli+anli_r1+imdb+squad_v2,8,piqa,0.5825214977043548,0.8548943983124835
base,mnli+qnli+qqp+sst2+snli+anli_r1+imdb+squad_v2+hellaswag,9,mrpc,0.6231514710400786,0.8699757994285652
base,mnli+qnli+qqp+sst2+snli+anli_r1+imdb+squad_v2+hellaswag,9,boolq,0.5950945083584104,0.8585203686462981
base,mnli+qnli+qqp+sst2+snli+anli_r1+imdb+squad_v2+hellaswag,9,rte,0.6827681072588477,0.894025840397392
base,mnli+qnli+qqp+sst2+snli+anli_r1+imdb+squad_v2+hellaswag,9,cola,0.6087892249093524,0.8641322031617165
base,mnli+qnli+qqp+sst2+snli+anli_r1+imdb+squad_v2+hellaswag,9,cb,0.6848231117640223,0.8995444513857365
base,mnli+qnli+qqp+sst2+snli+anli_r1+imdb+squad_v2+hellaswag,9,scitail,0.708669565351946,0.8926528726837465
base,mnli+qnli+qqp+sst2+snli+anli_r1+imdb+squad_v2+hellaswag,9,stsb,0.5437467887531966,0.8480720373668841
base,mnli+qnli+qqp+sst2+snli+anli_r1+imdb+squad_v2+hellaswag,9,cr,0.7025625510141253,0.8984107816857951
base,mnli+qnli+qqp+sst2+snli+anli_r1+imdb+squad_v2+hellaswag,9,rotten_tomatoes,0.7209469066666705,0.9022046721407345
base,mnli+qnli+qqp+sst2+snli+anli_r1+imdb+squad_v2+hellaswag,9,multirc,0.6082795908275459,0.8614352446581636
base,mnli+qnli+qqp+sst2+snli+anli_r1+imdb+squad_v2+hellaswag,9,copa,0.5597892853963587,0.8511980205242123
base,mnli+qnli+qqp+sst2+snli+anli_r1+imdb+squad_v2+hellaswag,9,piqa,0.6123652464177992,0.8673347617898669
base,mnli+qnli+qqp+sst2+snli+anli_r1+imdb+squad_v2+hellaswag+winogrande,10,mrpc,0.6247975876820939,0.8700445485966546
base,mnli+qnli+qqp+sst2+snli+anli_r1+imdb+squad_v2+hellaswag+winogrande,10,boolq,0.5975933203340641,0.8587445132434368
base,mnli+qnli+qqp+sst2+snli+anli_r1+imdb+squad_v2+hellaswag+winogrande,10,rte,0.6838363036513329,0.8938070221671036
base,mnli+qnli+qqp+sst2+snli+anli_r1+imdb+squad_v2+hellaswag+winogrande,10,cola,0.6104608476827187,0.8642186296305486
base,mnli+qnli+qqp+sst2+snli+anli_r1+imdb+squad_v2+hellaswag+winogrande,10,cb,0.6858336380017656,0.8992939692522798
base,mnli+qnli+qqp+sst2+snli+anli_r1+imdb+squad_v2+hellaswag+winogrande,10,scitail,0.7094107972724097,0.8925345736954894
base,mnli+qnli+qqp+sst2+snli+anli_r1+imdb+squad_v2+hellaswag+winogrande,10,stsb,0.54593655480338,0.8481796873467309
base,mnli+qnli+qqp+sst2+snli+anli_r1+imdb+squad_v2+hellaswag+winogrande,10,cr,0.7045003758477313,0.8983371816575527
base,mnli+qnli+qqp+sst2+snli+anli_r1+imdb+squad_v2+hellaswag+winogrande,10,rotten_tomatoes,0.722346639659788,0.9020845969872815
base,mnli+qnli+qqp+sst2+snli+anli_r1+imdb+squad_v2+hellaswag+winogrande,10,multirc,0.6099875609922621,0.8615722305008343
base,mnli+qnli+qqp+sst2+snli+anli_r1+imdb+squad_v2+hellaswag+winogrande,10,copa,0.5671974882882621,0.853379418275186
base,mnli+qnli+qqp+sst2+snli+anli_r1+imdb+squad_v2+hellaswag+winogrande,10,piqa,0.6445207320419806,0.8763573632708618
base,mnli+qnli+qqp+sst2+snli+anli_r1+imdb+squad_v2+winogrande,9,mrpc,0.6231110364730869,0.8698820503694671
base,mnli+qnli+qqp+sst2+snli+anli_r1+imdb+squad_v2+winogrande,9,boolq,0.5959740122780204,0.8586242789668697
base,mnli+qnli+qqp+sst2+snli+anli_r1+imdb+squad_v2+winogrande,9,rte,0.6820617294205087,0.8936669528484344
base,mnli+qnli+qqp+sst2+snli+anli_r1+imdb+squad_v2+winogrande,9,cola,0.608978676676218,0.8640602813767535
base,mnli+qnli+qqp+sst2+snli+anli_r1+imdb+squad_v2+winogrande,9,cb,0.6833547814083951,0.8991306621049132
base,mnli+qnli+qqp+sst2+snli+anli_r1+imdb+squad_v2+winogrande,9,scitail,0.7087832856923342,0.8926346701170716
base,mnli+qnli+qqp+sst2+snli+anli_r1+imdb+squad_v2+winogrande,9,stsb,0.5438266184979251,0.8479234911501408
base,mnli+qnli+qqp+sst2+snli+anli_r1+imdb+squad_v2+winogrande,9,cr,0.7030827214143106,0.8984328476446015
base,mnli+qnli+qqp+sst2+snli+anli_r1+imdb+squad_v2+winogrande,9,rotten_tomatoes,0.7212185637493219,0.9022114106587001
base,mnli+qnli+qqp+sst2+snli+anli_r1+imdb+squad_v2+winogrande,9,multirc,0.6084326667977231,0.8613904621452093
base,mnli+qnli+qqp+sst2+snli+anli_r1+imdb+squad_v2+winogrande,9,copa,0.5615076433335032,0.8516364597848484
base,mnli+qnli+qqp+sst2+snli+anli_r1+imdb+squad_v2+winogrande,9,piqa,0.6252237065429134,0.8710933090852839
base,mnli+qnli+qqp+sst2+snli+anli_r1+imdb+winogrande,8,mrpc,0.6006489265710115,0.8696757230375495
base,mnli+qnli+qqp+sst2+snli+anli_r1+imdb+winogrande,8,boolq,0.5746467262506485,0.8572237608688218
base,mnli+qnli+qqp+sst2+snli+anli_r1+imdb+winogrande,8,rte,0.661634946508067,0.8956871160439083
base,mnli+qnli+qqp+sst2+snli+anli_r1+imdb+winogrande,8,cola,0.5875011724419892,0.8609132497970547
base,mnli+qnli+qqp+sst2+snli+anli_r1+imdb+winogrande,8,cb,0.6614475013422114,0.9014704099723271
base,mnli+qnli+qqp+sst2+snli+anli_r1+imdb+winogrande,8,scitail,0.694453983434609,0.8940917596753154
base,mnli+qnli+qqp+sst2+snli+anli_r1+imdb+winogrande,8,stsb,0.5216617227332401,0.8468395588653428
base,mnli+qnli+qqp+sst2+snli+anli_r1+imdb+winogrande,8,cr,0.6817935743768301,0.9009082897433213
base,mnli+qnli+qqp+sst2+snli+anli_r1+imdb+winogrande,8,rotten_tomatoes,0.702834279941661,0.9041845489825521
base,mnli+qnli+qqp+sst2+snli+anli_r1+imdb+winogrande,8,multirc,0.5844628386465567,0.8593451386051518
base,mnli+qnli+qqp+sst2+snli+anli_r1+imdb+winogrande,8,copa,0.5318503908679953,0.849953909537622
base,mnli+qnli+qqp+sst2+snli+anli_r1+imdb+winogrande,8,piqa,0.6004468812939844,0.8718251168195691
base,mnli+qnli+qqp+sst2+snli+anli_r1+paws,7,mrpc,0.5958483922960502,0.8693356290459633
base,mnli+qnli+qqp+sst2+snli+anli_r1+paws,7,boolq,0.6051830066634076,0.8756683705640691
base,mnli+qnli+qqp+sst2+snli+anli_r1+paws,7,rte,0.6566146628132888,0.8953079714306763
base,mnli+qnli+qqp+sst2+snli+anli_r1+paws,7,cola,0.582542902856533,0.8605105757181134
base,mnli+qnli+qqp+sst2+snli+anli_r1+paws,7,cb,0.6492345694984708,0.899810400392328
base,mnli+qnli+qqp+sst2+snli+anli_r1+paws,7,scitail,0.6927747252796378,0.8942204181637082
base,mnli+qnli+qqp+sst2+snli+anli_r1+paws,7,stsb,0.5189634476389203,0.8468965691115174
base,mnli+qnli+qqp+sst2+snli+anli_r1+paws,7,cr,0.6464602200846586,0.8924005851149559
base,mnli+qnli+qqp+sst2+snli+anli_r1+paws,7,rotten_tomatoes,0.6646040437876114,0.895416402391025
base,mnli+qnli+qqp+sst2+snli+anli_r1+paws,7,multirc,0.6059947861358523,0.875513571713652
base,mnli+qnli+qqp+sst2+snli+anli_r1+paws,7,copa,0.5184779710003308,0.8456942553498915
base,mnli+qnli+qqp+sst2+snli+anli_r1+paws,7,piqa,0.5605456843706114,0.8532994804637772
base,mnli+qnli+qqp+sst2+snli+anli_r1+paws+hellaswag,8,mrpc,0.5991697815646019,0.869453705315079
base,mnli+qnli+qqp+sst2+snli+anli_r1+paws+hellaswag,8,boolq,0.608242922529046,0.8757080153695175
base,mnli+qnli+qqp+sst2+snli+anli_r1+paws+hellaswag,8,rte,0.6605389722223792,0.8954145014286041
base,mnli+qnli+qqp+sst2+snli+anli_r1+paws+hellaswag,8,cola,0.5855937676637301,0.8607072194239923
base,mnli+qnli+qqp+sst2+snli+anli_r1+paws+hellaswag,8,cb,0.6550391829971757,0.8999846050781863
base,mnli+qnli+qqp+sst2+snli+anli_r1+paws+hellaswag,8,scitail,0.6948109034981046,0.8940720465034246
base,mnli+qnli+qqp+sst2+snli+anli_r1+paws+hellaswag,8,stsb,0.5223387922160327,0.8473366192941155
base,mnli+qnli+qqp+sst2+snli+anli_r1+paws+hellaswag,8,cr,0.6491596505844167,0.892421305179596
base,mnli+qnli+qqp+sst2+snli+anli_r1+paws+hellaswag,8,rotten_tomatoes,0.6665457984698671,0.895356234429138
base,mnli+qnli+qqp+sst2+snli+anli_r1+paws+hellaswag,8,multirc,0.609166044741869,0.8757306446454355
base,mnli+qnli+qqp+sst2+snli+anli_r1+paws+hellaswag,8,copa,0.5259657120997352,0.8485045355877706
base,mnli+qnli+qqp+sst2+snli+anli_r1+paws+hellaswag,8,piqa,0.5903328023518303,0.8684240845697266
base,mnli+qnli+qqp+sst2+snli+anli_r1+paws+hellaswag+winogrande,9,mrpc,0.6026184537581035,0.869511886366776
base,mnli+qnli+qqp+sst2+snli+anli_r1+paws+hellaswag+winogrande,9,boolq,0.6120205414481461,0.8756614668028695
base,mnli+qnli+qqp+sst2+snli+anli_r1+paws+hellaswag+winogrande,9,rte,0.6629688125103712,0.8952178385640893
base,mnli+qnli+qqp+sst2+snli+anli_r1+paws+hellaswag+winogrande,9,cola,0.5883488632472498,0.8608203964041812
base,mnli+qnli+qqp+sst2+snli+anli_r1+paws+hellaswag+winogrande,9,cb,0.6582325180726392,0.8996850017990384
base,mnli+qnli+qqp+sst2+snli+anli_r1+paws+hellaswag+winogrande,9,scitail,0.6962469552776643,0.8938732937510524
base,mnli+qnli+qqp+sst2+snli+anli_r1+paws+hellaswag+winogrande,9,stsb,0.5257273728493601,0.8474539866937059
base,mnli+qnli+qqp+sst2+snli+anli_r1+paws+hellaswag+winogrande,9,cr,0.6525244322339339,0.8923461112592902
base,mnli+qnli+qqp+sst2+snli+anli_r1+paws+hellaswag+winogrande,9,rotten_tomatoes,0.6688378282290485,0.8952687473169395
base,mnli+qnli+qqp+sst2+snli+anli_r1+paws+hellaswag+winogrande,9,multirc,0.6120780598638313,0.8757701098386731
base,mnli+qnli+qqp+sst2+snli+anli_r1+paws+hellaswag+winogrande,9,copa,0.5361854950897396,0.8514479481215987
base,mnli+qnli+qqp+sst2+snli+anli_r1+paws+hellaswag+winogrande,9,piqa,0.624443975277245,0.8776425729904856
base,mnli+qnli+qqp+sst2+snli+anli_r1+paws+imdb,8,mrpc,0.5998281555782471,0.8701161215347903
base,mnli+qnli+qqp+sst2+snli+anli_r1+paws+imdb,8,boolq,0.6060214657336473,0.8758487821157489
base,mnli+qnli+qqp+sst2+snli+anli_r1+paws+imdb,8,rte,0.6604802177420684,0.8959540288363185
base,mnli+qnli+qqp+sst2+snli+anli_r1+paws+imdb,8,cola,0.5864057149738073,0.8611694537103176
base,mnli+qnli+qqp+sst2+snli+anli_r1+paws+imdb,8,cb,0.6581363957375288,0.9012267057384763
base,mnli+qnli+qqp+sst2+snli+anli_r1+paws+imdb,8,scitail,0.6940276082605124,0.8943431507796049
base,mnli+qnli+qqp+sst2+snli+anli_r1+paws+imdb,8,stsb,0.5200251335876861,0.8469132586781468
base,mnli+qnli+qqp+sst2+snli+anli_r1+paws+imdb,8,cr,0.6787154361871737,0.9006226110671248
base,mnli+qnli+qqp+sst2+snli+anli_r1+paws+imdb,8,rotten_tomatoes,0.7006449916266969,0.9039584903844765
base,mnli+qnli+qqp+sst2+snli+anli_r1+paws+imdb,8,multirc,0.6057451529694455,0.8755526915192604
base,mnli+qnli+qqp+sst2+snli+anli_r1+paws+imdb,8,copa,0.524656836941306,0.8465284223535231
base,mnli+qnli+qqp+sst2+snli+anli_r1+paws+imdb,8,piqa,0.5620722743749086,0.8534724991768599
base,mnli+qnli+qqp+sst2+snli+anli_r1+paws+imdb+hellaswag,9,mrpc,0.6027952547052077,0.8701998916055474
base,mnli+qnli+qqp+sst2+snli+anli_r1+paws+imdb+hellaswag,9,boolq,0.6092561665656311,0.8759019978876624
base,mnli+qnli+qqp+sst2+snli+anli_r1+paws+imdb+hellaswag,9,rte,0.6636141597160271,0.8960609537150178
base,mnli+qnli+qqp+sst2+snli+anli_r1+paws+imdb+hellaswag,9,cola,0.5890240591418531,0.8613673975425107
base,mnli+qnli+qqp+sst2+snli+anli_r1+paws+imdb+hellaswag,9,cb,0.6622636653482914,0.9013558541025434
base,mnli+qnli+qqp+sst2+snli+anli_r1+paws+imdb+hellaswag,9,scitail,0.6952726715909583,0.8941847144493035
base,mnli+qnli+qqp+sst2+snli+anli_r1+paws+imdb+hellaswag,9,stsb,0.5231795023927199,0.8473609520920685
base,mnli+qnli+qqp+sst2+snli+anli_r1+paws+imdb+hellaswag,9,cr,0.6805714025561299,0.900534916136946
base,mnli+qnli+qqp+sst2+snli+anli_r1+paws+imdb+hellaswag,9,rotten_tomatoes,0.7019143675320915,0.9038659009550299
base,mnli+qnli+qqp+sst2+snli+anli_r1+paws+imdb+hellaswag,9,multirc,0.6092114127906305,0.8756985533982515
base,mnli+qnli+qqp+sst2+snli+anli_r1+paws+imdb+hellaswag,9,copa,0.5315076683514884,0.8492663132825068
base,mnli+qnli+qqp+sst2+snli+anli_r1+paws+imdb+hellaswag,9,piqa,0.5907857496224876,0.868423864777599
base,mnli+qnli+qqp+sst2+snli+anli_r1+paws+imdb+hellaswag+winogrande,10,mrpc,0.6054951950375523,0.8702367820910045
base,mnli+qnli+qqp+sst2+snli+anli_r1+paws+imdb+hellaswag+winogrande,10,boolq,0.612771349293845,0.8758751302957535
base,mnli+qnli+qqp+sst2+snli+anli_r1+paws+imdb+hellaswag+winogrande,10,rte,0.6655167923974139,0.8958465845457145
base,mnli+qnli+qqp+sst2+snli+anli_r1+paws+imdb+hellaswag+winogrande,10,cola,0.5913472283365471,0.8614510864551578
base,mnli+qnli+qqp+sst2+snli+anli_r1+paws+imdb+hellaswag+winogrande,10,cb,0.6646494926618678,0.9010682483868939
base,mnli+qnli+qqp+sst2+snli+anli_r1+paws+imdb+hellaswag+winogrande,10,scitail,0.6966978213084596,0.8940067102334329
base,mnli+qnli+qqp+sst2+snli+anli_r1+paws+imdb+hellaswag+winogrande,10,stsb,0.5262860609883708,0.8474731416042361
base,mnli+qnli+qqp+sst2+snli+anli_r1+paws+imdb+hellaswag+winogrande,10,cr,0.6839491062398467,0.9004400319286755
base,mnli+qnli+qqp+sst2+snli+anli_r1+paws+imdb+hellaswag+winogrande,10,rotten_tomatoes,0.7046434090339712,0.9037196247705391
base,mnli+qnli+qqp+sst2+snli+anli_r1+paws+imdb+hellaswag+winogrande,10,multirc,0.6120108453822988,0.8757393498505864
base,mnli+qnli+qqp+sst2+snli+anli_r1+paws+imdb+hellaswag+winogrande,10,copa,0.5402696652870093,0.8521044624171087
base,mnli+qnli+qqp+sst2+snli+anli_r1+paws+imdb+hellaswag+winogrande,10,piqa,0.6243670982907393,0.8775959209139857
base,mnli+qnli+qqp+sst2+snli+anli_r1+paws+imdb+squad_v2,9,mrpc,0.6222621042813573,0.8703068611877305
base,mnli+qnli+qqp+sst2+snli+anli_r1+paws+imdb+squad_v2,9,boolq,0.6323981187971575,0.8748139017926795
base,mnli+qnli+qqp+sst2+snli+anli_r1+paws+imdb+squad_v2,9,rte,0.6811348423361778,0.8939836121031216
base,mnli+qnli+qqp+sst2+snli+anli_r1+paws+imdb+squad_v2,9,cola,0.6076513455648508,0.864166543419872
base,mnli+qnli+qqp+sst2+snli+anli_r1+paws+imdb+squad_v2,9,cb,0.6803456869508538,0.8989488647452423
base,mnli+qnli+qqp+sst2+snli+anli_r1+paws+imdb+squad_v2,9,scitail,0.7084217169987304,0.8928795983748776
base,mnli+qnli+qqp+sst2+snli+anli_r1+paws+imdb+squad_v2,9,stsb,0.5422062615398318,0.8480398764035532
base,mnli+qnli+qqp+sst2+snli+anli_r1+paws+imdb+squad_v2,9,cr,0.7010581731530172,0.8981535035584655
base,mnli+qnli+qqp+sst2+snli+anli_r1+paws+imdb+squad_v2,9,rotten_tomatoes,0.7201019238148417,0.901947525462934
base,mnli+qnli+qqp+sst2+snli+anli_r1+paws+imdb+squad_v2,9,multirc,0.6360375784071428,0.8759272117167711
base,mnli+qnli+qqp+sst2+snli+anli_r1+paws+imdb+squad_v2,9,copa,0.5545839352666267,0.849287950832929
base,mnli+qnli+qqp+sst2+snli+anli_r1+paws+imdb+squad_v2,9,piqa,0.5844603486226073,0.8552767408213445
base,mnli+qnli+qqp+sst2+snli+anli_r1+paws+imdb+squad_v2+hellaswag,10,mrpc,0.6245664741311755,0.8704460162137236
base,mnli+qnli+qqp+sst2+snli+anli_r1+paws+imdb+squad_v2+hellaswag,10,boolq,0.6359502162252154,0.8748684581369162
base,mnli+qnli+qqp+sst2+snli+anli_r1+paws+imdb+squad_v2+hellaswag,10,rte,0.6832499716963086,0.8941239363380841
base,mnli+qnli+qqp+sst2+snli+anli_r1+paws+imdb+squad_v2+hellaswag,10,cola,0.6096110085158476,0.8643613707806382
base,mnli+qnli+qqp+sst2+snli+anli_r1+paws+imdb+squad_v2+hellaswag,10,cb,0.6833295752959592,0.8991041449563844
base,mnli+qnli+qqp+sst2+snli+anli_r1+paws+imdb+squad_v2+hellaswag,10,scitail,0.7092665742550578,0.8927888425865343
base,mnli+qnli+qqp+sst2+snli+anli_r1+paws+imdb+squad_v2+hellaswag,10,stsb,0.5446341379678675,0.8483353416834559
base,mnli+qnli+qqp+sst2+snli+anli_r1+paws+imdb+squad_v2+hellaswag,10,cr,0.702143755076187,0.898103691637516
base,mnli+qnli+qqp+sst2+snli+anli_r1+paws+imdb+squad_v2+hellaswag,10,rotten_tomatoes,0.7208793992176652,0.9018641492085797
base,mnli+qnli+qqp+sst2+snli+anli_r1+paws+imdb+squad_v2+hellaswag,10,multirc,0.6399168203185711,0.8760334373052631
base,mnli+qnli+qqp+sst2+snli+anli_r1+paws+imdb+squad_v2+hellaswag,10,copa,0.5600233250297606,0.8513312975742987
base,mnli+qnli+qqp+sst2+snli+anli_r1+paws+imdb+squad_v2+hellaswag,10,piqa,0.6133584817871451,0.8674692838851895
base,mnli+qnli+qqp+sst2+snli+anli_r1+paws+imdb+squad_v2+hellaswag+winogrande,11,mrpc,0.6263080819376877,0.870473633387259
base,mnli+qnli+qqp+sst2+snli+anli_r1+paws+imdb+squad_v2+hellaswag+winogrande,11,boolq,0.6378652381577662,0.8749524527894599
base,mnli+qnli+qqp+sst2+snli+anli_r1+paws+imdb+squad_v2+hellaswag+winogrande,11,rte,0.6845982596278191,0.8939384493444648
base,mnli+qnli+qqp+sst2+snli+anli_r1+paws+imdb+squad_v2+hellaswag+winogrande,11,cola,0.6114223119137543,0.8644768609000104
base,mnli+qnli+qqp+sst2+snli+anli_r1+paws+imdb+squad_v2+hellaswag+winogrande,11,cb,0.6845038554498127,0.8988552359598023
base,mnli+qnli+qqp+sst2+snli+anli_r1+paws+imdb+squad_v2+hellaswag+winogrande,11,scitail,0.7099185570010117,0.8926771921770913
base,mnli+qnli+qqp+sst2+snli+anli_r1+paws+imdb+squad_v2+hellaswag+winogrande,11,stsb,0.5468668278439769,0.8483716792293957
base,mnli+qnli+qqp+sst2+snli+anli_r1+paws+imdb+squad_v2+hellaswag+winogrande,11,cr,0.7037921643682888,0.8980480884867055
base,mnli+qnli+qqp+sst2+snli+anli_r1+paws+imdb+squad_v2+hellaswag+winogrande,11,rotten_tomatoes,0.7219170080497861,0.9018123900251729
base,mnli+qnli+qqp+sst2+snli+anli_r1+paws+imdb+squad_v2+hellaswag+winogrande,11,multirc,0.6412961477679866,0.8760549447366169
base,mnli+qnli+qqp+sst2+snli+anli_r1+paws+imdb+squad_v2+hellaswag+winogrande,11,copa,0.5670754306151399,0.8534681256860495
base,mnli+qnli+qqp+sst2+snli+anli_r1+paws+imdb+squad_v2+hellaswag+winogrande,11,piqa,0.6450841394918305,0.8764014970511198
base,mnli+qnli+qqp+sst2+snli+anli_r1+paws+imdb+squad_v2+winogrande,10,mrpc,0.6245412858469146,0.870359546904053
base,mnli+qnli+qqp+sst2+snli+anli_r1+paws+imdb+squad_v2+winogrande,10,boolq,0.6365448593028954,0.8749103559447187
base,mnli+qnli+qqp+sst2+snli+anli_r1+paws+imdb+squad_v2+winogrande,10,rte,0.6825371722557715,0.8938172885349819
base,mnli+qnli+qqp+sst2+snli+anli_r1+paws+imdb+squad_v2+winogrande,10,cola,0.6096813483828945,0.8642906426851239
base,mnli+qnli+qqp+sst2+snli+anli_r1+paws+imdb+squad_v2+winogrande,10,cb,0.6820523587188551,0.8987003272133214
base,mnli+qnli+qqp+sst2+snli+anli_r1+paws+imdb+squad_v2+winogrande,10,scitail,0.7093124453510556,0.8927413509892566
base,mnli+qnli+qqp+sst2+snli+anli_r1+paws+imdb+squad_v2+winogrande,10,stsb,0.5447805253788829,0.8481572347560099
base,mnli+qnli+qqp+sst2+snli+anli_r1+paws+imdb+squad_v2+winogrande,10,cr,0.7027202120849064,0.8981266686958926
base,mnli+qnli+qqp+sst2+snli+anli_r1+paws+imdb+squad_v2+winogrande,10,rotten_tomatoes,0.7211154180445841,0.901936120220593
base,mnli+qnli+qqp+sst2+snli+anli_r1+paws+imdb+squad_v2+winogrande,10,multirc,0.6399039768480829,0.8759905528277159
base,mnli+qnli+qqp+sst2+snli+anli_r1+paws+imdb+squad_v2+winogrande,10,copa,0.5617772672724511,0.8518724332430533
base,mnli+qnli+qqp+sst2+snli+anli_r1+paws+imdb+squad_v2+winogrande,10,piqa,0.6261099267617932,0.8712354493992669
base,mnli+qnli+qqp+sst2+snli+anli_r1+paws+imdb+winogrande,9,mrpc,0.6030155324510166,0.8701722542090076
base,mnli+qnli+qqp+sst2+snli+anli_r1+paws+imdb+winogrande,9,boolq,0.6097989917865821,0.8758997685675111
base,mnli+qnli+qqp+sst2+snli+anli_r1+paws+imdb+winogrande,9,rte,0.6629057829933507,0.8957397565245628
base,mnli+qnli+qqp+sst2+snli+anli_r1+paws+imdb+winogrande,9,cola,0.5890239012161536,0.8612456537250962
base,mnli+qnli+qqp+sst2+snli+anli_r1+paws+imdb+winogrande,9,cb,0.6608959234186581,0.9010163008102349
base,mnli+qnli+qqp+sst2+snli+anli_r1+paws+imdb+winogrande,9,scitail,0.6954658204423529,0.8941306325473956
base,mnli+qnli+qqp+sst2+snli+anli_r1+paws+imdb+winogrande,9,stsb,0.5233514516148716,0.8471296397703034
base,mnli+qnli+qqp+sst2+snli+anli_r1+paws+imdb+winogrande,9,cr,0.6813172417293701,0.9005240462720394
base,mnli+qnli+qqp+sst2+snli+anli_r1+paws+imdb+winogrande,9,rotten_tomatoes,0.7025069784639137,0.9038319454661438
base,mnli+qnli+qqp+sst2+snli+anli_r1+paws+imdb+winogrande,9,multirc,0.6091293821643505,0.8755935499710696
base,mnli+qnli+qqp+sst2+snli+anli_r1+paws+imdb+winogrande,9,copa,0.5334000355963197,0.8501809659813132
base,mnli+qnli+qqp+sst2+snli+anli_r1+paws+imdb+winogrande,9,piqa,0.6022811782479819,0.8719939799713237
base,mnli+qnli+qqp+sst2+snli+anli_r1+paws+squad_v2,8,mrpc,0.6187814584534083,0.8696042485535145
base,mnli+qnli+qqp+sst2+snli+anli_r1+paws+squad_v2,8,boolq,0.6321431140947554,0.8746400659105608
base,mnli+qnli+qqp+sst2+snli+anli_r1+paws+squad_v2,8,rte,0.6783733681908676,0.8931985045117992
base,mnli+qnli+qqp+sst2+snli+anli_r1+paws+squad_v2,8,cola,0.6054537531786731,0.86351031410907
base,mnli+qnli+qqp+sst2+snli+anli_r1+paws+squad_v2,8,cb,0.674774806946516,0.8974902661783355
base,mnli+qnli+qqp+sst2+snli+anli_r1+paws+squad_v2,8,scitail,0.7083478812128305,0.892759387514421
base,mnli+qnli+qqp+sst2+snli+anli_r1+paws+squad_v2,8,stsb,0.5419128029274621,0.848003107256123
base,mnli+qnli+qqp+sst2+snli+anli_r1+paws+squad_v2,8,cr,0.6698852501410458,0.88994307496718
base,mnli+qnli+qqp+sst2+snli+anli_r1+paws+squad_v2,8,rotten_tomatoes,0.6852278516494802,0.8932662757911852
base,mnli+qnli+qqp+sst2+snli+anli_r1+paws+squad_v2,8,multirc,0.6365918445267847,0.8759595163698707
base,mnli+qnli+qqp+sst2+snli+anli_r1+paws+squad_v2,8,copa,0.5515275210408228,0.8485614111913102
base,mnli+qnli+qqp+sst2+snli+anli_r1+paws+squad_v2,8,piqa,0.5841488624656839,0.8551835058523076
base,mnli+qnli+qqp+sst2+snli+anli_r1+paws+squad_v2+hellaswag,9,mrpc,0.6211164085460561,0.8697308078408241
base,mnli+qnli+qqp+sst2+snli+anli_r1+paws+squad_v2+hellaswag,9,boolq,0.6354944739889886,0.8747071027755737
base,mnli+qnli+qqp+sst2+snli+anli_r1+paws+squad_v2+hellaswag,9,rte,0.6808274505393845,0.8934147501630443
base,mnli+qnli+qqp+sst2+snli+anli_r1+paws+squad_v2+hellaswag,9,cola,0.6075561253487,0.8637263530067035
base,mnli+qnli+qqp+sst2+snli+anli_r1+paws+squad_v2+hellaswag,9,cb,0.6780955701002053,0.8976924940943718
base,mnli+qnli+qqp+sst2+snli+anli_r1+paws+squad_v2+hellaswag,9,scitail,0.709216750359961,0.892665929027966
base,mnli+qnli+qqp+sst2+snli+anli_r1+paws+squad_v2+hellaswag,9,stsb,0.5444346137145268,0.8482872468552419
base,mnli+qnli+qqp+sst2+snli+anli_r1+paws+squad_v2+hellaswag,9,cr,0.6743758576256889,0.8899556824139186
base,mnli+qnli+qqp+sst2+snli+anli_r1+paws+squad_v2+hellaswag,9,rotten_tomatoes,0.6895164709006038,0.8932283446192741
base,mnli+qnli+qqp+sst2+snli+anli_r1+paws+squad_v2+hellaswag,9,multirc,0.6403368519219969,0.8760603740811348
base,mnli+qnli+qqp+sst2+snli+anli_r1+paws+squad_v2+hellaswag,9,copa,0.5572384282547448,0.8506207798740694
base,mnli+qnli+qqp+sst2+snli+anli_r1+paws+squad_v2+hellaswag,9,piqa,0.6132818327751011,0.8674819610480752
base,mnli+qnli+qqp+sst2+snli+anli_r1+paws+squad_v2+hellaswag+winogrande,10,mrpc,0.6228767157133136,0.8697824387678078
base,mnli+qnli+qqp+sst2+snli+anli_r1+paws+squad_v2+hellaswag+winogrande,10,boolq,0.637685077198382,0.8747922078307185
base,mnli+qnli+qqp+sst2+snli+anli_r1+paws+squad_v2+hellaswag+winogrande,10,rte,0.6818576300782817,0.8932021318801812
base,mnli+qnli+qqp+sst2+snli+anli_r1+paws+squad_v2+hellaswag+winogrande,10,cola,0.60922258546842,0.8638436208878245
base,mnli+qnli+qqp+sst2+snli+anli_r1+paws+squad_v2+hellaswag+winogrande,10,cb,0.6791196138198886,0.8974838847560542
base,mnli+qnli+qqp+sst2+snli+anli_r1+paws+squad_v2+hellaswag+winogrande,10,scitail,0.7097150664776564,0.8925483229437045
base,mnli+qnli+qqp+sst2+snli+anli_r1+paws+squad_v2+hellaswag+winogrande,10,stsb,0.5465962957324726,0.8483615906110832
base,mnli+qnli+qqp+sst2+snli+anli_r1+paws+squad_v2+hellaswag+winogrande,10,cr,0.6764821906441024,0.8899838823292937
base,mnli+qnli+qqp+sst2+snli+anli_r1+paws+squad_v2+hellaswag+winogrande,10,rotten_tomatoes,0.6908276936571512,0.8932109267583915
base,mnli+qnli+qqp+sst2+snli+anli_r1+paws+squad_v2+hellaswag+winogrande,10,multirc,0.6420337771996856,0.8761048074811697
base,mnli+qnli+qqp+sst2+snli+anli_r1+paws+squad_v2+hellaswag+winogrande,10,copa,0.5644878170319966,0.8528097814747265
base,mnli+qnli+qqp+sst2+snli+anli_r1+paws+squad_v2+hellaswag+winogrande,10,piqa,0.6452518419828266,0.8764249826116222
base,mnli+qnli+qqp+sst2+snli+anli_r1+paws+squad_v2+winogrande,9,mrpc,0.6212331449080791,0.8696907205241067
base,mnli+qnli+qqp+sst2+snli+anli_r1+paws+squad_v2+winogrande,9,boolq,0.6361868584395519,0.874777350840824
base,mnli+qnli+qqp+sst2+snli+anli_r1+paws+squad_v2+winogrande,9,rte,0.6800080133335931,0.8930860608816147
base,mnli+qnli+qqp+sst2+snli+anli_r1+paws+squad_v2+winogrande,9,cola,0.6076310366791274,0.8636201769113541
base,mnli+qnli+qqp+sst2+snli+anli_r1+paws+squad_v2+winogrande,9,cb,0.6765374110213348,0.8973232113889286
base,mnli+qnli+qqp+sst2+snli+anli_r1+paws+squad_v2+winogrande,9,scitail,0.7092758630003247,0.8926321100443602
base,mnli+qnli+qqp+sst2+snli+anli_r1+paws+squad_v2+winogrande,9,stsb,0.5445599329125669,0.84815093342747
base,mnli+qnli+qqp+sst2+snli+anli_r1+paws+squad_v2+winogrande,9,cr,0.6750983741533544,0.8899772396045071
base,mnli+qnli+qqp+sst2+snli+anli_r1+paws+squad_v2+winogrande,9,rotten_tomatoes,0.6899274843079704,0.893318772315979
base,mnli+qnli+qqp+sst2+snli+anli_r1+paws+squad_v2+winogrande,9,multirc,0.6403978551471872,0.8760208314550775
base,mnli+qnli+qqp+sst2+snli+anli_r1+paws+squad_v2+winogrande,9,copa,0.5589787884881454,0.8512944509940488
base,mnli+qnli+qqp+sst2+snli+anli_r1+paws+squad_v2+winogrande,9,piqa,0.6261729782979403,0.8711946385779551
base,mnli+qnli+qqp+sst2+snli+anli_r1+paws+winogrande,8,mrpc,0.599473187699914,0.8694099895656109
base,mnli+qnli+qqp+sst2+snli+anli_r1+paws+winogrande,8,boolq,0.6090246236750058,0.8756960513336318
base,mnli+qnli+qqp+sst2+snli+anli_r1+paws+winogrande,8,rte,0.6598616814506906,0.895107028739793
base,mnli+qnli+qqp+sst2+snli+anli_r1+paws+winogrande,8,cola,0.5857017919687288,0.8606513696057456
base,mnli+qnli+qqp+sst2+snli+anli_r1+paws+winogrande,8,cb,0.6536456652517829,0.8995709882250854
base,mnli+qnli+qqp+sst2+snli+anli_r1+paws+winogrande,8,scitail,0.6950272406850543,0.8940312904970986
base,mnli+qnli+qqp+sst2+snli+anli_r1+paws+winogrande,8,stsb,0.5226499091700784,0.8471081033349037
base,mnli+qnli+qqp+sst2+snli+anli_r1+paws+winogrande,8,cr,0.6499895988963544,0.8923496651862349
base,mnli+qnli+qqp+sst2+snli+anli_r1+paws+winogrande,8,rotten_tomatoes,0.6672956499803279,0.8953366252992835
base,mnli+qnli+qqp+sst2+snli+anli_r1+paws+winogrande,8,multirc,0.6093704021934953,0.8755736436162677
base,mnli+qnli+qqp+sst2+snli+anli_r1+paws+winogrande,8,copa,0.5281969289561468,0.8494351375848055
base,mnli+qnli+qqp+sst2+snli+anli_r1+paws+winogrande,8,piqa,0.6021727538734142,0.871991124802402
base,mnli+qnli+qqp+sst2+snli+anli_r1+squad_v2,7,mrpc,0.6169919746794871,0.8691081782536847
base,mnli+qnli+qqp+sst2+snli+anli_r1+squad_v2,7,boolq,0.5911567718056696,0.8581018192427499
base,mnli+qnli+qqp+sst2+snli+anli_r1+squad_v2,7,rte,0.6776184293308428,0.8930480852723122
base,mnli+qnli+qqp+sst2+snli+anli_r1+squad_v2,7,cola,0.6043906460649201,0.8632436892283815
base,mnli+qnli+qqp+sst2+snli+anli_r1+squad_v2,7,cb,0.6758109067699739,0.8978738875261375
base,mnli+qnli+qqp+sst2+snli+anli_r1+squad_v2,7,scitail,0.707473651905145,0.8926381780100721
base,mnli+qnli+qqp+sst2+snli+anli_r1+squad_v2,7,stsb,0.5407920202040779,0.847737617790699
base,mnli+qnli+qqp+sst2+snli+anli_r1+squad_v2,7,cr,0.6700494666583836,0.8902090319565364
base,mnli+qnli+qqp+sst2+snli+anli_r1+squad_v2,7,rotten_tomatoes,0.6852002436561244,0.8935320840350219
base,mnli+qnli+qqp+sst2+snli+anli_r1+squad_v2,7,multirc,0.6057394315222544,0.8612806251538652
base,mnli+qnli+qqp+sst2+snli+anli_r1+squad_v2,7,copa,0.5504959990669575,0.8482370525598526
base,mnli+qnli+qqp+sst2+snli+anli_r1+squad_v2,7,piqa,0.5822123620725635,0.8547825467373643
base,mnli+qnli+qqp+sst2+snli+anli_r1+squad_v2+hellaswag,8,mrpc,0.6194652909679073,0.8692695344133037
base,mnli+qnli+qqp+sst2+snli+anli_r1+squad_v2+hellaswag,8,boolq,0.5935878158946123,0.8582612709807498
base,mnli+qnli+qqp+sst2+snli+anli_r1+squad_v2+hellaswag,8,rte,0.6801605714218957,0.8932793997228146
base,mnli+qnli+qqp+sst2+snli+anli_r1+squad_v2+hellaswag,8,cola,0.6064403180831245,0.8634433078446558
base,mnli+qnli+qqp+sst2+snli+anli_r1+squad_v2+hellaswag,8,cb,0.6793026165770633,0.8981106733637196
base,mnli+qnli+qqp+sst2+snli+anli_r1+squad_v2+hellaswag,8,scitail,0.7085884535419089,0.8925304058939219
base,mnli+qnli+qqp+sst2+snli+anli_r1+squad_v2+hellaswag,8,stsb,0.5434750566658165,0.8480582729514156
base,mnli+qnli+qqp+sst2+snli+anli_r1+squad_v2+hellaswag,8,cr,0.6723533457012049,0.8901997229882649
base,mnli+qnli+qqp+sst2+snli+anli_r1+squad_v2+hellaswag,8,rotten_tomatoes,0.6869458967287626,0.8935045932552644
base,mnli+qnli+qqp+sst2+snli+anli_r1+squad_v2+hellaswag,8,multirc,0.6079958335363439,0.861456532563482
base,mnli+qnli+qqp+sst2+snli+anli_r1+squad_v2+hellaswag,8,copa,0.5566060800504472,0.8504593553287643
base,mnli+qnli+qqp+sst2+snli+anli_r1+squad_v2+hellaswag,8,piqa,0.6123073728355978,0.8673126370246921
base,mnli+qnli+qqp+sst2+snli+anli_r1+squad_v2+hellaswag+winogrande,9,mrpc,0.6214642806776932,0.8693327025643417
base,mnli+qnli+qqp+sst2+snli+anli_r1+squad_v2+hellaswag+winogrande,9,boolq,0.5964705444473241,0.8585196275796209
base,mnli+qnli+qqp+sst2+snli+anli_r1+squad_v2+hellaswag+winogrande,9,rte,0.6815142455909934,0.8930705338716507
base,mnli+qnli+qqp+sst2+snli+anli_r1+squad_v2+hellaswag+winogrande,9,cola,0.6085817853121885,0.863600474649242
base,mnli+qnli+qqp+sst2+snli+anli_r1+squad_v2+hellaswag+winogrande,9,cb,0.6805880828095334,0.8979023311819349
base,mnli+qnli+qqp+sst2+snli+anli_r1+squad_v2+hellaswag+winogrande,9,scitail,0.7094074429145881,0.8924249905560698
base,mnli+qnli+qqp+sst2+snli+anli_r1+squad_v2+hellaswag+winogrande,9,stsb,0.5458508272921401,0.8481508136859962
base,mnli+qnli+qqp+sst2+snli+anli_r1+squad_v2+hellaswag+winogrande,9,cr,0.6753155820603881,0.8902266802532333
base,mnli+qnli+qqp+sst2+snli+anli_r1+squad_v2+hellaswag+winogrande,9,rotten_tomatoes,0.689532196215753,0.8934346158057451
base,mnli+qnli+qqp+sst2+snli+anli_r1+squad_v2+hellaswag+winogrande,9,multirc,0.6099129468202591,0.8616063469754798
base,mnli+qnli+qqp+sst2+snli+anli_r1+squad_v2+hellaswag+winogrande,9,copa,0.564615056517401,0.8527812119573355
base,mnli+qnli+qqp+sst2+snli+anli_r1+squad_v2+hellaswag+winogrande,9,piqa,0.6449181096561786,0.876367613407118
base,mnli+qnli+qqp+sst2+snli+anli_r1+squad_v2+winogrande,8,mrpc,0.619434667751193,0.8692396299115249
base,mnli+qnli+qqp+sst2+snli+anli_r1+squad_v2+winogrande,8,boolq,0.5943512550022986,0.8584313741219896
base,mnli+qnli+qqp+sst2+snli+anli_r1+squad_v2+winogrande,8,rte,0.6792526891721147,0.8929075236831393
base,mnli+qnli+qqp+sst2+snli+anli_r1+squad_v2+winogrande,8,cola,0.6066414715190019,0.863397183961102
base,mnli+qnli+qqp+sst2+snli+anli_r1+squad_v2+winogrande,8,cb,0.6776222522769656,0.8976687623986176
base,mnli+qnli+qqp+sst2+snli+anli_r1+squad_v2+winogrande,8,scitail,0.7086455425513642,0.8925175986119679
base,mnli+qnli+qqp+sst2+snli+anli_r1+squad_v2+winogrande,8,stsb,0.5434926908263671,0.8479029216936657
base,mnli+qnli+qqp+sst2+snli+anli_r1+squad_v2+winogrande,8,cr,0.67286078152912,0.890186068202768
base,mnli+qnli+qqp+sst2+snli+anli_r1+squad_v2+winogrande,8,rotten_tomatoes,0.6872709583757179,0.8935305324516126
base,mnli+qnli+qqp+sst2+snli+anli_r1+squad_v2+winogrande,8,multirc,0.6081317109721047,0.8614344314805099
base,mnli+qnli+qqp+sst2+snli+anli_r1+squad_v2+winogrande,8,copa,0.5584342944036637,0.8509856316127947
base,mnli+qnli+qqp+sst2+snli+anli_r1+squad_v2+winogrande,8,piqa,0.6252192045961108,0.8710747491568327
base,mnli+qnli+qqp+sst2+snli+anli_r1+winogrande,7,mrpc,0.5966838679409453,0.8689489902130195
base,mnli+qnli+qqp+sst2+snli+anli_r1+winogrande,7,boolq,0.572138648613223,0.8568716669189078
base,mnli+qnli+qqp+sst2+snli+anli_r1+winogrande,7,rte,0.6578280284468617,0.8950278727071626
base,mnli+qnli+qqp+sst2+snli+anli_r1+winogrande,7,cola,0.5837598151660391,0.8602647874504328
base,mnli+qnli+qqp+sst2+snli+anli_r1+winogrande,7,cb,0.6526103948376009,0.9000279743756566
base,mnli+qnli+qqp+sst2+snli+anli_r1+winogrande,7,scitail,0.6933273963098016,0.8939808474055359
base,mnli+qnli+qqp+sst2+snli+anli_r1+winogrande,7,stsb,0.5206548488100192,0.8468255975416729
base,mnli+qnli+qqp+sst2+snli+anli_r1+winogrande,7,cr,0.6496339611309979,0.8926711252757481
base,mnli+qnli+qqp+sst2+snli+anli_r1+winogrande,7,rotten_tomatoes,0.6669060921828661,0.8956408306424107
base,mnli+qnli+qqp+sst2+snli+anli_r1+winogrande,7,multirc,0.5834811999728637,0.8591854497790337
base,mnli+qnli+qqp+sst2+snli+anli_r1+winogrande,7,copa,0.5261520127366696,0.8491172694734165
base,mnli+qnli+qqp+sst2+snli+anli_r1+winogrande,7,piqa,0.6001615219949079,0.8718227786677224
base,mnli+qnli+qqp+sst2+snli+hellaswag,6,mrpc,0.5932512155600956,0.8678715670747417
base,mnli+qnli+qqp+sst2+snli+hellaswag,6,boolq,0.5712114359651294,0.8566167554152864
base,mnli+qnli+qqp+sst2+snli+hellaswag,6,rte,0.6495127108480249,0.8924293741583824
base,mnli+qnli+qqp+sst2+snli+hellaswag,6,cola,0.5824526231735945,0.8598456127302987
base,mnli+qnli+qqp+sst2+snli+hellaswag,6,cb,0.628257421244468,0.8915378025599888
base,mnli+qnli+qqp+sst2+snli+hellaswag,6,scitail,0.6868579784142119,0.8921752138329404
base,mnli+qnli+qqp+sst2+snli+hellaswag,6,stsb,0.5215055731989976,0.8470198810100555
base,mnli+qnli+qqp+sst2+snli+hellaswag,6,cr,0.6478225685922163,0.8922237801764693
base,mnli+qnli+qqp+sst2+snli+hellaswag,6,rotten_tomatoes,0.6666843448765576,0.8954911186758961
base,mnli+qnli+qqp+sst2+snli+hellaswag,6,multirc,0.5840119503305427,0.8591236070330653
base,mnli+qnli+qqp+sst2+snli+hellaswag,6,copa,0.5238621081558189,0.8480480488921914
base,mnli+qnli+qqp+sst2+snli+hellaswag,6,piqa,0.5900443729478866,0.8682284650525877
base,mnli+qnli+qqp+sst2+snli+hellaswag+winogrande,7,mrpc,0.596848387404212,0.8680157326161861
base,mnli+qnli+qqp+sst2+snli+hellaswag+winogrande,7,boolq,0.5756553297064134,0.8567433024623564
base,mnli+qnli+qqp+sst2+snli+hellaswag+winogrande,7,rte,0.6527179003294025,0.8922560874904905
base,mnli+qnli+qqp+sst2+snli+hellaswag+winogrande,7,cola,0.5856070448644459,0.8599747326225042
base,mnli+qnli+qqp+sst2+snli+hellaswag+winogrande,7,cb,0.6331775105957475,0.8913313815636295
base,mnli+qnli+qqp+sst2+snli+hellaswag+winogrande,7,scitail,0.6891492634479489,0.8920206488775355
base,mnli+qnli+qqp+sst2+snli+hellaswag+winogrande,7,stsb,0.5252020332430091,0.8471155214522567
base,mnli+qnli+qqp+sst2+snli+hellaswag+winogrande,7,cr,0.6517054126597941,0.8921590303736073
base,mnli+qnli+qqp+sst2+snli+hellaswag+winogrande,7,rotten_tomatoes,0.6697821213331606,0.8953827976116112
base,mnli+qnli+qqp+sst2+snli+hellaswag+winogrande,7,multirc,0.5873757943377963,0.8592325371823141
base,mnli+qnli+qqp+sst2+snli+hellaswag+winogrande,7,copa,0.5342986859115106,0.8511915284075907
base,mnli+qnli+qqp+sst2+snli+hellaswag+winogrande,7,piqa,0.624877877666482,0.877626095233219
base,mnli+qnli+qqp+sst2+snli+imdb,6,mrpc,0.5937370812254292,0.8685595143054213
base,mnli+qnli+qqp+sst2+snli+imdb,6,boolq,0.5699955394291985,0.8566915297082492
base,mnli+qnli+qqp+sst2+snli+imdb,6,rte,0.6500840272222247,0.893112236899989
base,mnli+qnli+qqp+sst2+snli+imdb,6,cola,0.5833854266176266,0.8604044898280075
base,mnli+qnli+qqp+sst2+snli+imdb,6,cb,0.6327223756483623,0.893090408295393
base,mnli+qnli+qqp+sst2+snli+imdb,6,scitail,0.6863925715110132,0.8924711338643517
base,mnli+qnli+qqp+sst2+snli+imdb,6,stsb,0.5191029897624893,0.8465138213442904
base,mnli+qnli+qqp+sst2+snli+imdb,6,cr,0.678018774038979,0.900827942682164
base,mnli+qnli+qqp+sst2+snli+imdb,6,rotten_tomatoes,0.701146166239466,0.9043910785445145
base,mnli+qnli+qqp+sst2+snli+imdb,6,multirc,0.581738980486989,0.8587976880371571
base,mnli+qnli+qqp+sst2+snli+imdb,6,copa,0.52177166463142,0.8457281126507691
base,mnli+qnli+qqp+sst2+snli+imdb,6,piqa,0.5598599928697305,0.8528069294989109
base,mnli+qnli+qqp+sst2+snli+imdb+hellaswag,7,mrpc,0.5972957054951361,0.8687220753303596
base,mnli+qnli+qqp+sst2+snli+imdb+hellaswag,7,boolq,0.5734254027982908,0.8568987271615437
base,mnli+qnli+qqp+sst2+snli+imdb+hellaswag,7,rte,0.6537222755806786,0.8932700008153915
base,mnli+qnli+qqp+sst2+snli+imdb+hellaswag,7,cola,0.5864385258672493,0.8606272355786392
base,mnli+qnli+qqp+sst2+snli+imdb+hellaswag,7,cb,0.6383077659245048,0.8934706550623689
base,mnli+qnli+qqp+sst2+snli+imdb+hellaswag,7,scitail,0.6882453457053218,0.892310218885541
base,mnli+qnli+qqp+sst2+snli+imdb+hellaswag,7,stsb,0.5225859744407769,0.8470274579844305
base,mnli+qnli+qqp+sst2+snli+imdb+hellaswag,7,cr,0.6811404057911464,0.9007080500679356
base,mnli+qnli+qqp+sst2+snli+imdb+hellaswag,7,rotten_tomatoes,0.7036028723897678,0.9042399568217141
base,mnli+qnli+qqp+sst2+snli+imdb+hellaswag,7,multirc,0.5848641164733895,0.8591213840991259
base,mnli+qnli+qqp+sst2+snli+imdb+hellaswag,7,copa,0.5295687000865915,0.8489329011312553
base,mnli+qnli+qqp+sst2+snli+imdb+hellaswag,7,piqa,0.5905312322013613,0.8682507529322591
base,mnli+qnli+qqp+sst2+snli+imdb+hellaswag+winogrande,8,mrpc,0.600873511683728,0.8688136131635734
base,mnli+qnli+qqp+sst2+snli+imdb+hellaswag+winogrande,8,boolq,0.5779201546683908,0.8570799979248217
base,mnli+qnli+qqp+sst2+snli+imdb+hellaswag+winogrande,8,rte,0.6563248461378473,0.8930895690407071
base,mnli+qnli+qqp+sst2+snli+imdb+hellaswag+winogrande,8,cola,0.5893712611203747,0.8606892747006246
base,mnli+qnli+qqp+sst2+snli+imdb+hellaswag+winogrande,8,cb,0.6420957991587264,0.8932067022791931
base,mnli+qnli+qqp+sst2+snli+imdb+hellaswag+winogrande,8,scitail,0.6900340856185981,0.8921511314277139
base,mnli+qnli+qqp+sst2+snli+imdb+hellaswag+winogrande,8,stsb,0.5261161760759673,0.8471248639481408
base,mnli+qnli+qqp+sst2+snli+imdb+hellaswag+winogrande,8,cr,0.6835200775946889,0.9005872399679252
base,mnli+qnli+qqp+sst2+snli+imdb+hellaswag+winogrande,8,rotten_tomatoes,0.7051669697144202,0.9040754229894706
base,mnli+qnli+qqp+sst2+snli+imdb+hellaswag+winogrande,8,multirc,0.5882239688986114,0.8592992997063058
base,mnli+qnli+qqp+sst2+snli+imdb+hellaswag+winogrande,8,copa,0.5400669564093862,0.8519340064376593
base,mnli+qnli+qqp+sst2+snli+imdb+hellaswag+winogrande,8,piqa,0.6254888687814985,0.8775756393692323
base,mnli+qnli+qqp+sst2+snli+imdb+squad_v2,7,mrpc,0.6177435786064182,0.8688582591712475
base,mnli+qnli+qqp+sst2+snli+imdb+squad_v2,7,boolq,0.5939500371127256,0.8581964652985334
base,mnli+qnli+qqp+sst2+snli+imdb+squad_v2,7,rte,0.672859209456614,0.8909494818321296
base,mnli+qnli+qqp+sst2+snli+imdb+squad_v2,7,cola,0.6067706259366658,0.8635168509291751
base,mnli+qnli+qqp+sst2+snli+imdb+squad_v2,7,cb,0.6588315828038114,0.8906128837593964
base,mnli+qnli+qqp+sst2+snli+imdb+squad_v2,7,scitail,0.7026348084743533,0.8909447696059942
base,mnli+qnli+qqp+sst2+snli+imdb+squad_v2,7,stsb,0.542986997436466,0.847726063270654
base,mnli+qnli+qqp+sst2+snli+imdb+squad_v2,7,cr,0.7021944786288908,0.8982802789126124
base,mnli+qnli+qqp+sst2+snli+imdb+squad_v2,7,rotten_tomatoes,0.7223317942449025,0.9022647557514054
base,mnli+qnli+qqp+sst2+snli+imdb+squad_v2,7,multirc,0.6077852227192905,0.861134849222643
base,mnli+qnli+qqp+sst2+snli+imdb+squad_v2,7,copa,0.554895857149469,0.8488162851759365
base,mnli+qnli+qqp+sst2+snli+imdb+squad_v2,7,piqa,0.5846405363575157,0.854870134432401
base,mnli+qnli+qqp+sst2+snli+imdb+squad_v2+hellaswag,8,mrpc,0.6215921470097133,0.869069519851889
base,mnli+qnli+qqp+sst2+snli+imdb+squad_v2+hellaswag,8,boolq,0.596461643065725,0.8584015768553529
base,mnli+qnli+qqp+sst2+snli+imdb+squad_v2+hellaswag,8,rte,0.6759426894464663,0.8911760880478791
base,mnli+qnli+qqp+sst2+snli+imdb+squad_v2+hellaswag,8,cola,0.6090562026282507,0.8637282925524882
base,mnli+qnli+qqp+sst2+snli+imdb+squad_v2+hellaswag,8,cb,0.6626763836081538,0.8910035560173648
base,mnli+qnli+qqp+sst2+snli+imdb+squad_v2+hellaswag,8,scitail,0.703560518633042,0.8908909750836236
base,mnli+qnli+qqp+sst2+snli+imdb+squad_v2+hellaswag,8,stsb,0.5458272034967584,0.8480032139590808
base,mnli+qnli+qqp+sst2+snli+imdb+squad_v2+hellaswag,8,cr,0.7039195498717683,0.8981743375105518
base,mnli+qnli+qqp+sst2+snli+imdb+squad_v2+hellaswag,8,rotten_tomatoes,0.7234876854345202,0.902184495968478
base,mnli+qnli+qqp+sst2+snli+imdb+squad_v2+hellaswag,8,multirc,0.6101050254489694,0.8613439385912248
base,mnli+qnli+qqp+sst2+snli+imdb+squad_v2+hellaswag,8,copa,0.5612553211727312,0.8510611980621304
base,mnli+qnli+qqp+sst2+snli+imdb+squad_v2+hellaswag,8,piqa,0.6151439582795969,0.8673309268695968
base,mnli+qnli+qqp+sst2+snli+imdb+squad_v2+hellaswag+winogrande,9,mrpc,0.6235409144844327,0.8691447696515492
base,mnli+qnli+qqp+sst2+snli+imdb+squad_v2+hellaswag+winogrande,9,boolq,0.599191965335714,0.8586194919688361
base,mnli+qnli+qqp+sst2+snli+imdb+squad_v2+hellaswag+winogrande,9,rte,0.6774027688162667,0.8909967871648925
base,mnli+qnli+qqp+sst2+snli+imdb+squad_v2+hellaswag+winogrande,9,cola,0.6109915400323059,0.8638144225946495
base,mnli+qnli+qqp+sst2+snli+imdb+squad_v2+hellaswag+winogrande,9,cb,0.6644704919308424,0.890809390693903
base,mnli+qnli+qqp+sst2+snli+imdb+squad_v2+hellaswag+winogrande,9,scitail,0.7046492049204451,0.8907677193305322
base,mnli+qnli+qqp+sst2+snli+imdb+squad_v2+hellaswag+winogrande,9,stsb,0.5479579517351729,0.8480658736079931
base,mnli+qnli+qqp+sst2+snli+imdb+squad_v2+hellaswag+winogrande,9,cr,0.7052658003355775,0.8981088463749204
base,mnli+qnli+qqp+sst2+snli+imdb+squad_v2+hellaswag+winogrande,9,rotten_tomatoes,0.7244314004534057,0.9020989590457508
base,mnli+qnli+qqp+sst2+snli+imdb+squad_v2+hellaswag+winogrande,9,multirc,0.6119072819793863,0.8614687070782695
base,mnli+qnli+qqp+sst2+snli+imdb+squad_v2+hellaswag+winogrande,9,copa,0.5690006083542747,0.8532443208886045
base,mnli+qnli+qqp+sst2+snli+imdb+squad_v2+hellaswag+winogrande,9,piqa,0.6474104708592806,0.8763782688017402
base,mnli+qnli+qqp+sst2+snli+imdb+squad_v2+winogrande,8,mrpc,0.6215375651206289,0.8689450014914785
base,mnli+qnli+qqp+sst2+snli+imdb+squad_v2+winogrande,8,boolq,0.5974418167024851,0.8584581118609224
base,mnli+qnli+qqp+sst2+snli+imdb+squad_v2+winogrande,8,rte,0.674996624567679,0.890803651618106
base,mnli+qnli+qqp+sst2+snli+imdb+squad_v2+winogrande,8,cola,0.6091596725662904,0.8636159556252616
base,mnli+qnli+qqp+sst2+snli+imdb+squad_v2+winogrande,8,cb,0.6612039876303503,0.8904271045965808
base,mnli+qnli+qqp+sst2+snli+imdb+squad_v2+winogrande,8,scitail,0.7037575989961624,0.8908262449715819
base,mnli+qnli+qqp+sst2+snli+imdb+squad_v2+winogrande,8,stsb,0.5457960461332861,0.8478377323065486
base,mnli+qnli+qqp+sst2+snli+imdb+squad_v2+winogrande,8,cr,0.704329516472561,0.898216894694737
base,mnli+qnli+qqp+sst2+snli+imdb+squad_v2+winogrande,8,rotten_tomatoes,0.7238167401935373,0.9022161023957389
base,mnli+qnli+qqp+sst2+snli+imdb+squad_v2+winogrande,8,multirc,0.6102930494983282,0.8612520553703819
base,mnli+qnli+qqp+sst2+snli+imdb+squad_v2+winogrande,8,copa,0.5631663809264345,0.8514656033366919
base,mnli+qnli+qqp+sst2+snli+imdb+squad_v2+winogrande,8,piqa,0.6285033877273756,0.8711054317120995
base,mnli+qnli+qqp+sst2+snli+imdb+winogrande,7,mrpc,0.5976239728874394,0.868698714034898
base,mnli+qnli+qqp+sst2+snli+imdb+winogrande,7,boolq,0.5748576355233256,0.8570027731891189
base,mnli+qnli+qqp+sst2+snli+imdb+winogrande,7,rte,0.6530275185193334,0.8929124501134668
base,mnli+qnli+qqp+sst2+snli+imdb+winogrande,7,cola,0.5866383952753884,0.8605467144932065
base,mnli+qnli+qqp+sst2+snli+imdb+winogrande,7,cb,0.6366785243153572,0.8929118514060974
base,mnli+qnli+qqp+sst2+snli+imdb+winogrande,7,scitail,0.6885947066226176,0.8922961138721023
base,mnli+qnli+qqp+sst2+snli+imdb+winogrande,7,stsb,0.52294070563013,0.8467220672007117
base,mnli+qnli+qqp+sst2+snli+imdb+winogrande,7,cr,0.6817529676482081,0.9007411780101913
base,mnli+qnli+qqp+sst2+snli+imdb+winogrande,7,rotten_tomatoes,0.7042559595512492,0.9042384730918067
base,mnli+qnli+qqp+sst2+snli+imdb+winogrande,7,multirc,0.5854544932954013,0.8590884977685553
base,mnli+qnli+qqp+sst2+snli+imdb+winogrande,7,copa,0.5316626636444458,0.849739139101335
base,mnli+qnli+qqp+sst2+snli+imdb+winogrande,7,piqa,0.6025316490725215,0.871814612565296
base,mnli+qnli+qqp+sst2+snli+paws,6,mrpc,0.5929007909393736,0.8682609397385802
base,mnli+qnli+qqp+sst2+snli+paws,6,boolq,0.606845712089645,0.8755417162818568
base,mnli+qnli+qqp+sst2+snli+paws,6,rte,0.6483475363680294,0.8923404940537044
base,mnli+qnli+qqp+sst2+snli+paws,6,cola,0.5817554226544287,0.8600300755351782
base,mnli+qnli+qqp+sst2+snli+paws,6,cb,0.624612235863294,0.8907303033130509
base,mnli+qnli+qqp+sst2+snli+paws,6,scitail,0.6873051266052893,0.8924253697374037
base,mnli+qnli+qqp+sst2+snli+paws,6,stsb,0.5204470814538321,0.8467940403414624
base,mnli+qnli+qqp+sst2+snli+paws,6,cr,0.6461670455256743,0.8918802647718361
base,mnli+qnli+qqp+sst2+snli+paws,6,rotten_tomatoes,0.666202748526952,0.895265884165253
base,mnli+qnli+qqp+sst2+snli+paws,6,multirc,0.6081246734330696,0.8753807190805674
base,mnli+qnli+qqp+sst2+snli+paws,6,copa,0.5184020869034741,0.8453276974282095
base,mnli+qnli+qqp+sst2+snli+paws,6,piqa,0.5621144973140743,0.8531990761735609
base,mnli+qnli+qqp+sst2+snli+paws+hellaswag,7,mrpc,0.5964351048959153,0.86843384376594
base,mnli+qnli+qqp+sst2+snli+paws+hellaswag,7,boolq,0.6097777357458004,0.8756087930606944
base,mnli+qnli+qqp+sst2+snli+paws+hellaswag,7,rte,0.6520739527685302,0.8925804336156163
base,mnli+qnli+qqp+sst2+snli+paws+hellaswag,7,cola,0.5847576529319797,0.8601934146136045
base,mnli+qnli+qqp+sst2+snli+paws+hellaswag,7,cb,0.6299923083611897,0.8911366643650191
base,mnli+qnli+qqp+sst2+snli+paws+hellaswag,7,scitail,0.6889764027936118,0.8922811161194529
base,mnli+qnli+qqp+sst2+snli+paws+hellaswag,7,stsb,0.5238590981877808,0.8472401723265648
base,mnli+qnli+qqp+sst2+snli+paws+hellaswag,7,cr,0.6486426526015359,0.8919109297650201
base,mnli+qnli+qqp+sst2+snli+paws+hellaswag,7,rotten_tomatoes,0.6677852052796099,0.8952232750930956
base,mnli+qnli+qqp+sst2+snli+paws+hellaswag,7,multirc,0.610963580198586,0.8756168537906238
base,mnli+qnli+qqp+sst2+snli+paws+hellaswag,7,copa,0.5260830412153155,0.8482105974107981
base,mnli+qnli+qqp+sst2+snli+paws+hellaswag,7,piqa,0.5925181825379175,0.8684494301144566
base,mnli+qnli+qqp+sst2+snli+paws+hellaswag+winogrande,8,mrpc,0.6000286682641932,0.8684881366789341
base,mnli+qnli+qqp+sst2+snli+paws+hellaswag+winogrande,8,boolq,0.6134376740748329,0.8755917368190629
base,mnli+qnli+qqp+sst2+snli+paws+hellaswag+winogrande,8,rte,0.6547431397650924,0.8923764484269279
base,mnli+qnli+qqp+sst2+snli+paws+hellaswag+winogrande,8,cola,0.5876707857740777,0.8603658053491797
base,mnli+qnli+qqp+sst2+snli+paws+hellaswag+winogrande,8,cb,0.6339502983859607,0.8909193788255964
base,mnli+qnli+qqp+sst2+snli+paws+hellaswag+winogrande,8,scitail,0.6906277553311416,0.8921004081411021
base,mnli+qnli+qqp+sst2+snli+paws+hellaswag+winogrande,8,stsb,0.5272845269979111,0.8473629073372909
base,mnli+qnli+qqp+sst2+snli+paws+hellaswag+winogrande,8,cr,0.6518749558765974,0.8918437510728836
base,mnli+qnli+qqp+sst2+snli+paws+hellaswag+winogrande,8,rotten_tomatoes,0.6699066558586699,0.8951415267906019
base,mnli+qnli+qqp+sst2+snli+paws+hellaswag+winogrande,8,multirc,0.6140482347192509,0.8756753019988537
base,mnli+qnli+qqp+sst2+snli+paws+hellaswag+winogrande,8,copa,0.5364450038676816,0.8512611822890384
base,mnli+qnli+qqp+sst2+snli+paws+hellaswag+winogrande,8,piqa,0.6269012049306184,0.8776973068181958
base,mnli+qnli+qqp+sst2+snli+paws+imdb,7,mrpc,0.597343317233026,0.8691409102508
base,mnli+qnli+qqp+sst2+snli+paws+imdb,7,boolq,0.608062878716737,0.8757615475250142
base,mnli+qnli+qqp+sst2+snli+paws+imdb,7,rte,0.6524960342794657,0.8932349293359688
base,mnli+qnli+qqp+sst2+snli+paws+imdb,7,cola,0.5858660680241883,0.8607333714940718
base,mnli+qnli+qqp+sst2+snli+paws+imdb,7,cb,0.6341733546661479,0.8926778499569211
base,mnli+qnli+qqp+sst2+snli+paws+imdb,7,scitail,0.6882976243006331,0.8925775459834507
base,mnli+qnli+qqp+sst2+snli+paws+imdb,7,stsb,0.5216209435768958,0.8468483377780233
base,mnli+qnli+qqp+sst2+snli+paws+imdb,7,cr,0.6789242047816515,0.9004210010170937
base,mnli+qnli+qqp+sst2+snli+paws+imdb,7,rotten_tomatoes,0.7022632292604872,0.9039945751428604
base,mnli+qnli+qqp+sst2+snli+paws+imdb,7,multirc,0.6083119643319931,0.8754392774509532
base,mnli+qnli+qqp+sst2+snli+paws+imdb,7,copa,0.5249274123593101,0.8462271325822387
base,mnli+qnli+qqp+sst2+snli+paws+imdb,7,piqa,0.5635740131671939,0.8533987046352455
base,mnli+qnli+qqp+sst2+snli+paws+imdb+hellaswag,8,mrpc,0.6005523754283786,0.8692513342414584
base,mnli+qnli+qqp+sst2+snli+paws+imdb+hellaswag,8,boolq,0.6110343734866807,0.875800489581057
base,mnli+qnli+qqp+sst2+snli+paws+imdb+hellaswag,8,rte,0.655870187495436,0.8934062245701041
base,mnli+qnli+qqp+sst2+snli+paws+imdb+hellaswag,8,cola,0.5885204445304615,0.8609670118561813
base,mnli+qnli+qqp+sst2+snli+paws+imdb+hellaswag,8,cb,0.6391259357333183,0.8930285796523094
base,mnli+qnli+qqp+sst2+snli+paws+imdb+hellaswag,8,scitail,0.6897626348904201,0.8924159822719437
base,mnli+qnli+qqp+sst2+snli+paws+imdb+hellaswag,8,stsb,0.5249029583231147,0.8472707854317767
base,mnli+qnli+qqp+sst2+snli+paws+imdb+hellaswag,8,cr,0.6808880995959044,0.9003242062670844
base,mnli+qnli+qqp+sst2+snli+paws+imdb+hellaswag,8,rotten_tomatoes,0.7034724254959396,0.9038912659244878
base,mnli+qnli+qqp+sst2+snli+paws+imdb+hellaswag,8,multirc,0.6112158091605774,0.875597448487367
base,mnli+qnli+qqp+sst2+snli+paws+imdb+hellaswag,8,copa,0.5319492520897516,0.8489700664899179
base,mnli+qnli+qqp+sst2+snli+paws+imdb+hellaswag,8,piqa,0.5932287264814866,0.8684572904769864
base,mnli+qnli+qqp+sst2+snli+paws+imdb+hellaswag+winogrande,9,mrpc,0.6033803912411843,0.8692977125091212
base,mnli+qnli+qqp+sst2+snli+paws+imdb+hellaswag+winogrande,9,boolq,0.6145829496506069,0.8757629373243877
base,mnli+qnli+qqp+sst2+snli+paws+imdb+hellaswag+winogrande,9,rte,0.6580500972590276,0.8932008237711021
base,mnli+qnli+qqp+sst2+snli+paws+imdb+hellaswag+winogrande,9,cola,0.5909525130742362,0.8610832539520094
base,mnli+qnli+qqp+sst2+snli+paws+imdb+hellaswag+winogrande,9,cb,0.641868688964418,0.8927706315049103
base,mnli+qnli+qqp+sst2+snli+paws+imdb+hellaswag+winogrande,9,scitail,0.6912625873727458,0.8922415389014142
base,mnli+qnli+qqp+sst2+snli+paws+imdb+hellaswag+winogrande,9,stsb,0.5278258687217853,0.847383775083082
base,mnli+qnli+qqp+sst2+snli+paws+imdb+hellaswag+winogrande,9,cr,0.6829915672008481,0.900240349982466
base,mnli+qnli+qqp+sst2+snli+paws+imdb+hellaswag+winogrande,9,rotten_tomatoes,0.704962391938482,0.9037640983504909
base,mnli+qnli+qqp+sst2+snli+paws+imdb+hellaswag+winogrande,9,multirc,0.6141503569004791,0.8756370956876448
base,mnli+qnli+qqp+sst2+snli+paws+imdb+hellaswag+winogrande,9,copa,0.5410574611409434,0.8519110565206834
base,mnli+qnli+qqp+sst2+snli+paws+imdb+hellaswag+winogrande,9,piqa,0.6269015488214791,0.8776513798428434
base,mnli+qnli+qqp+sst2+snli+paws+imdb+squad_v2,8,mrpc,0.6210701396422726,0.8693976950432573
base,mnli+qnli+qqp+sst2+snli+paws+imdb+squad_v2,8,boolq,0.6363288540659207,0.8747103341988155
base,mnli+qnli+qqp+sst2+snli+paws+imdb+squad_v2,8,rte,0.6745996211788484,0.891168625759227
base,mnli+qnli+qqp+sst2+snli+paws+imdb+squad_v2,8,cola,0.6080937053609107,0.8638334370085171
base,mnli+qnli+qqp+sst2+snli+paws+imdb+squad_v2,8,cb,0.658284700342587,0.8903177715837955
base,mnli+qnli+qqp+sst2+snli+paws+imdb+squad_v2,8,scitail,0.7035844690565553,0.8911153344171387
base,mnli+qnli+qqp+sst2+snli+paws+imdb+squad_v2,8,stsb,0.5443222507435296,0.8480165526270866
base,mnli+qnli+qqp+sst2+snli+paws+imdb+squad_v2,8,cr,0.7018267770430872,0.8979041342224393
base,mnli+qnli+qqp+sst2+snli+paws+imdb+squad_v2,8,rotten_tomatoes,0.7220931977831891,0.9019126418445792
base,mnli+qnli+qqp+sst2+snli+paws+imdb+squad_v2,8,multirc,0.640301331079432,0.875874785972493
base,mnli+qnli+qqp+sst2+snli+paws+imdb+squad_v2,8,copa,0.5561852342715221,0.8490678731884275
base,mnli+qnli+qqp+sst2+snli+paws+imdb+squad_v2,8,piqa,0.5867877511440643,0.8552252889743873
base,mnli+qnli+qqp+sst2+snli+paws+imdb+squad_v2+hellaswag,9,mrpc,0.623345083157931,0.8695664597409112
base,mnli+qnli+qqp+sst2+snli+paws+imdb+squad_v2+hellaswag,9,boolq,0.6382958433989968,0.8747783247381449
base,mnli+qnli+qqp+sst2+snli+paws+imdb+squad_v2+hellaswag,9,rte,0.6769647691398859,0.8914114167647702
base,mnli+qnli+qqp+sst2+snli+paws+imdb+squad_v2+hellaswag,9,cola,0.610194556481604,0.8640351524310452
base,mnli+qnli+qqp+sst2+snli+paws+imdb+squad_v2+hellaswag,9,cb,0.6618827690503427,0.8906413822301796
base,mnli+qnli+qqp+sst2+snli+paws+imdb+squad_v2+hellaswag,9,scitail,0.7044286437864814,0.891037766156452
base,mnli+qnli+qqp+sst2+snli+paws+imdb+squad_v2+hellaswag,9,stsb,0.5468343577480742,0.8482935343469892
base,mnli+qnli+qqp+sst2+snli+paws+imdb+squad_v2+hellaswag,9,cr,0.7030246128727283,0.897829702922276
base,mnli+qnli+qqp+sst2+snli+paws+imdb+squad_v2+hellaswag,9,rotten_tomatoes,0.722831342369318,0.9018484854272434
base,mnli+qnli+qqp+sst2+snli+paws+imdb+squad_v2+hellaswag,9,multirc,0.6423915590026549,0.875972270699484
base,mnli+qnli+qqp+sst2+snli+paws+imdb+squad_v2+hellaswag,9,copa,0.5617668983260435,0.8511646746524743
base,mnli+qnli+qqp+sst2+snli+paws+imdb+squad_v2+hellaswag,9,piqa,0.6160942728498152,0.8674923189516578
base,mnli+qnli+qqp+sst2+snli+paws+imdb+squad_v2+hellaswag+winogrande,10,mrpc,0.6251097925539527,0.8695701946105275
base,mnli+qnli+qqp+sst2+snli+paws+imdb+squad_v2+hellaswag+winogrande,10,boolq,0.6402741750436169,0.8748706890536206
base,mnli+qnli+qqp+sst2+snli+paws+imdb+squad_v2+hellaswag+winogrande,10,rte,0.6782479741211448,0.8911962588982922
base,mnli+qnli+qqp+sst2+snli+paws+imdb+squad_v2+hellaswag+winogrande,10,cola,0.6117646827894662,0.8640929029456207
base,mnli+qnli+qqp+sst2+snli+paws+imdb+squad_v2+hellaswag+winogrande,10,cb,0.6633550367717232,0.8904297564710889
base,mnli+qnli+qqp+sst2+snli+paws+imdb+squad_v2+hellaswag+winogrande,10,scitail,0.7053586026387555,0.8909289927354881
base,mnli+qnli+qqp+sst2+snli+paws+imdb+squad_v2+hellaswag+winogrande,10,stsb,0.5489283887270305,0.8482869381883315
base,mnli+qnli+qqp+sst2+snli+paws+imdb+squad_v2+hellaswag+winogrande,10,cr,0.7043023970244187,0.8977894330663341
base,mnli+qnli+qqp+sst2+snli+paws+imdb+squad_v2+hellaswag+winogrande,10,rotten_tomatoes,0.7235890214464494,0.9018097599702222
base,mnli+qnli+qqp+sst2+snli+paws+imdb+squad_v2+hellaswag+winogrande,10,multirc,0.6437954468918698,0.8759962181959834
base,mnli+qnli+qqp+sst2+snli+paws+imdb+squad_v2+hellaswag+winogrande,10,copa,0.5689270684628615,0.8532704247960022
base,mnli+qnli+qqp+sst2+snli+paws+imdb+squad_v2+hellaswag+winogrande,10,piqa,0.6478715616810534,0.8764301054179668
base,mnli+qnli+qqp+sst2+snli+paws+imdb+squad_v2+winogrande,9,mrpc,0.6233683624970061,0.8694798972989831
base,mnli+qnli+qqp+sst2+snli+paws+imdb+squad_v2+winogrande,9,boolq,0.6389712010111127,0.8748134172388485
base,mnli+qnli+qqp+sst2+snli+paws+imdb+squad_v2+winogrande,9,rte,0.6761017396513905,0.8910134828516415
base,mnli+qnli+qqp+sst2+snli+paws+imdb+squad_v2+winogrande,9,cola,0.6103454250177103,0.8639138338289091
base,mnli+qnli+qqp+sst2+snli+paws+imdb+squad_v2+winogrande,9,cb,0.660490103864244,0.8901117529187884
base,mnli+qnli+qqp+sst2+snli+paws+imdb+squad_v2+winogrande,9,scitail,0.7046041073543685,0.8910026978701353
base,mnli+qnli+qqp+sst2+snli+paws+imdb+squad_v2+winogrande,9,stsb,0.5469205762991416,0.8480611235967704
base,mnli+qnli+qqp+sst2+snli+paws+imdb+squad_v2+winogrande,9,cr,0.7035611780094249,0.8978577586156982
base,mnli+qnli+qqp+sst2+snli+paws+imdb+squad_v2+winogrande,9,rotten_tomatoes,0.7231601768040231,0.9019152532730784
base,mnli+qnli+qqp+sst2+snli+paws+imdb+squad_v2+winogrande,9,multirc,0.6424090087945972,0.8758953828364611
base,mnli+qnli+qqp+sst2+snli+paws+imdb+squad_v2+winogrande,9,copa,0.563537730635809,0.8516327001686607
base,mnli+qnli+qqp+sst2+snli+paws+imdb+squad_v2+winogrande,9,piqa,0.629420429601201,0.8712409905024937
base,mnli+qnli+qqp+sst2+snli+paws+imdb+winogrande,8,mrpc,0.6008166779897043,0.8691951707005501
base,mnli+qnli+qqp+sst2+snli+paws+imdb+winogrande,8,boolq,0.6120245800619679,0.8758039849677256
base,mnli+qnli+qqp+sst2+snli+paws+imdb+winogrande,8,rte,0.6548967247030565,0.8930179812014103
base,mnli+qnli+qqp+sst2+snli+paws+imdb+winogrande,8,cola,0.5886965389363468,0.8608753875430141
base,mnli+qnli+qqp+sst2+snli+paws+imdb+winogrande,8,cb,0.6376070146049772,0.8924651694084916
base,mnli+qnli+qqp+sst2+snli+paws+imdb+winogrande,8,scitail,0.6899480314127037,0.8923794015177658
base,mnli+qnli+qqp+sst2+snli+paws+imdb+winogrande,8,stsb,0.5249934549376901,0.8470082253749881
base,mnli+qnli+qqp+sst2+snli+paws+imdb+winogrande,8,cr,0.6815321959022965,0.9003365146262305
base,mnli+qnli+qqp+sst2+snli+paws+imdb+winogrande,8,rotten_tomatoes,0.7039979514000672,0.9038875917238849
base,mnli+qnli+qqp+sst2+snli+paws+imdb+winogrande,8,multirc,0.6115422546198326,0.8754766282758543
base,mnli+qnli+qqp+sst2+snli+paws+imdb+winogrande,8,copa,0.534072001531188,0.8499234800360033
base,mnli+qnli+qqp+sst2+snli+paws+imdb+winogrande,8,piqa,0.6049793279131076,0.8719976922231061
base,mnli+qnli+qqp+sst2+snli+paws+squad_v2,7,mrpc,0.6170544466003776,0.8685997916119439
base,mnli+qnli+qqp+sst2+snli+paws+squad_v2,7,boolq,0.6361130177309471,0.8745523201567786
base,mnli+qnli+qqp+sst2+snli+paws+squad_v2,7,rte,0.6712472941726446,0.8901764074606555
base,mnli+qnli+qqp+sst2+snli+paws+squad_v2,7,cola,0.6054746682888695,0.86310828078006
base,mnli+qnli+qqp+sst2+snli+paws+squad_v2,7,cb,0.6512525416910648,0.8883771688810417
base,mnli+qnli+qqp+sst2+snli+paws+squad_v2,7,scitail,0.7033238969743252,0.8909710009715387
base,mnli+qnli+qqp+sst2+snli+paws+squad_v2,7,stsb,0.5439799918593573,0.8479337042995861
base,mnli+qnli+qqp+sst2+snli+paws+squad_v2,7,cr,0.672652963948037,0.8893753471119064
base,mnli+qnli+qqp+sst2+snli+paws+squad_v2,7,rotten_tomatoes,0.6898701201592173,0.8930542088512864
base,mnli+qnli+qqp+sst2+snli+paws+squad_v2,7,multirc,0.6410002988497061,0.875910854765347
base,mnli+qnli+qqp+sst2+snli+paws+squad_v2,7,copa,0.552980173645275,0.848301801564438
base,mnli+qnli+qqp+sst2+snli+paws+squad_v2,7,piqa,0.5862955315969884,0.8551576182778392
base,mnli+qnli+qqp+sst2+snli+paws+squad_v2+hellaswag,8,mrpc,0.6194903177342245,0.8687619747860091
base,mnli+qnli+qqp+sst2+snli+paws+squad_v2+hellaswag,8,boolq,0.6377672431325274,0.8745951915958098
base,mnli+qnli+qqp+sst2+snli+paws+squad_v2+hellaswag,8,rte,0.6738754319293159,0.8905137990202222
base,mnli+qnli+qqp+sst2+snli+paws+squad_v2+hellaswag,8,cola,0.6076245240734092,0.8633149564266205
base,mnli+qnli+qqp+sst2+snli+paws+squad_v2+hellaswag,8,cb,0.6552617414189237,0.8887310687984739
base,mnli+qnli+qqp+sst2+snli+paws+squad_v2+hellaswag,8,scitail,0.7042946570685932,0.8908822179905006
base,mnli+qnli+qqp+sst2+snli+paws+squad_v2+hellaswag,8,stsb,0.5466073950020862,0.8482622749039105
base,mnli+qnli+qqp+sst2+snli+paws+squad_v2+hellaswag,8,cr,0.6743189393143568,0.8893933354743889
base,mnli+qnli+qqp+sst2+snli+paws+squad_v2+hellaswag,8,rotten_tomatoes,0.6909416874072382,0.8930305162710803
base,mnli+qnli+qqp+sst2+snli+paws+squad_v2+hellaswag,8,multirc,0.6427402699233166,0.8759926126471588
base,mnli+qnli+qqp+sst2+snli+paws+squad_v2+hellaswag,8,copa,0.5587385119870305,0.8504222383988755
base,mnli+qnli+qqp+sst2+snli+paws+squad_v2+hellaswag,8,piqa,0.6161513577681035,0.8674860282668045
base,mnli+qnli+qqp+sst2+snli+paws+squad_v2+hellaswag+winogrande,9,mrpc,0.621393701992929,0.8688030780426094
base,mnli+qnli+qqp+sst2+snli+paws+squad_v2+hellaswag+winogrande,9,boolq,0.6404955706426075,0.874709317194564
base,mnli+qnli+qqp+sst2+snli+paws+squad_v2+hellaswag+winogrande,9,rte,0.675313803766455,0.8902771057827132
base,mnli+qnli+qqp+sst2+snli+paws+squad_v2+hellaswag+winogrande,9,cola,0.6095946129810598,0.8633887363331658
base,mnli+qnli+qqp+sst2+snli+paws+squad_v2+hellaswag+winogrande,9,cb,0.6570104927356754,0.8886143331016813
base,mnli+qnli+qqp+sst2+snli+paws+squad_v2+hellaswag+winogrande,9,scitail,0.7052239408450467,0.8907943442463875
base,mnli+qnli+qqp+sst2+snli+paws+squad_v2+hellaswag+winogrande,9,stsb,0.5488727874388653,0.8482718145740884
base,mnli+qnli+qqp+sst2+snli+paws+squad_v2+hellaswag+winogrande,9,cr,0.6769301594634142,0.8894268694732871
base,mnli+qnli+qqp+sst2+snli+paws+squad_v2+hellaswag+winogrande,9,rotten_tomatoes,0.6929394423163363,0.8930425351219518
base,mnli+qnli+qqp+sst2+snli+paws+squad_v2+hellaswag+winogrande,9,multirc,0.6449198666294771,0.8760414009115526
base,mnli+qnli+qqp+sst2+snli+paws+squad_v2+hellaswag+winogrande,9,copa,0.5662760970049671,0.8526081373648984
base,mnli+qnli+qqp+sst2+snli+paws+squad_v2+hellaswag+winogrande,9,piqa,0.6485880018278424,0.876456081867218
base,mnli+qnli+qqp+sst2+snli+paws+squad_v2+winogrande,8,mrpc,0.6196761071415884,0.868651170283556
base,mnli+qnli+qqp+sst2+snli+paws+squad_v2+winogrande,8,boolq,0.6389125161139029,0.8746585087584597
base,mnli+qnli+qqp+sst2+snli+paws+squad_v2+winogrande,8,rte,0.6731723688010659,0.8900759097720895
base,mnli+qnli+qqp+sst2+snli+paws+squad_v2+winogrande,8,cola,0.6078069358398872,0.8631820697337389
base,mnli+qnli+qqp+sst2+snli+paws+squad_v2+winogrande,8,cb,0.6535660440900496,0.8882440025252956
base,mnli+qnli+qqp+sst2+snli+paws+squad_v2+winogrande,8,scitail,0.704559541706528,0.8908535460276263
base,mnli+qnli+qqp+sst2+snli+paws+squad_v2+winogrande,8,stsb,0.5466712154448032,0.8480422675077405
base,mnli+qnli+qqp+sst2+snli+paws+squad_v2+winogrande,8,cr,0.6751649293250271,0.8894058029566493
base,mnli+qnli+qqp+sst2+snli+paws+squad_v2+winogrande,8,rotten_tomatoes,0.6916618005239538,0.8931057325431279
base,mnli+qnli+qqp+sst2+snli+paws+squad_v2+winogrande,8,multirc,0.6433961326256394,0.8759400424148355
base,mnli+qnli+qqp+sst2+snli+paws+squad_v2+winogrande,8,copa,0.5606691599158304,0.8510343538863319
base,mnli+qnli+qqp+sst2+snli+paws+squad_v2+winogrande,8,piqa,0.6292083177582494,0.871208604691284
base,mnli+qnli+qqp+sst2+snli+paws+winogrande,7,mrpc,0.5968076545479042,0.8683235879455294
base,mnli+qnli+qqp+sst2+snli+paws+winogrande,7,boolq,0.6106983058686767,0.8755760743681874
base,mnli+qnli+qqp+sst2+snli+paws+winogrande,7,rte,0.6512764734881265,0.8921534067818097
base,mnli+qnli+qqp+sst2+snli+paws+winogrande,7,cola,0.5849040433365319,0.8601714053324291
base,mnli+qnli+qqp+sst2+snli+paws+winogrande,7,cb,0.6284885861511741,0.890545838113342
base,mnli+qnli+qqp+sst2+snli+paws+winogrande,7,scitail,0.689211110717484,0.8922339369143758
base,mnli+qnli+qqp+sst2+snli+paws+winogrande,7,stsb,0.5240838954424751,0.8470046525554997
base,mnli+qnli+qqp+sst2+snli+paws+winogrande,7,cr,0.6495168298216802,0.8918484177972589
base,mnli+qnli+qqp+sst2+snli+paws+winogrande,7,rotten_tomatoes,0.6685560551205916,0.8952231079872165
base,mnli+qnli+qqp+sst2+snli+paws+winogrande,7,multirc,0.6114444088057748,0.8754471255732434
base,mnli+qnli+qqp+sst2+snli+paws+winogrande,7,copa,0.5283397657663694,0.849204683676362
base,mnli+qnli+qqp+sst2+snli+paws+winogrande,7,piqa,0.6043422159605792,0.8719912668956178
base,mnli+qnli+qqp+sst2+snli+squad_v2,6,mrpc,0.6147679651954344,0.8680218016462666
base,mnli+qnli+qqp+sst2+snli+squad_v2,6,boolq,0.5923183714039624,0.8579409766410079
base,mnli+qnli+qqp+sst2+snli+squad_v2,6,rte,0.6698060104889529,0.8899565003812313
base,mnli+qnli+qqp+sst2+snli+squad_v2,6,cola,0.6041162864837263,0.862774226016232
base,mnli+qnli+qqp+sst2+snli+squad_v2,6,cb,0.651578972648297,0.8886575501944337
base,mnli+qnli+qqp+sst2+snli+squad_v2,6,scitail,0.7021936904639006,0.8907772462282862
base,mnli+qnli+qqp+sst2+snli+squad_v2,6,stsb,0.5427625916698682,0.8476451044636113
base,mnli+qnli+qqp+sst2+snli+squad_v2,6,cr,0.6705137362836727,0.889636153621333
base,mnli+qnli+qqp+sst2+snli+squad_v2,6,rotten_tomatoes,0.6874963537390743,0.8933141705180917
base,mnli+qnli+qqp+sst2+snli+squad_v2,6,multirc,0.6075765094054597,0.8611655099583524
base,mnli+qnli+qqp+sst2+snli+squad_v2,6,copa,0.5513379236550203,0.8479668929108551
base,mnli+qnli+qqp+sst2+snli+squad_v2,6,piqa,0.5842465941927263,0.8547365199774504
base,mnli+qnli+qqp+sst2+snli+squad_v2+hellaswag,7,mrpc,0.6176036300935915,0.8682526099894728
base,mnli+qnli+qqp+sst2+snli+squad_v2+hellaswag,7,boolq,0.5948199279872435,0.8580896420670407
base,mnli+qnli+qqp+sst2+snli+squad_v2+hellaswag,7,rte,0.6729442809841463,0.8902380136506898
base,mnli+qnli+qqp+sst2+snli+squad_v2+hellaswag,7,cola,0.606629613986505,0.8629895775978055
base,mnli+qnli+qqp+sst2+snli+squad_v2+hellaswag,7,cb,0.6559942574905497,0.8891201679195676
base,mnli+qnli+qqp+sst2+snli+squad_v2+hellaswag,7,scitail,0.7034857746745858,0.8907212375530175
base,mnli+qnli+qqp+sst2+snli+squad_v2+hellaswag,7,stsb,0.5455066069761025,0.8479483766215188
base,mnli+qnli+qqp+sst2+snli+squad_v2+hellaswag,7,cr,0.6744730737991631,0.8896446797464576
base,mnli+qnli+qqp+sst2+snli+squad_v2+hellaswag,7,rotten_tomatoes,0.690920061165733,0.8932994918099472
base,mnli+qnli+qqp+sst2+snli+squad_v2+hellaswag,7,multirc,0.6097884822769889,0.8613462232585464
base,mnli+qnli+qqp+sst2+snli+squad_v2+hellaswag,7,copa,0.5578415681208883,0.8502828369715384
base,mnli+qnli+qqp+sst2+snli+squad_v2+hellaswag,7,piqa,0.615095599288387,0.867307575153453
base,mnli+qnli+qqp+sst2+snli+squad_v2+hellaswag+winogrande,8,mrpc,0.6195978075265884,0.8683117048016616
base,mnli+qnli+qqp+sst2+snli+squad_v2+hellaswag+winogrande,8,boolq,0.5977828327699432,0.8583663635488067
base,mnli+qnli+qqp+sst2+snli+squad_v2+hellaswag+winogrande,8,rte,0.6740958283522299,0.890046375138419
base,mnli+qnli+qqp+sst2+snli+squad_v2+hellaswag+winogrande,8,cola,0.6086443381916199,0.8631304071417877
base,mnli+qnli+qqp+sst2+snli+squad_v2+hellaswag+winogrande,8,cb,0.6575965593968119,0.8889628207044942
base,mnli+qnli+qqp+sst2+snli+squad_v2+hellaswag+winogrande,8,scitail,0.7042037432215044,0.8906151556542942
base,mnli+qnli+qqp+sst2+snli+squad_v2+hellaswag+winogrande,8,stsb,0.5478677979470896,0.8480822321559701
base,mnli+qnli+qqp+sst2+snli+squad_v2+hellaswag+winogrande,8,cr,0.6763955198361405,0.8896731175482273
base,mnli+qnli+qqp+sst2+snli+squad_v2+hellaswag+winogrande,8,rotten_tomatoes,0.6922804624108332,0.8932958969048092
base,mnli+qnli+qqp+sst2+snli+squad_v2+hellaswag+winogrande,8,multirc,0.6116837015641587,0.8614962936512062
base,mnli+qnli+qqp+sst2+snli+squad_v2+hellaswag+winogrande,8,copa,0.566074436796563,0.8525888893221106
base,mnli+qnli+qqp+sst2+snli+squad_v2+hellaswag+winogrande,8,piqa,0.647811161154615,0.8763880769589117
base,mnli+qnli+qqp+sst2+snli+squad_v2+winogrande,7,mrpc,0.617605485022068,0.8681812866457871
base,mnli+qnli+qqp+sst2+snli+squad_v2+winogrande,7,boolq,0.5958210835898561,0.8582545997841018
base,mnli+qnli+qqp+sst2+snli+squad_v2+winogrande,7,rte,0.6718207674899271,0.889819902500936
base,mnli+qnli+qqp+sst2+snli+squad_v2+winogrande,7,cola,0.6067508229586694,0.8629532930042062
base,mnli+qnli+qqp+sst2+snli+squad_v2+winogrande,7,cb,0.6540955265185663,0.8884906039706298
base,mnli+qnli+qqp+sst2+snli+squad_v2+winogrande,7,scitail,0.7035612102065768,0.8906763033675296
base,mnli+qnli+qqp+sst2+snli+squad_v2+winogrande,7,stsb,0.5455391970463097,0.847774154905762
base,mnli+qnli+qqp+sst2+snli+squad_v2+winogrande,7,cr,0.6751630201137492,0.8896721303462982
base,mnli+qnli+qqp+sst2+snli+squad_v2+winogrande,7,rotten_tomatoes,0.6915768793384943,0.8933631423860788
base,mnli+qnli+qqp+sst2+snli+squad_v2+winogrande,7,multirc,0.6099384872109762,0.8613147913877454
base,mnli+qnli+qqp+sst2+snli+squad_v2+winogrande,7,copa,0.559822681759085,0.8507759078804936
base,mnli+qnli+qqp+sst2+snli+squad_v2+winogrande,7,piqa,0.6283187004737556,0.8710616199033601
base,mnli+qnli+qqp+sst2+snli+winogrande,6,mrpc,0.5938251726329327,0.8678060509264469
base,mnli+qnli+qqp+sst2+snli+winogrande,6,boolq,0.5727704629368547,0.8565985618957451
base,mnli+qnli+qqp+sst2+snli+winogrande,6,rte,0.6490254128085715,0.8920094099427972
base,mnli+qnli+qqp+sst2+snli+winogrande,6,cola,0.5829755262072597,0.8598278556019068
base,mnli+qnli+qqp+sst2+snli+winogrande,6,cb,0.6269641901765551,0.8909603910786765
base,mnli+qnli+qqp+sst2+snli+winogrande,6,scitail,0.6873691648777042,0.8921453721289124
base,mnli+qnli+qqp+sst2+snli+winogrande,6,stsb,0.5221467688679695,0.8466957248747349
base,mnli+qnli+qqp+sst2+snli+winogrande,6,cr,0.6495432566319194,0.8921831377914974
base,mnli+qnli+qqp+sst2+snli+winogrande,6,rotten_tomatoes,0.6686528512010617,0.8955096365617854
base,mnli+qnli+qqp+sst2+snli+winogrande,6,multirc,0.584776789881289,0.858948343832578
base,mnli+qnli+qqp+sst2+snli+winogrande,6,copa,0.5265622370809849,0.8488637711852789
base,mnli+qnli+qqp+sst2+snli+winogrande,6,piqa,0.60244480633576,0.8718132821044752
base,mnli+qnli+qqp+sst2+squad_v2,5,mrpc,0.6475949795650584,0.8687915094196796
base,mnli+qnli+qqp+sst2+squad_v2,5,boolq,0.6233714365267328,0.8588267524859735
base,mnli+qnli+qqp+sst2+squad_v2,5,rte,0.7017871819968734,0.8900083787739277
base,mnli+qnli+qqp+sst2+squad_v2,5,cola,0.6345347857901028,0.8628536526645932
base,mnli+qnli+qqp+sst2+squad_v2,5,cb,0.6698061116039753,0.8826388998755387
base,mnli+qnli+qqp+sst2+squad_v2,5,scitail,0.7195350131286042,0.8892479246216161
base,mnli+qnli+qqp+sst2+squad_v2,5,stsb,0.5733210519621414,0.8479325114084142
base,mnli+qnli+qqp+sst2+squad_v2,5,cr,0.7149083781987429,0.891734636255673
base,mnli+qnli+qqp+sst2+squad_v2,5,rotten_tomatoes,0.7309344418879066,0.8953487984836102
base,mnli+qnli+qqp+sst2+squad_v2,5,multirc,0.6362389822357467,0.861749395195927
base,mnli+qnli+qqp+sst2+squad_v2,5,copa,0.587530983079757,0.8488807337624686
base,mnli+qnli+qqp+sst2+squad_v2,5,piqa,0.6117995676052358,0.8543575198522636
base,mnli+qnli+qqp+sst2+squad_v2+hellaswag,6,mrpc,0.6499735047774655,0.8690021948090622
base,mnli+qnli+qqp+sst2+squad_v2+hellaswag,6,boolq,0.6257318630149322,0.85901222191751
base,mnli+qnli+qqp+sst2+squad_v2+hellaswag,6,rte,0.7043124136648008,0.8901754862495831
base,mnli+qnli+qqp+sst2+squad_v2+hellaswag,6,cola,0.6372740485572389,0.8631357686328036
base,mnli+qnli+qqp+sst2+squad_v2+hellaswag,6,cb,0.6739326821906226,0.8831433973142079
base,mnli+qnli+qqp+sst2+squad_v2+hellaswag,6,scitail,0.7203381487301418,0.889118580147624
base,mnli+qnli+qqp+sst2+squad_v2+hellaswag,6,stsb,0.5772430053912103,0.84825478946524
base,mnli+qnli+qqp+sst2+squad_v2+hellaswag,6,cr,0.7162758114614657,0.8916816610310759
base,mnli+qnli+qqp+sst2+squad_v2+hellaswag,6,rotten_tomatoes,0.7317157730992351,0.8952232423637595
base,mnli+qnli+qqp+sst2+squad_v2+hellaswag,6,multirc,0.6385210006098662,0.8619516247085163
base,mnli+qnli+qqp+sst2+squad_v2+hellaswag,6,copa,0.5955060745722481,0.8512796301926885
base,mnli+qnli+qqp+sst2+squad_v2+hellaswag,6,piqa,0.6540199757686683,0.86780109629035
base,mnli+qnli+qqp+sst2+squad_v2+hellaswag+winogrande,7,mrpc,0.6516903378069401,0.8690782200012889
base,mnli+qnli+qqp+sst2+squad_v2+hellaswag+winogrande,7,boolq,0.6281872389039823,0.8591324830693858
base,mnli+qnli+qqp+sst2+squad_v2+hellaswag+winogrande,7,rte,0.7048321509999889,0.889998090586492
base,mnli+qnli+qqp+sst2+squad_v2+hellaswag+winogrande,7,cola,0.639117114911122,0.8632690283868995
base,mnli+qnli+qqp+sst2+squad_v2+hellaswag+winogrande,7,cb,0.6755722423217126,0.8829810683216367
base,mnli+qnli+qqp+sst2+squad_v2+hellaswag+winogrande,7,scitail,0.7205495022769485,0.8889651035091707
base,mnli+qnli+qqp+sst2+squad_v2+hellaswag+winogrande,7,stsb,0.5790114136013601,0.8482297714799643
base,mnli+qnli+qqp+sst2+squad_v2+hellaswag+winogrande,7,cr,0.7174680296863828,0.8916569325540747
base,mnli+qnli+qqp+sst2+squad_v2+hellaswag+winogrande,7,rotten_tomatoes,0.7324001618794033,0.8951757890837533
base,mnli+qnli+qqp+sst2+squad_v2+hellaswag+winogrande,7,multirc,0.6399732216128281,0.862062668427825
base,mnli+qnli+qqp+sst2+squad_v2+hellaswag+winogrande,7,copa,0.604059359590922,0.8536491766571999
base,mnli+qnli+qqp+sst2+squad_v2+hellaswag+winogrande,7,piqa,0.6852545547964317,0.876943225307124
base,mnli+qnli+qqp+sst2+squad_v2+winogrande,6,mrpc,0.6495737209916115,0.8688949053840977
base,mnli+qnli+qqp+sst2+squad_v2+winogrande,6,boolq,0.6263043920376471,0.8590991920126336
base,mnli+qnli+qqp+sst2+squad_v2+winogrande,6,rte,0.702581654435822,0.8898157110171658
base,mnli+qnli+qqp+sst2+squad_v2+winogrande,6,cola,0.636602948818888,0.8630018005413669
base,mnli+qnli+qqp+sst2+squad_v2+winogrande,6,cb,0.6711417566984892,0.882451517773526
base,mnli+qnli+qqp+sst2+squad_v2+winogrande,6,scitail,0.7200310648019824,0.8890939777983087
base,mnli+qnli+qqp+sst2+squad_v2+winogrande,6,stsb,0.5760306805106146,0.8480395142521177
base,mnli+qnli+qqp+sst2+squad_v2+winogrande,6,cr,0.7164837616894927,0.8917153674576964
base,mnli+qnli+qqp+sst2+squad_v2+winogrande,6,rotten_tomatoes,0.731968445171203,0.8953270092606544
base,mnli+qnli+qqp+sst2+squad_v2+winogrande,6,multirc,0.6382327477580735,0.8619333103831325
base,mnli+qnli+qqp+sst2+squad_v2+winogrande,6,copa,0.5971483753195831,0.8517085066331285
base,mnli+qnli+qqp+sst2+squad_v2+winogrande,6,piqa,0.6669477348082832,0.8712289825614009
base,mnli+qnli+qqp+sst2+winogrande,5,mrpc,0.6223326575543199,0.8687644845673016
base,mnli+qnli+qqp+sst2+winogrande,5,boolq,0.5991814114552524,0.8576864589537893
base,mnli+qnli+qqp+sst2+winogrande,5,rte,0.6780410882617746,0.8926122768649033
base,mnli+qnli+qqp+sst2+winogrande,5,cola,0.6045043389312923,0.8598543205963713
base,mnli+qnli+qqp+sst2+winogrande,5,cb,0.6420054784310716,0.8854122710015092
base,mnli+qnli+qqp+sst2+winogrande,5,scitail,0.7015318519302777,0.8909582745816026
base,mnli+qnli+qqp+sst2+winogrande,5,stsb,0.5452836312220565,0.846794618293643
base,mnli+qnli+qqp+sst2+winogrande,5,cr,0.6895564116005387,0.8949017519397395
base,mnli+qnli+qqp+sst2+winogrande,5,rotten_tomatoes,0.7082510796774711,0.8980852652873311
base,mnli+qnli+qqp+sst2+winogrande,5,multirc,0.6079574575248573,0.8595321372683559
base,mnli+qnli+qqp+sst2+winogrande,5,copa,0.5563880736008286,0.8498875118259873
base,mnli+qnli+qqp+sst2+winogrande,5,piqa,0.634661227664245,0.8721590377390385
base,mnli+qnli+qqp+winogrande,4,mrpc,0.6167433063632676,0.8675864892346519
base,mnli+qnli+qqp+winogrande,4,boolq,0.5946418223902583,0.8572082995836224
base,mnli+qnli+qqp+winogrande,4,rte,0.6745584644377232,0.8922420585794109
base,mnli+qnli+qqp+winogrande,4,cola,0.5946692170442215,0.8574907526906047
base,mnli+qnli+qqp+winogrande,4,cb,0.6327301394194365,0.883704521294151
base,mnli+qnli+qqp+winogrande,4,scitail,0.6994138253586633,0.8907812894987208
base,mnli+qnli+qqp+winogrande,4,stsb,0.5427543453406543,0.8466182904584068
base,mnli+qnli+qqp+winogrande,4,cr,0.5947727239025491,0.8584267385303974
base,mnli+qnli+qqp+winogrande,4,rotten_tomatoes,0.5962143691389689,0.8570320252329111
base,mnli+qnli+qqp+winogrande,4,multirc,0.6058035291332219,0.8594696513776269
base,mnli+qnli+qqp+winogrande,4,copa,0.5507335111365786,0.8487256541848183
base,mnli+qnli+qqp+winogrande,4,piqa,0.6335607640711325,0.8722897922354085
base,mnli+qnli+record,3,mrpc,0.6333058910178286,0.8650874330529145
base,mnli+qnli+record,3,boolq,0.6180703400501183,0.8581647189067942
base,mnli+qnli+record,3,rte,0.7029383555054665,0.8919599982244628
base,mnli+qnli+record,3,cola,0.6162149790408356,0.857571487181953
base,mnli+qnli+record,3,cb,0.6694076135754585,0.8847861034529549
base,mnli+qnli+record,3,scitail,0.7154656885457891,0.8884163570723363
base,mnli+qnli+record,3,stsb,0.5666085182955223,0.8460184609783548
base,mnli+qnli+record,3,cr,0.618570677803031,0.8580692860164812
base,mnli+qnli+record,3,rotten_tomatoes,0.6193380117682474,0.8573329581746033
base,mnli+qnli+record,3,multirc,0.6283511387716446,0.8602882094149079
base,mnli+qnli+record,3,copa,0.5764068051108292,0.8461095387382167
base,mnli+qnli+record,3,piqa,0.6072057828839336,0.852988822917853
base,mnli+qnli+record+anli_r1,4,mrpc,0.6377880182117224,0.8670365805072444
base,mnli+qnli+record+anli_r1,4,boolq,0.6158396238461137,0.8585246258548328
base,mnli+qnli+record+anli_r1,4,rte,0.7151635696313211,0.8965288368718964
base,mnli+qnli+record+anli_r1,4,cola,0.6166132020631007,0.8586994321750743
base,mnli+qnli+record+anli_r1,4,cb,0.7106910616691623,0.8997349989201341
base,mnli+qnli+record+anli_r1,4,scitail,0.7222177923790046,0.8913313219589847
base,mnli+qnli+record+anli_r1,4,stsb,0.5627556781816695,0.8462938096906457
base,mnli+qnli+record+anli_r1,4,cr,0.622390344206776,0.8600398496325526
base,mnli+qnli+record+anli_r1,4,rotten_tomatoes,0.619784528123481,0.8583674569215093
base,mnli+qnli+record+anli_r1,4,multirc,0.6251652939245105,0.86058823125703
base,mnli+qnli+record+anli_r1,4,copa,0.5749061583940472,0.8467989196734769
base,mnli+qnli+record+anli_r1,4,piqa,0.6036789882928133,0.8530852696193116
base,mnli+qnli+record+anli_r1+hellaswag,5,mrpc,0.6410300564020872,0.8671198620327881
base,mnli+qnli+record+anli_r1+hellaswag,5,boolq,0.6193196756233063,0.8586443250200578
base,mnli+qnli+record+anli_r1+hellaswag,5,rte,0.717705300077796,0.8965066815061229
base,mnli+qnli+record+anli_r1+hellaswag,5,cola,0.6206952465165939,0.8591434646930013
base,mnli+qnli+record+anli_r1+hellaswag,5,cb,0.7142693778233868,0.8998635938124997
base,mnli+qnli+record+anli_r1+hellaswag,5,scitail,0.723524317943624,0.8911668309675795
base,mnli+qnli+record+anli_r1+hellaswag,5,stsb,0.5692434621575687,0.8468267247080803
base,mnli+qnli+record+anli_r1+hellaswag,5,cr,0.6261290255934,0.8603928573429585
base,mnli+qnli+record+anli_r1+hellaswag,5,rotten_tomatoes,0.6223900601533907,0.8585224886025701
base,mnli+qnli+record+anli_r1+hellaswag,5,multirc,0.6287284867305841,0.8608961246375527
base,mnli+qnli+record+anli_r1+hellaswag,5,copa,0.5870154791378549,0.8500968444028071
base,mnli+qnli+record+anli_r1+hellaswag,5,piqa,0.6602441828165736,0.8690017514995166
base,mnli+qnli+record+anli_r1+hellaswag+winogrande,6,mrpc,0.6425308508000204,0.8671715578862599
base,mnli+qnli+record+anli_r1+hellaswag+winogrande,6,boolq,0.6220814829160061,0.8588949199765921
base,mnli+qnli+record+anli_r1+hellaswag+winogrande,6,rte,0.7174808367022446,0.8961506746709347
base,mnli+qnli+record+anli_r1+hellaswag+winogrande,6,cola,0.6226225877180696,0.8594673475516694
base,mnli+qnli+record+anli_r1+hellaswag+winogrande,6,cb,0.713793450168201,0.8993643123124327
base,mnli+qnli+record+anli_r1+hellaswag+winogrande,6,scitail,0.7234693528818232,0.8908928249563489
base,mnli+qnli+record+anli_r1+hellaswag+winogrande,6,stsb,0.5713303590725575,0.8470907876534122
base,mnli+qnli+record+anli_r1+hellaswag+winogrande,6,cr,0.6297834337289844,0.8610520735383034
base,mnli+qnli+record+anli_r1+hellaswag+winogrande,6,rotten_tomatoes,0.6255393517868859,0.8591267266975982
base,mnli+qnli+record+anli_r1+hellaswag+winogrande,6,multirc,0.6303727791777679,0.8610787721616882
base,mnli+qnli+record+anli_r1+hellaswag+winogrande,6,copa,0.5974074320069381,0.8530540423733848
base,mnli+qnli+record+anli_r1+hellaswag+winogrande,6,piqa,0.691317475267819,0.8785166429089648
base,mnli+qnli+record+anli_r1+imdb,5,mrpc,0.6429783244218145,0.8683599265558379
base,mnli+qnli+record+anli_r1+imdb,5,boolq,0.6194340589323214,0.8591841653521571
base,mnli+qnli+record+anli_r1+imdb,5,rte,0.7194953582116536,0.89772508506264
base,mnli+qnli+record+anli_r1+imdb,5,cola,0.6226635153538415,0.8603101356753281
base,mnli+qnli+record+anli_r1+imdb,5,cb,0.7195115829152721,0.9020797179213592
base,mnli+qnli+record+anli_r1+imdb,5,scitail,0.7238489945552179,0.8916087358125618
base,mnli+qnli+record+anli_r1+imdb,5,stsb,0.5641296436078846,0.8464782578604562
base,mnli+qnli+record+anli_r1+imdb,5,cr,0.7122372189270598,0.8917419176016536
base,mnli+qnli+record+anli_r1+imdb,5,rotten_tomatoes,0.7316853156579393,0.8966442383825779
base,mnli+qnli+record+anli_r1+imdb,5,multirc,0.6266451894438693,0.8608094741191182
base,mnli+qnli+record+anli_r1+imdb,5,copa,0.5809031108926449,0.8482132226760898
base,mnli+qnli+record+anli_r1+imdb,5,piqa,0.6048813802855355,0.8532822443438428
base,mnli+qnli+record+anli_r1+imdb+hellaswag,6,mrpc,0.6457663367369345,0.8684232926794461
base,mnli+qnli+record+anli_r1+imdb+hellaswag,6,boolq,0.6225288900147591,0.8592353790466275
base,mnli+qnli+record+anli_r1+imdb+hellaswag,6,rte,0.721539417547839,0.8976483456790447
base,mnli+qnli+record+anli_r1+imdb+hellaswag,6,cola,0.6262970923313073,0.8606366762625319
base,mnli+qnli+record+anli_r1+imdb+hellaswag,6,cb,0.7221181233014379,0.901930533349514
base,mnli+qnli+record+anli_r1+imdb+hellaswag,6,scitail,0.724962031468749,0.8914474121161869
base,mnli+qnli+record+anli_r1+imdb+hellaswag,6,stsb,0.5703555473924747,0.8469824391816344
base,mnli+qnli+record+anli_r1+imdb+hellaswag,6,cr,0.7138515066887651,0.8915360649781567
base,mnli+qnli+record+anli_r1+imdb+hellaswag,6,rotten_tomatoes,0.7323382794857025,0.8962861278227398
base,mnli+qnli+record+anli_r1+imdb+hellaswag,6,multirc,0.6299693444743752,0.8609963706029313
base,mnli+qnli+record+anli_r1+imdb+hellaswag,6,copa,0.5923945882490703,0.8514210821262428
base,mnli+qnli+record+anli_r1+imdb+hellaswag,6,piqa,0.660422825387546,0.8689855744263956
base,mnli+qnli+record+anli_r1+imdb+hellaswag+winogrande,7,mrpc,0.6468819502208915,0.868461012840271
base,mnli+qnli+record+anli_r1+imdb+hellaswag+winogrande,7,boolq,0.624791018797883,0.8594765439629555
base,mnli+qnli+record+anli_r1+imdb+hellaswag+winogrande,7,rte,0.7211432605981827,0.8972496432917458
base,mnli+qnli+record+anli_r1+imdb+hellaswag+winogrande,7,cola,0.627717432299895,0.8608446855630193
base,mnli+qnli+record+anli_r1+imdb+hellaswag+winogrande,7,cb,0.7214035844164235,0.9014682242912906
base,mnli+qnli+record+anli_r1+imdb+hellaswag+winogrande,7,scitail,0.7248822285660675,0.8911486480917249
base,mnli+qnli+record+anli_r1+imdb+hellaswag+winogrande,7,stsb,0.5721613244552698,0.8471972689564738
base,mnli+qnli+record+anli_r1+imdb+hellaswag+winogrande,7,cr,0.7150052562355995,0.8915345748620374
base,mnli+qnli+record+anli_r1+imdb+hellaswag+winogrande,7,rotten_tomatoes,0.7329224015453032,0.8962666929832527
base,mnli+qnli+record+anli_r1+imdb+hellaswag+winogrande,7,multirc,0.6314020094328693,0.8612097395317895
base,mnli+qnli+record+anli_r1+imdb+hellaswag+winogrande,7,copa,0.601773353027446,0.8541690345321383
base,mnli+qnli+record+anli_r1+imdb+hellaswag+winogrande,7,piqa,0.6911817664014441,0.8784692502979722
base,mnli+qnli+record+anli_r1+imdb+squad_v2,6,mrpc,0.6620883074189935,0.8685266572449889
base,mnli+qnli+record+anli_r1+imdb+squad_v2,6,boolq,0.6423828255917344,0.8596862645021507
base,mnli+qnli+record+anli_r1+imdb+squad_v2,6,rte,0.7290107027760574,0.8948545019541468
base,mnli+qnli+record+anli_r1+imdb+squad_v2,6,cola,0.6527318262628147,0.8626002222299576
base,mnli+qnli+record+anli_r1+imdb+squad_v2,6,cb,0.7278862047408309,0.8986271406923022
base,mnli+qnli+record+anli_r1+imdb+squad_v2,6,scitail,0.733357804694346,0.890074048191309
base,mnli+qnli+record+anli_r1+imdb+squad_v2,6,stsb,0.5928355752091322,0.8475016964865583
base,mnli+qnli+record+anli_r1+imdb+squad_v2,6,cr,0.7209227409745965,0.8888988638562816
base,mnli+qnli+record+anli_r1+imdb+squad_v2,6,rotten_tomatoes,0.7377137453960521,0.8941983543336391
base,mnli+qnli+record+anli_r1+imdb+squad_v2,6,multirc,0.6531078891296472,0.8623047016028847
base,mnli+qnli+record+anli_r1+imdb+squad_v2,6,copa,0.6133826832686152,0.8502640867871898
base,mnli+qnli+record+anli_r1+imdb+squad_v2,6,piqa,0.6311515354152236,0.8543897031673363
base,mnli+qnli+record+anli_r1+imdb+squad_v2+hellaswag,7,mrpc,0.663687805778214,0.8685508503445557
base,mnli+qnli+record+anli_r1+imdb+squad_v2+hellaswag,7,boolq,0.6440680415502616,0.8597405308059284
base,mnli+qnli+record+anli_r1+imdb+squad_v2+hellaswag,7,rte,0.7303152579282012,0.8949376296784196
base,mnli+qnli+record+anli_r1+imdb+squad_v2+hellaswag,7,cola,0.6550534793308803,0.8629948701709509
base,mnli+qnli+record+anli_r1+imdb+squad_v2+hellaswag,7,cb,0.7297785340675286,0.8986072801053524
base,mnli+qnli+record+anli_r1+imdb+squad_v2+hellaswag,7,scitail,0.7339329344353506,0.8899180330336094
base,mnli+qnli+record+anli_r1+imdb+squad_v2+hellaswag,7,stsb,0.5966099847906402,0.8477434976292508
base,mnli+qnli+record+anli_r1+imdb+squad_v2+hellaswag,7,cr,0.721997706219554,0.888843198972089
base,mnli+qnli+record+anli_r1+imdb+squad_v2+hellaswag,7,rotten_tomatoes,0.7380659782460758,0.8939797393977642
base,mnli+qnli+record+anli_r1+imdb+squad_v2+hellaswag,7,multirc,0.6547833079738277,0.8624453483415502
base,mnli+qnli+record+anli_r1+imdb+squad_v2+hellaswag,7,copa,0.6212490847600358,0.8527453475232635
base,mnli+qnli+record+anli_r1+imdb+squad_v2+hellaswag,7,piqa,0.6755978757781642,0.8678794769304139
base,mnli+qnli+record+anli_r1+imdb+squad_v2+hellaswag+winogrande,8,mrpc,0.6639482299132007,0.8685234598815441
base,mnli+qnli+record+anli_r1+imdb+squad_v2+hellaswag+winogrande,8,boolq,0.645104328702603,0.8599831118647542
base,mnli+qnli+record+anli_r1+imdb+squad_v2+hellaswag+winogrande,8,rte,0.7295895335929734,0.8946457494582448
base,mnli+qnli+record+anli_r1+imdb+squad_v2+hellaswag+winogrande,8,cola,0.6554197727569512,0.8630786138985839
base,mnli+qnli+record+anli_r1+imdb+squad_v2+hellaswag+winogrande,8,cb,0.7286663890949318,0.8982824645936489
base,mnli+qnli+record+anli_r1+imdb+squad_v2+hellaswag+winogrande,8,scitail,0.7334715585623469,0.8897821544004338
base,mnli+qnli+record+anli_r1+imdb+squad_v2+hellaswag+winogrande,8,stsb,0.5972357019782066,0.8478545839233058
base,mnli+qnli+record+anli_r1+imdb+squad_v2+hellaswag+winogrande,8,cr,0.7226239658359971,0.8889452293515205
base,mnli+qnli+record+anli_r1+imdb+squad_v2+hellaswag+winogrande,8,rotten_tomatoes,0.738198373200638,0.893938276384558
base,mnli+qnli+record+anli_r1+imdb+squad_v2+hellaswag+winogrande,8,multirc,0.655137809525643,0.8625703102775982
base,mnli+qnli+record+anli_r1+imdb+squad_v2+hellaswag+winogrande,8,copa,0.6272318333919559,0.8549925450767789
base,mnli+qnli+record+anli_r1+imdb+squad_v2+hellaswag+winogrande,8,piqa,0.701707748696208,0.8770642679716859
base,mnli+qnli+record+anli_r1+imdb+squad_v2+winogrande,7,mrpc,0.662953228556684,0.8684663054134164
base,mnli+qnli+record+anli_r1+imdb+squad_v2+winogrande,7,boolq,0.6443807839282921,0.8599814852433545
base,mnli+qnli+record+anli_r1+imdb+squad_v2+winogrande,7,rte,0.7286327619637761,0.8946158108966691
base,mnli+qnli+record+anli_r1+imdb+squad_v2+winogrande,7,cola,0.6537590556378875,0.8626846149563789
base,mnli+qnli+record+anli_r1+imdb+squad_v2+winogrande,7,cb,0.7271742565291268,0.8982707650533744
base,mnli+qnli+record+anli_r1+imdb+squad_v2+winogrande,7,scitail,0.7332486691219466,0.889937786385417
base,mnli+qnli+record+anli_r1+imdb+squad_v2+winogrande,7,stsb,0.5945684799392309,0.8476389087736607
base,mnli+qnli+record+anli_r1+imdb+squad_v2+winogrande,7,cr,0.72208618771817,0.8890215685325009
base,mnli+qnli+record+anli_r1+imdb+squad_v2+winogrande,7,rotten_tomatoes,0.7381684907845089,0.8941263141376632
base,mnli+qnli+record+anli_r1+imdb+squad_v2+winogrande,7,multirc,0.6541262275672385,0.8624628220817873
base,mnli+qnli+record+anli_r1+imdb+squad_v2+winogrande,7,copa,0.6217575339334351,0.8530297532145467
base,mnli+qnli+record+anli_r1+imdb+squad_v2+winogrande,7,piqa,0.685205512280975,0.8712026405015162
base,mnli+qnli+record+anli_r1+imdb+winogrande,6,mrpc,0.6449673508426973,0.8684223586959499
base,mnli+qnli+record+anli_r1+imdb+winogrande,6,boolq,0.6230713397796664,0.8594276676220554
base,mnli+qnli+record+anli_r1+imdb+winogrande,6,rte,0.7197172780122075,0.8973327938999448
base,mnli+qnli+record+anli_r1+imdb+winogrande,6,cola,0.6250699613509434,0.860475234155144
base,mnli+qnli+record+anli_r1+imdb+winogrande,6,cb,0.719368082604238,0.9015287959149906
base,mnli+qnli+record+anli_r1+imdb+winogrande,6,scitail,0.7241603104131562,0.8913098379437413
base,mnli+qnli+record+anli_r1+imdb+winogrande,6,stsb,0.5679748442822269,0.8467961922287941
base,mnli+qnli+record+anli_r1+imdb+winogrande,6,cr,0.7139928338250944,0.8917476630636624
base,mnli+qnli+record+anli_r1+imdb+winogrande,6,rotten_tomatoes,0.7326075054172959,0.8965976163744926
base,mnli+qnli+record+anli_r1+imdb+winogrande,6,multirc,0.6291529602770295,0.8610112230692591
base,mnli+qnli+record+anli_r1+imdb+winogrande,6,copa,0.5938443520239421,0.8518301009067467
base,mnli+qnli+record+anli_r1+imdb+winogrande,6,piqa,0.6715405032570873,0.8720689682023866
base,mnli+qnli+record+anli_r1+paws,5,mrpc,0.6401700481240239,0.86778442508408
base,mnli+qnli+record+anli_r1+paws,5,boolq,0.6822397735502038,0.8775854728051594
base,mnli+qnli+record+anli_r1+paws,5,rte,0.7149729087416615,0.8966584370604583
base,mnli+qnli+record+anli_r1+paws,5,cola,0.6184727286121675,0.8591291664966515
base,mnli+qnli+record+anli_r1+paws,5,cb,0.7080659597579922,0.898910793874945
base,mnli+qnli+record+anli_r1+paws,5,scitail,0.7230887013886657,0.8916813217635665
base,mnli+qnli+record+anli_r1+paws,5,stsb,0.5645360753738454,0.8469000038291726
base,mnli+qnli+record+anli_r1+paws,5,cr,0.6236284146351474,0.8605563044548035
base,mnli+qnli+record+anli_r1+paws,5,rotten_tomatoes,0.621840702236763,0.8588155659713915
base,mnli+qnli+record+anli_r1+paws,5,multirc,0.6809711352522884,0.877053447866014
base,mnli+qnli+record+anli_r1+paws,5,copa,0.5766950260315623,0.8474505644823823
base,mnli+qnli+record+anli_r1+paws,5,piqa,0.606428709280278,0.8537875017417329
base,mnli+qnli+record+anli_r1+paws+hellaswag,6,mrpc,0.6430295966565609,0.8678825731788363
base,mnli+qnli+record+anli_r1+paws+hellaswag,6,boolq,0.6839930641331843,0.8774480487086943
base,mnli+qnli+record+anli_r1+paws+hellaswag,6,rte,0.7173329421452114,0.8966000021568367
base,mnli+qnli+record+anli_r1+paws+hellaswag,6,cola,0.622062223298209,0.85967445107443
base,mnli+qnli+record+anli_r1+paws+hellaswag,6,cb,0.7114476673305035,0.8989645301231316
base,mnli+qnli+record+anli_r1+paws+hellaswag,6,scitail,0.7241971479462725,0.8914894469614539
base,mnli+qnli+record+anli_r1+paws+hellaswag,6,stsb,0.570606716110238,0.8474139890500477
base,mnli+qnli+record+anli_r1+paws+hellaswag,6,cr,0.6269080791888493,0.8608347134930747
base,mnli+qnli+record+anli_r1+paws+hellaswag,6,rotten_tomatoes,0.6241935288001385,0.858841807182346
base,mnli+qnli+record+anli_r1+paws+hellaswag,6,multirc,0.6830351714576993,0.8771076346082347
base,mnli+qnli+record+anli_r1+paws+hellaswag,6,copa,0.5878607843603406,0.8504944566105094
base,mnli+qnli+record+anli_r1+paws+hellaswag,6,piqa,0.6605748385190964,0.869291391223669
base,mnli+qnli+record+anli_r1+paws+hellaswag+winogrande,7,mrpc,0.6442437038889953,0.8678164599197251
base,mnli+qnli+record+anli_r1+paws+hellaswag+winogrande,7,boolq,0.6848899945616722,0.8774790699992862
base,mnli+qnli+record+anli_r1+paws+hellaswag+winogrande,7,rte,0.7170697038194963,0.8962087695087705
base,mnli+qnli+record+anli_r1+paws+hellaswag+winogrande,7,cola,0.6236125165596604,0.8598414247057268
base,mnli+qnli+record+anli_r1+paws+hellaswag+winogrande,7,cb,0.7106982607926641,0.898503836776529
base,mnli+qnli+record+anli_r1+paws+hellaswag+winogrande,7,scitail,0.7239997075604541,0.8912647949265582
base,mnli+qnli+record+anli_r1+paws+hellaswag+winogrande,7,stsb,0.5723493461097989,0.8475647161581686
base,mnli+qnli+record+anli_r1+paws+hellaswag+winogrande,7,cr,0.6301905000582337,0.8613485454448632
base,mnli+qnli+record+anli_r1+paws+hellaswag+winogrande,7,rotten_tomatoes,0.6271329705736467,0.8593406099826097
base,mnli+qnli+record+anli_r1+paws+hellaswag+winogrande,7,multirc,0.6836578313793454,0.877133695674794
base,mnli+qnli+record+anli_r1+paws+hellaswag+winogrande,7,copa,0.5973919611424208,0.8533101845532656
base,mnli+qnli+record+anli_r1+paws+hellaswag+winogrande,7,piqa,0.6912897753396204,0.8786661638213056
base,mnli+qnli+record+anli_r1+paws+imdb,6,mrpc,0.6448888336973531,0.8690621927380562
base,mnli+qnli+record+anli_r1+paws+imdb,6,boolq,0.6836673130414316,0.8778492912117924
base,mnli+qnli+record+anli_r1+paws+imdb,6,rte,0.7188754837427821,0.8977753456149783
base,mnli+qnli+record+anli_r1+paws+imdb,6,cola,0.6238713581115007,0.8606123059455838
base,mnli+qnli+record+anli_r1+paws+imdb,6,cb,0.7165652215480804,0.9013170647834029
base,mnli+qnli+record+anli_r1+paws+imdb,6,scitail,0.7245031113603285,0.8919393494725227
base,mnli+qnli+record+anli_r1+paws+imdb,6,stsb,0.5656898080238274,0.847093353047967
base,mnli+qnli+record+anli_r1+paws+imdb,6,cr,0.7104906833597592,0.8913445062935352
base,mnli+qnli+record+anli_r1+paws+imdb,6,rotten_tomatoes,0.7302337680011988,0.8962161833686488
base,mnli+qnli+record+anli_r1+paws+imdb,6,multirc,0.6810234947396177,0.8770173431507179
base,mnli+qnli+record+anli_r1+paws+imdb,6,copa,0.581986531083073,0.8486875825162444
base,mnli+qnli+record+anli_r1+paws+imdb,6,piqa,0.6073449094380651,0.8539423133645739
base,mnli+qnli+record+anli_r1+paws+imdb+hellaswag,7,mrpc,0.6471873859741858,0.8690389463944095
base,mnli+qnli+record+anli_r1+paws+imdb+hellaswag,7,boolq,0.6852188427001238,0.8777040086154427
base,mnli+qnli+record+anli_r1+paws+imdb+hellaswag,7,rte,0.7207941370350974,0.8977198387895312
base,mnli+qnli+record+anli_r1+paws+imdb+hellaswag,7,cola,0.6270441689661571,0.8610704118119819
base,mnli+qnli+record+anli_r1+paws+imdb+hellaswag,7,cb,0.7190479641514165,0.9011466689407825
base,mnli+qnli+record+anli_r1+paws+imdb+hellaswag,7,scitail,0.7254308241286448,0.8917341514357499
base,mnli+qnli+record+anli_r1+paws+imdb+hellaswag,7,stsb,0.5711497719665724,0.8475468321038144
base,mnli+qnli+record+anli_r1+paws+imdb+hellaswag,7,cr,0.7120121060205358,0.8912065933857646
base,mnli+qnli+record+anli_r1+paws+imdb+hellaswag,7,rotten_tomatoes,0.7309802414051124,0.8959326786654336
base,mnli+qnli+record+anli_r1+paws+imdb+hellaswag,7,multirc,0.6829709612897464,0.8770555976246085
base,mnli+qnli+record+anli_r1+paws+imdb+hellaswag,7,copa,0.5923675278733883,0.8515450148177999
base,mnli+qnli+record+anli_r1+paws+imdb+hellaswag,7,piqa,0.6600281306143317,0.8692281480346408
base,mnli+qnli+record+anli_r1+paws+imdb+hellaswag+winogrande,8,mrpc,0.6480080993579966,0.869017938950232
base,mnli+qnli+record+anli_r1+paws+imdb+hellaswag+winogrande,8,boolq,0.6858385862516505,0.877730750345758
base,mnli+qnli+record+anli_r1+paws+imdb+hellaswag+winogrande,8,rte,0.7202961186745337,0.8973318061658314
base,mnli+qnli+record+anli_r1+paws+imdb+hellaswag+winogrande,8,cola,0.6283088544649738,0.8611971988741841
base,mnli+qnli+record+anli_r1+paws+imdb+hellaswag+winogrande,8,cb,0.7181676314877612,0.900658161512443
base,mnli+qnli+record+anli_r1+paws+imdb+hellaswag+winogrande,8,scitail,0.7251708645905767,0.8915019956018243
base,mnli+qnli+record+anli_r1+paws+imdb+hellaswag+winogrande,8,stsb,0.5729029685524958,0.8476298925067697
base,mnli+qnli+record+anli_r1+paws+imdb+hellaswag+winogrande,8,cr,0.7128877477454287,0.8911926097103527
base,mnli+qnli+record+anli_r1+paws+imdb+hellaswag+winogrande,8,rotten_tomatoes,0.7314433271863631,0.8959083700818675
base,mnli+qnli+record+anli_r1+paws+imdb+hellaswag+winogrande,8,multirc,0.6833849504057851,0.8770990214709725
base,mnli+qnli+record+anli_r1+paws+imdb+hellaswag+winogrande,8,copa,0.6012374003018651,0.8542562523590667
base,mnli+qnli+record+anli_r1+paws+imdb+hellaswag+winogrande,8,piqa,0.6909310415919337,0.878572811239532
base,mnli+qnli+record+anli_r1+paws+imdb+squad_v2,7,mrpc,0.6630075613835028,0.8691163611199174
base,mnli+qnli+record+anli_r1+paws+imdb+squad_v2,7,boolq,0.6959725392184087,0.8765027781150171
base,mnli+qnli+record+anli_r1+paws+imdb+squad_v2,7,rte,0.7284556954566922,0.8950129811252866
base,mnli+qnli+record+anli_r1+paws+imdb+squad_v2,7,cola,0.6526646188327244,0.8630110538963761
base,mnli+qnli+record+anli_r1+paws+imdb+squad_v2,7,cb,0.7249771582760981,0.8979359939694405
base,mnli+qnli+record+anli_r1+paws+imdb+squad_v2,7,scitail,0.7336132781846183,0.8904029742947647
base,mnli+qnli+record+anli_r1+paws+imdb+squad_v2,7,stsb,0.5929255352488586,0.847927533888391
base,mnli+qnli+record+anli_r1+paws+imdb+squad_v2,7,cr,0.7193021133009877,0.8885664301259177
base,mnli+qnli+record+anli_r1+paws+imdb+squad_v2,7,rotten_tomatoes,0.7363102824560234,0.8938412197998592
base,mnli+qnli+record+anli_r1+paws+imdb+squad_v2,7,multirc,0.6986565927841834,0.8773217137370791
base,mnli+qnli+record+anli_r1+paws+imdb+squad_v2,7,copa,0.6131270102092198,0.8505493083170482
base,mnli+qnli+record+anli_r1+paws+imdb+squad_v2,7,piqa,0.631971238180995,0.8549139640693154
base,mnli+qnli+record+anli_r1+paws+imdb+squad_v2+hellaswag,8,mrpc,0.6643968777997153,0.8691478297114372
base,mnli+qnli+record+anli_r1+paws+imdb+squad_v2+hellaswag,8,boolq,0.696798459227596,0.8764600948031459
base,mnli+qnli+record+anli_r1+paws+imdb+squad_v2+hellaswag,8,rte,0.7295761935945068,0.8950922042131424
base,mnli+qnli+record+anli_r1+paws+imdb+squad_v2+hellaswag,8,cola,0.6546690269772496,0.8633848149329424
base,mnli+qnli+record+anli_r1+paws+imdb+squad_v2+hellaswag,8,cb,0.7267471299107585,0.8979664620544229
base,mnli+qnli+record+anli_r1+paws+imdb+squad_v2+hellaswag,8,scitail,0.7340041146214519,0.8902864549309015
base,mnli+qnli+record+anli_r1+paws+imdb+squad_v2+hellaswag,8,stsb,0.5965264126924532,0.848182329375829
base,mnli+qnli+record+anli_r1+paws+imdb+squad_v2+hellaswag,8,cr,0.7201518528163433,0.8885813759905952
base,mnli+qnli+record+anli_r1+paws+imdb+squad_v2+hellaswag,8,rotten_tomatoes,0.7366272187126535,0.893679221293756
base,mnli+qnli+record+anli_r1+paws+imdb+squad_v2+hellaswag,8,multirc,0.699619789740869,0.877332893599357
base,mnli+qnli+record+anli_r1+paws+imdb+squad_v2+hellaswag,8,copa,0.6203185197498117,0.8527653973017421
base,mnli+qnli+record+anli_r1+paws+imdb+squad_v2+hellaswag,8,piqa,0.67520796880126,0.8680515015231711
