method,combo,n_tasks,target,sar,sar_iso
base,mnli+qnli+qqp+record+paws,5,mrpc,0.6411334882889476,0.8674926316099507
base,mnli+qnli+qqp+record+paws,5,boolq,0.6730996943744165,0.8759774988783258
base,mnli+qnli+qqp+record+paws,5,rte,0.6958891485950777,0.8899264309023108
base,mnli+qnli+qqp+record+paws,5,cola,0.6186603686240103,0.8584148497985942
base,mnli+qnli+qqp+record+paws,5,cb,0.6572069477822099,0.880636150549565
base,mnli+qnli+qqp+record+paws,5,scitail,0.7160736202661481,0.8891502230295113
base,mnli+qnli+qqp+record+paws,5,stsb,0.568057567213795,0.8472110461443663
base,mnli+qnli+qqp+record+paws,5,cr,0.6163113366679421,0.8583792104784932
base,mnli+qnli+qqp+record+paws,5,rotten_tomatoes,0.6178108556196094,0.8571747818163463
base,mnli+qnli+qqp+record+paws,5,multirc,0.673485546505877,0.8758341457162585
base,mnli+qnli+qqp+record+paws,5,copa,0.575306149133082,0.8467067541288478
base,mnli+qnli+qqp+record+paws,5,piqa,0.6092119680584541,0.853975589520165
base,mnli+qnli+qqp+record+paws+hellaswag,6,mrpc,0.6440085627670799,0.8677489698997566
base,mnli+qnli+qqp+record+paws+hellaswag,6,boolq,0.6750267485954932,0.8759995919785329
base,mnli+qnli+qqp+record+paws+hellaswag,6,rte,0.6995021935020175,0.8902702315577439
base,mnli+qnli+qqp+record+paws+hellaswag,6,cola,0.6213727758399078,0.85879729741386
base,mnli+qnli+qqp+record+paws+hellaswag,6,cb,0.6621929848832744,0.8813780947987523
base,mnli+qnli+qqp+record+paws+hellaswag,6,scitail,0.7170674351177045,0.8890441062727145
base,mnli+qnli+qqp+record+paws+hellaswag,6,stsb,0.572378353149231,0.8476244245788881
base,mnli+qnli+qqp+record+paws+hellaswag,6,cr,0.6194907974318734,0.8587497682975871
base,mnli+qnli+qqp+record+paws+hellaswag,6,rotten_tomatoes,0.6202380466940147,0.8573339083897216
base,mnli+qnli+qqp+record+paws+hellaswag,6,multirc,0.6756865819916129,0.8758922865880387
base,mnli+qnli+qqp+record+paws+hellaswag,6,copa,0.583832446618804,0.8493164202996663
base,mnli+qnli+qqp+record+paws+hellaswag,6,piqa,0.6510766608241413,0.8680141632046018
base,mnli+qnli+qqp+record+paws+hellaswag+winogrande,7,mrpc,0.6454757744712489,0.8677773273416928
base,mnli+qnli+qqp+record+paws+hellaswag+winogrande,7,boolq,0.6787118650972843,0.8761078058076757
base,mnli+qnli+qqp+record+paws+hellaswag+winogrande,7,rte,0.7000233695975372,0.8900587452309472
base,mnli+qnli+qqp+record+paws+hellaswag+winogrande,7,cola,0.6232333056894797,0.8589801910732474
base,mnli+qnli+qqp+record+paws+hellaswag+winogrande,7,cb,0.6638421126242194,0.881282027810812
base,mnli+qnli+qqp+record+paws+hellaswag+winogrande,7,scitail,0.7172788682260683,0.888814953821046
base,mnli+qnli+qqp+record+paws+hellaswag+winogrande,7,stsb,0.5740840639919043,0.8476741234106677
base,mnli+qnli+qqp+record+paws+hellaswag+winogrande,7,cr,0.6233197382784316,0.8593294801456588
base,mnli+qnli+qqp+record+paws+hellaswag+winogrande,7,rotten_tomatoes,0.6235151616191226,0.8578388866569314
base,mnli+qnli+qqp+record+paws+hellaswag+winogrande,7,multirc,0.6792057262999671,0.875944321975112
base,mnli+qnli+qqp+record+paws+hellaswag+winogrande,7,copa,0.5930342296404498,0.8521015662699938
base,mnli+qnli+qqp+record+paws+hellaswag+winogrande,7,piqa,0.6832885444164276,0.8772211766668728
base,mnli+qnli+qqp+record+paws+imdb,6,mrpc,0.6461801653993982,0.8688757361045906
base,mnli+qnli+qqp+record+paws+imdb,6,boolq,0.6749589064025453,0.8762978690543345
base,mnli+qnli+qqp+record+paws+imdb,6,rte,0.7018635467227016,0.8914397220526423
base,mnli+qnli+qqp+record+paws+imdb,6,cola,0.6238210926364575,0.8598053010978869
base,mnli+qnli+qqp+record+paws+imdb,6,cb,0.6685874222644738,0.8839401448411601
base,mnli+qnli+qqp+record+paws+imdb,6,scitail,0.7179149144462177,0.889525064134172
base,mnli+qnli+qqp+record+paws+imdb,6,stsb,0.5691890122501978,0.847335154988936
base,mnli+qnli+qqp+record+paws+imdb,6,cr,0.6932180471984404,0.8872670983629567
base,mnli+qnli+qqp+record+paws+imdb,6,rotten_tomatoes,0.7143444959074259,0.8928655519017151
base,mnli+qnli+qqp+record+paws+imdb,6,multirc,0.6740697887060898,0.8758785961461919
base,mnli+qnli+qqp+record+paws+imdb,6,copa,0.5803760199674538,0.8478740248829126
base,mnli+qnli+qqp+record+paws+imdb,6,piqa,0.6103335740709943,0.8540478385984898
base,mnli+qnli+qqp+record+paws+imdb+hellaswag,7,mrpc,0.6485540994576046,0.869043555110693
base,mnli+qnli+qqp+record+paws+imdb+hellaswag,7,boolq,0.6785132448588099,0.8762895523437432
base,mnli+qnli+qqp+record+paws+imdb+hellaswag,7,rte,0.7043824017580066,0.8916366898587772
base,mnli+qnli+qqp+record+paws+imdb+hellaswag,7,cola,0.6265489222215754,0.8601479950760093
base,mnli+qnli+qqp+record+paws+imdb+hellaswag,7,cb,0.6728689066533532,0.8844444794314248
base,mnli+qnli+qqp+record+paws+imdb+hellaswag,7,scitail,0.7186079129044499,0.8893892730453185
base,mnli+qnli+qqp+record+paws+imdb+hellaswag,7,stsb,0.5735297832371933,0.8477381630135434
base,mnli+qnli+qqp+record+paws+imdb+hellaswag,7,cr,0.6958245251859937,0.8872715580676284
base,mnli+qnli+qqp+record+paws+imdb+hellaswag,7,rotten_tomatoes,0.7162076834855335,0.8927546606532165
base,mnli+qnli+qqp+record+paws+imdb+hellaswag,7,multirc,0.678273741421955,0.8759348405791181
base,mnli+qnli+qqp+record+paws+imdb+hellaswag,7,copa,0.5890661793361817,0.8503942250141076
base,mnli+qnli+qqp+record+paws+imdb+hellaswag,7,piqa,0.6520578885184867,0.8679798641907317
base,mnli+qnli+qqp+record+paws+imdb+hellaswag+winogrande,8,mrpc,0.6498114059546164,0.869069197348186
base,mnli+qnli+qqp+record+paws+imdb+hellaswag+winogrande,8,boolq,0.6792343208300216,0.8763355814984867
base,mnli+qnli+qqp+record+paws+imdb+hellaswag+winogrande,8,rte,0.7046028490045241,0.8914198971220425
base,mnli+qnli+qqp+record+paws+imdb+hellaswag+winogrande,8,cola,0.6279644588274615,0.8602454436144659
base,mnli+qnli+qqp+record+paws+imdb+hellaswag+winogrande,8,cb,0.6739369630813599,0.884272283741406
base,mnli+qnli+qqp+record+paws+imdb+hellaswag+winogrande,8,scitail,0.7188005253140416,0.8891894040363175
base,mnli+qnli+qqp+record+paws+imdb+hellaswag+winogrande,8,stsb,0.5750883877543467,0.8477796449192933
base,mnli+qnli+qqp+record+paws+imdb+hellaswag+winogrande,8,cr,0.6974459439516068,0.8873924676861081
base,mnli+qnli+qqp+record+paws+imdb+hellaswag+winogrande,8,rotten_tomatoes,0.7172387874286089,0.8928304761648178
base,mnli+qnli+qqp+record+paws+imdb+hellaswag+winogrande,8,multirc,0.6783988164471728,0.8759536838957241
base,mnli+qnli+qqp+record+paws+imdb+hellaswag+winogrande,8,copa,0.597639690552439,0.8529886776315314
base,mnli+qnli+qqp+record+paws+imdb+hellaswag+winogrande,8,piqa,0.6834988997184804,0.8771898280829191
base,mnli+qnli+qqp+record+paws+imdb+squad_v2,7,mrpc,0.6617719829082489,0.8689628711768559
base,mnli+qnli+qqp+record+paws+imdb+squad_v2,7,boolq,0.6919141861477068,0.8754570140902486
base,mnli+qnli+qqp+record+paws+imdb+squad_v2,7,rte,0.7129572547440018,0.8895811795123986
base,mnli+qnli+qqp+record+paws+imdb+squad_v2,7,cola,0.6473414059728384,0.8621280371610608
base,mnli+qnli+qqp+record+paws+imdb+squad_v2,7,cb,0.6842209731361696,0.8817817728434291
base,mnli+qnli+qqp+record+paws+imdb+squad_v2,7,scitail,0.7268626077898911,0.8882188339318547
base,mnli+qnli+qqp+record+paws+imdb+squad_v2,7,stsb,0.5903347475188119,0.848025128777538
base,mnli+qnli+qqp+record+paws+imdb+squad_v2,7,cr,0.7071285854492869,0.885364540453468
base,mnli+qnli+qqp+record+paws+imdb+squad_v2,7,rotten_tomatoes,0.7260631357452699,0.8910901179271085
base,mnli+qnli+qqp+record+paws+imdb+squad_v2,7,multirc,0.6955778189003468,0.8763074731188161
base,mnli+qnli+qqp+record+paws+imdb+squad_v2,7,copa,0.6078778283138361,0.8497436405824763
base,mnli+qnli+qqp+record+paws+imdb+squad_v2,7,piqa,0.6300794753645148,0.8548565940665347
base,mnli+qnli+qqp+record+paws+imdb+squad_v2+hellaswag,8,mrpc,0.6632822704102311,0.8690584631902831
base,mnli+qnli+qqp+record+paws+imdb+squad_v2+hellaswag,8,boolq,0.6927655496235404,0.8754704993750367
base,mnli+qnli+qqp+record+paws+imdb+squad_v2+hellaswag,8,rte,0.7146031244524887,0.8897862982537065
base,mnli+qnli+qqp+record+paws+imdb+squad_v2+hellaswag,8,cola,0.6490525462265525,0.8624118768743106
base,mnli+qnli+qqp+record+paws+imdb+squad_v2+hellaswag,8,cb,0.687109399586916,0.8823627568781376
base,mnli+qnli+qqp+record+paws+imdb+squad_v2+hellaswag,8,scitail,0.7273199616798333,0.8881224069212165
base,mnli+qnli+qqp+record+paws+imdb+squad_v2+hellaswag,8,stsb,0.5932963372075132,0.8483036043388503
base,mnli+qnli+qqp+record+paws+imdb+squad_v2+hellaswag,8,cr,0.7098685670644045,0.8854037331683295
base,mnli+qnli+qqp+record+paws+imdb+squad_v2+hellaswag,8,rotten_tomatoes,0.7281958788101163,0.8910076392016241
base,mnli+qnli+qqp+record+paws+imdb+squad_v2+hellaswag,8,multirc,0.6966096814721823,0.8763598310095924
base,mnli+qnli+qqp+record+paws+imdb+squad_v2+hellaswag,8,copa,0.6137566782001939,0.851820660222854
base,mnli+qnli+qqp+record+paws+imdb+squad_v2+hellaswag,8,piqa,0.6672321919884,0.8671551908233336
base,mnli+qnli+qqp+record+paws+imdb+squad_v2+hellaswag+winogrande,9,mrpc,0.6638251920895917,0.8691081521766526
base,mnli+qnli+qqp+record+paws+imdb+squad_v2+hellaswag+winogrande,9,boolq,0.6933727240456002,0.8755330342267241
base,mnli+qnli+qqp+record+paws+imdb+squad_v2+hellaswag+winogrande,9,rte,0.7143047640898398,0.8896251246333122
base,mnli+qnli+qqp+record+paws+imdb+squad_v2+hellaswag+winogrande,9,cola,0.6496690527669021,0.862541305965611
base,mnli+qnli+qqp+record+paws+imdb+squad_v2+hellaswag+winogrande,9,cb,0.6872353777289391,0.882272985896894
base,mnli+qnli+qqp+record+paws+imdb+squad_v2+hellaswag+winogrande,9,scitail,0.7270006870052644,0.8880480996200016
base,mnli+qnli+qqp+record+paws+imdb+squad_v2+hellaswag+winogrande,9,stsb,0.5942514477563756,0.8483504602419478
base,mnli+qnli+qqp+record+paws+imdb+squad_v2+hellaswag+winogrande,9,cr,0.7110579423606396,0.8855408786662987
base,mnli+qnli+qqp+record+paws+imdb+squad_v2+hellaswag+winogrande,9,rotten_tomatoes,0.7288304365106991,0.8911061656794378
base,mnli+qnli+qqp+record+paws+imdb+squad_v2+hellaswag+winogrande,9,multirc,0.696656346321106,0.8763736052704709
base,mnli+qnli+qqp+record+paws+imdb+squad_v2+hellaswag+winogrande,9,copa,0.6202093815164906,0.8538456487336329
base,mnli+qnli+qqp+record+paws+imdb+squad_v2+hellaswag+winogrande,9,piqa,0.6973486771540982,0.8761820295559508
base,mnli+qnli+qqp+record+paws+imdb+squad_v2+winogrande,8,mrpc,0.662767158555133,0.8689943275281361
base,mnli+qnli+qqp+record+paws+imdb+squad_v2+winogrande,8,boolq,0.6928848166550908,0.8755814137735537
base,mnli+qnli+qqp+record+paws+imdb+squad_v2+winogrande,8,rte,0.713075899119888,0.8894602645720754
base,mnli+qnli+qqp+record+paws+imdb+squad_v2+winogrande,8,cola,0.6485325369451728,0.8622257214571748
base,mnli+qnli+qqp+record+paws+imdb+squad_v2+winogrande,8,cb,0.6848525756171772,0.8817809197519507
base,mnli+qnli+qqp+record+paws+imdb+squad_v2+winogrande,8,scitail,0.7268700716750962,0.8881206198462418
base,mnli+qnli+qqp+record+paws+imdb+squad_v2+winogrande,8,stsb,0.592154273763299,0.8481497493173394
base,mnli+qnli+qqp+record+paws+imdb+squad_v2+winogrande,8,cr,0.7103575923080955,0.8855184614658356
base,mnli+qnli+qqp+record+paws+imdb+squad_v2+winogrande,8,rotten_tomatoes,0.7285745649465493,0.891188436586942
base,mnli+qnli+qqp+record+paws+imdb+squad_v2+winogrande,8,multirc,0.6960032401340348,0.8763605494584356
base,mnli+qnli+qqp+record+paws+imdb+squad_v2+winogrande,8,copa,0.6156194396317005,0.8521993410374437
base,mnli+qnli+qqp+record+paws+imdb+squad_v2+winogrande,8,piqa,0.6820559403193849,0.8707894427435738
base,mnli+qnli+qqp+record+paws+imdb+winogrande,7,mrpc,0.6481211677725826,0.8689773865044117
base,mnli+qnli+qqp+record+paws+imdb+winogrande,7,boolq,0.6787281645728009,0.8763517878417458
base,mnli+qnli+qqp+record+paws+imdb+winogrande,7,rte,0.7026317941823176,0.8912476636469364
base,mnli+qnli+qqp+record+paws+imdb+winogrande,7,cola,0.6260181404650211,0.8599865798439298
base,mnli+qnli+qqp+record+paws+imdb+winogrande,7,cb,0.6703114882111549,0.8838177211582661
base,mnli+qnli+qqp+record+paws+imdb+winogrande,7,scitail,0.7182887978851795,0.8893302373055901
base,mnli+qnli+qqp+record+paws+imdb+winogrande,7,stsb,0.5721766429820231,0.8475221869136605
base,mnli+qnli+qqp+record+paws+imdb+winogrande,7,cr,0.6961372700918999,0.887418228068522
base,mnli+qnli+qqp+record+paws+imdb+winogrande,7,rotten_tomatoes,0.7166759869349855,0.8929458090237209
base,mnli+qnli+qqp+record+paws+imdb+winogrande,7,multirc,0.6776553842106036,0.8759317751973867
base,mnli+qnli+qqp+record+paws+imdb+winogrande,7,copa,0.5910046224349311,0.8510727233120373
base,mnli+qnli+qqp+record+paws+imdb+winogrande,7,piqa,0.6659227173243251,0.8714247385838202
base,mnli+qnli+qqp+record+paws+squad_v2,6,mrpc,0.6581357182668788,0.8676557828273092
base,mnli+qnli+qqp+record+paws+squad_v2,6,boolq,0.6906814325068679,0.8751706345272916
base,mnli+qnli+qqp+record+paws+squad_v2,6,rte,0.7087119075336626,0.888025552034378
base,mnli+qnli+qqp+record+paws+squad_v2,6,cola,0.6435982419976166,0.8608967784260001
base,mnli+qnli+qqp+record+paws+squad_v2,6,cb,0.6753574591130018,0.878656979650259
base,mnli+qnli+qqp+record+paws+squad_v2,6,scitail,0.7256003152579069,0.8878502787223884
base,mnli+qnli+qqp+record+paws+squad_v2,6,stsb,0.5898875990616423,0.8479266124112266
base,mnli+qnli+qqp+record+paws+squad_v2,6,cr,0.6372536174686891,0.8592402240527528
base,mnli+qnli+qqp+record+paws+squad_v2,6,rotten_tomatoes,0.636180237600846,0.8577476037400109
base,mnli+qnli+qqp+record+paws+squad_v2,6,multirc,0.6955798712692091,0.8762900648372514
base,mnli+qnli+qqp+record+paws+squad_v2,6,copa,0.605325288671468,0.8489608075469732
base,mnli+qnli+qqp+record+paws+squad_v2,6,piqa,0.6297768003174237,0.8547974071864571
base,mnli+qnli+qqp+record+paws+squad_v2+hellaswag,7,mrpc,0.6598519129412515,0.8677973757897105
base,mnli+qnli+qqp+record+paws+squad_v2+hellaswag,7,boolq,0.6917307493942124,0.8751753914569106
base,mnli+qnli+qqp+record+paws+squad_v2+hellaswag,7,rte,0.7105969608362231,0.8883487869586263
base,mnli+qnli+qqp+record+paws+squad_v2+hellaswag,7,cola,0.6456936462117093,0.8611778459910836
base,mnli+qnli+qqp+record+paws+squad_v2+hellaswag,7,cb,0.678719321798001,0.8793684864150626
base,mnli+qnli+qqp+record+paws+squad_v2+hellaswag,7,scitail,0.7259440086781979,0.8877655445997205
base,mnli+qnli+qqp+record+paws+squad_v2+hellaswag,7,stsb,0.5929589193048221,0.8482103685715369
base,mnli+qnli+qqp+record+paws+squad_v2+hellaswag,7,cr,0.6392425447702408,0.8595282970262426
base,mnli+qnli+qqp+record+paws+squad_v2+hellaswag,7,rotten_tomatoes,0.6376913149974176,0.8579353030238833
base,mnli+qnli+qqp+record+paws+squad_v2+hellaswag,7,multirc,0.6967612941350255,0.8763480694698436
base,mnli+qnli+qqp+record+paws+squad_v2+hellaswag,7,copa,0.611306565414582,0.8509595612330096
base,mnli+qnli+qqp+record+paws+squad_v2+hellaswag,7,piqa,0.6672255809285811,0.8671776309077229
base,mnli+qnli+qqp+record+paws+squad_v2+hellaswag+winogrande,8,mrpc,0.6605477319764239,0.8678874144596713
base,mnli+qnli+qqp+record+paws+squad_v2+hellaswag+winogrande,8,boolq,0.6924640496394464,0.8753344491124153
base,mnli+qnli+qqp+record+paws+squad_v2+hellaswag+winogrande,8,rte,0.7105455451778003,0.8881853233490672
base,mnli+qnli+qqp+record+paws+squad_v2+hellaswag+winogrande,8,cola,0.6465073052261557,0.8613631677414689
base,mnli+qnli+qqp+record+paws+squad_v2+hellaswag+winogrande,8,cb,0.679280054888555,0.8793964638773885
base,mnli+qnli+qqp+record+paws+squad_v2+hellaswag+winogrande,8,scitail,0.7257550156542233,0.8877129267368998
base,mnli+qnli+qqp+record+paws+squad_v2+hellaswag+winogrande,8,stsb,0.5939668837402549,0.8483382652380637
base,mnli+qnli+qqp+record+paws+squad_v2+hellaswag+winogrande,8,cr,0.641757534683815,0.8599669228174857
base,mnli+qnli+qqp+record+paws+squad_v2+hellaswag+winogrande,8,rotten_tomatoes,0.639802983296769,0.8583266298685756
base,mnli+qnli+qqp+record+paws+squad_v2+hellaswag+winogrande,8,multirc,0.6968769561499357,0.8763906396925449
base,mnli+qnli+qqp+record+paws+squad_v2+hellaswag+winogrande,8,copa,0.6179046231721129,0.8531388776110751
base,mnli+qnli+qqp+record+paws+squad_v2+hellaswag+winogrande,8,piqa,0.6975199601479939,0.8761899990162679
base,mnli+qnli+qqp+record+paws+squad_v2+winogrande,7,mrpc,0.6593261933220285,0.8676926695874759
base,mnli+qnli+qqp+record+paws+squad_v2+winogrande,7,boolq,0.6918791657579797,0.8753464126161167
base,mnli+qnli+qqp+record+paws+squad_v2+winogrande,7,rte,0.7090865849916425,0.8879332217786994
base,mnli+qnli+qqp+record+paws+squad_v2+winogrande,7,cola,0.645078551822475,0.8610856189791646
base,mnli+qnli+qqp+record+paws+squad_v2+winogrande,7,cb,0.6763601420181138,0.8787441791168281
base,mnli+qnli+qqp+record+paws+squad_v2+winogrande,7,scitail,0.7256291168076652,0.8877587781420776
base,mnli+qnli+qqp+record+paws+squad_v2+winogrande,7,stsb,0.5917037764031973,0.8480877868298974
base,mnli+qnli+qqp+record+paws+squad_v2+winogrande,7,cr,0.6402523302073989,0.8597064494554486
base,mnli+qnli+qqp+record+paws+squad_v2+winogrande,7,rotten_tomatoes,0.6388192340465528,0.8582440859505108
base,mnli+qnli+qqp+record+paws+squad_v2+winogrande,7,multirc,0.6960526084793466,0.876357054071767
base,mnli+qnli+qqp+record+paws+squad_v2+winogrande,7,copa,0.613315851826753,0.8515730396445308
base,mnli+qnli+qqp+record+paws+squad_v2+winogrande,7,piqa,0.6821503508836031,0.8707801532000303
base,mnli+qnli+qqp+record+paws+winogrande,6,mrpc,0.6435438865529639,0.8675745853355953
base,mnli+qnli+qqp+record+paws+winogrande,6,boolq,0.6751825953168529,0.8760996982455254
base,mnli+qnli+qqp+record+paws+winogrande,6,rte,0.6976477477167334,0.889769126794168
base,mnli+qnli+qqp+record+paws+winogrande,6,cola,0.6211232732582305,0.8587107046374253
base,mnli+qnli+qqp+record+paws+winogrande,6,cb,0.6592990330287388,0.8806282106254782
base,mnli+qnli+qqp+record+paws+winogrande,6,scitail,0.7167327010205814,0.8889491185545921
base,mnli+qnli+qqp+record+paws+winogrande,6,stsb,0.5710928294408534,0.8473973614828927
base,mnli+qnli+qqp+record+paws+winogrande,6,cr,0.6206732390315405,0.8589570338704756
base,mnli+qnli+qqp+record+paws+winogrande,6,rotten_tomatoes,0.621806124557874,0.8576518025781427
base,mnli+qnli+qqp+record+paws+winogrande,6,multirc,0.6750892384776047,0.875903841640268
base,mnli+qnli+qqp+record+paws+winogrande,6,copa,0.5862413565628231,0.8500580228865147
base,mnli+qnli+qqp+record+paws+winogrande,6,piqa,0.6653294851338225,0.8714284447154829
base,mnli+qnli+qqp+record+snli,5,mrpc,0.605409063398838,0.8663467347089734
base,mnli+qnli+qqp+record+snli,5,boolq,0.5842260548711887,0.8567586998854365
base,mnli+qnli+qqp+record+snli,5,rte,0.6613173673727683,0.8896358002509389
base,mnli+qnli+qqp+record+snli,5,cola,0.5898758488973337,0.8582060182733195
base,mnli+qnli+qqp+record+snli,5,cb,0.6385827586054802,0.8876133630318301
base,mnli+qnli+qqp+record+snli,5,scitail,0.6974341962486506,0.8905363314385925
base,mnli+qnli+qqp+record+snli,5,stsb,0.5366483273849424,0.8467303264353957
base,mnli+qnli+qqp+record+snli,5,cr,0.58514563459903,0.858129743752735
base,mnli+qnli+qqp+record+snli,5,rotten_tomatoes,0.5873379789159766,0.8566938351307597
base,mnli+qnli+qqp+record+snli,5,multirc,0.5987638376786241,0.8595207868410009
base,mnli+qnli+qqp+record+snli,5,copa,0.5381685852272702,0.8458519365106311
base,mnli+qnli+qqp+record+snli,5,piqa,0.5797122737525829,0.8536181013498988
base,mnli+qnli+qqp+record+snli+anli_r1,6,mrpc,0.6086299881072981,0.8676375624324594
base,mnli+qnli+qqp+record+snli+anli_r1,6,boolq,0.5835568899554866,0.8570224331425769
base,mnli+qnli+qqp+record+snli+anli_r1,6,rte,0.6702100009258304,0.8928740045854023
base,mnli+qnli+qqp+record+snli+anli_r1,6,cola,0.5910555053768414,0.8588724833514009
base,mnli+qnli+qqp+record+snli+anli_r1,6,cb,0.6648930540042264,0.8973173653440816
base,mnli+qnli+qqp+record+snli+anli_r1,6,scitail,0.7028903915945973,0.8924487866461277
base,mnli+qnli+qqp+record+snli+anli_r1,6,stsb,0.53505287302791,0.8468883779964277
base,mnli+qnli+qqp+record+snli+anli_r1,6,cr,0.5886598610917905,0.8593636506370136
base,mnli+qnli+qqp+record+snli+anli_r1,6,rotten_tomatoes,0.5884759694870029,0.8573648549084153
base,mnli+qnli+qqp+record+snli+anli_r1,6,multirc,0.5972220549759056,0.8596815421645131
base,mnli+qnli+qqp+record+snli+anli_r1,6,copa,0.5386680862201112,0.8462814848337855
base,mnli+qnli+qqp+record+snli+anli_r1,6,piqa,0.5782507696588125,0.8537452659968819
base,mnli+qnli+qqp+record+snli+anli_r1+hellaswag,7,mrpc,0.6115703510918787,0.8677927990044866
base,mnli+qnli+qqp+record+snli+anli_r1+hellaswag,7,boolq,0.5868184446091098,0.8572642595640251
base,mnli+qnli+qqp+record+snli+anli_r1+hellaswag,7,rte,0.6739268957504204,0.8930428001497474
base,mnli+qnli+qqp+record+snli+anli_r1+hellaswag,7,cola,0.5940227328932711,0.8590386922338179
base,mnli+qnli+qqp+record+snli+anli_r1+hellaswag,7,cb,0.6702813349132027,0.8975933071758065
base,mnli+qnli+qqp+record+snli+anli_r1+hellaswag,7,scitail,0.7046328458402839,0.8923372756689787
base,mnli+qnli+qqp+record+snli+anli_r1+hellaswag,7,stsb,0.5382153107452073,0.8472864204751593
base,mnli+qnli+qqp+record+snli+anli_r1+hellaswag,7,cr,0.5920677635419581,0.8596494408058268
base,mnli+qnli+qqp+record+snli+anli_r1+hellaswag,7,rotten_tomatoes,0.5911912199641977,0.8575155333216701
base,mnli+qnli+qqp+record+snli+anli_r1+hellaswag,7,multirc,0.599861351972712,0.8599754090287856
base,mnli+qnli+qqp+record+snli+anli_r1+hellaswag,7,copa,0.5454748435212033,0.8487254407789026
base,mnli+qnli+qqp+record+snli+anli_r1+hellaswag,7,piqa,0.6085886365534472,0.8671981061675719
base,mnli+qnli+qqp+record+snli+anli_r1+hellaswag+winogrande,8,mrpc,0.614167379747544,0.8679193199745247
base,mnli+qnli+qqp+record+snli+anli_r1+hellaswag+winogrande,8,boolq,0.5903140802069434,0.8575244644390685
base,mnli+qnli+qqp+record+snli+anli_r1+hellaswag+winogrande,8,rte,0.6755908261984587,0.8928438861455236
base,mnli+qnli+qqp+record+snli+anli_r1+hellaswag+winogrande,8,cola,0.5964175363603447,0.8592581267335585
base,mnli+qnli+qqp+record+snli+anli_r1+hellaswag+winogrande,8,cb,0.6722579704863685,0.8973723229553018
base,mnli+qnli+qqp+record+snli+anli_r1+hellaswag+winogrande,8,scitail,0.705573082236307,0.8922411014458963
base,mnli+qnli+qqp+record+snli+anli_r1+hellaswag+winogrande,8,stsb,0.54074331366324,0.847413104559694
base,mnli+qnli+qqp+record+snli+anli_r1+hellaswag+winogrande,8,cr,0.5962488951627165,0.8601833499435868
base,mnli+qnli+qqp+record+snli+anli_r1+hellaswag+winogrande,8,rotten_tomatoes,0.5947337073407003,0.8580232855996915
base,mnli+qnli+qqp+record+snli+anli_r1+hellaswag+winogrande,8,multirc,0.6021968143592987,0.8601518544767585
base,mnli+qnli+qqp+record+snli+anli_r1+hellaswag+winogrande,8,copa,0.5540952205524913,0.8512435792280095
base,mnli+qnli+qqp+record+snli+anli_r1+hellaswag+winogrande,8,piqa,0.6419922690838575,0.8764357553528888
base,mnli+qnli+qqp+record+snli+anli_r1+imdb,7,mrpc,0.6136000006060515,0.8687083380562919
base,mnli+qnli+qqp+record+snli+anli_r1+imdb,7,boolq,0.5870514775493315,0.8575078480477843
base,mnli+qnli+qqp+record+snli+anli_r1+imdb,7,rte,0.6757204575198037,0.8938931242695877
base,mnli+qnli+qqp+record+snli+anli_r1+imdb,7,cola,0.5964501724977579,0.8599606890763555
base,mnli+qnli+qqp+record+snli+anli_r1+imdb,7,cb,0.675255107560328,0.8992183586316449
base,mnli+qnli+qqp+record+snli+anli_r1+imdb,7,scitail,0.705330627305167,0.8927071288760219
base,mnli+qnli+qqp+record+snli+anli_r1+imdb,7,stsb,0.536836709527831,0.8470433239958116
base,mnli+qnli+qqp+record+snli+anli_r1+imdb,7,cr,0.6468286378575223,0.8860049130661147
base,mnli+qnli+qqp+record+snli+anli_r1+imdb,7,rotten_tomatoes,0.6651974940406424,0.8914227783679962
base,mnli+qnli+qqp+record+snli+anli_r1+imdb,7,multirc,0.599091762610312,0.8598537761718035
base,mnli+qnli+qqp+record+snli+anli_r1+imdb,7,copa,0.5442310517786869,0.8471980124179807
base,mnli+qnli+qqp+record+snli+anli_r1+imdb,7,piqa,0.5801113542901086,0.853899888162102
base,mnli+qnli+qqp+record+snli+anli_r1+imdb+hellaswag,8,mrpc,0.6159510302490422,0.8688300225351538
base,mnli+qnli+qqp+record+snli+anli_r1+imdb+hellaswag,8,boolq,0.5899498322978616,0.8577396542366061
base,mnli+qnli+qqp+record+snli+anli_r1+imdb+hellaswag,8,rte,0.6780826853854316,0.8940087375896317
base,mnli+qnli+qqp+record+snli+anli_r1+imdb+hellaswag,8,cola,0.5989163257181644,0.8601019629942519
base,mnli+qnli+qqp+record+snli+anli_r1+imdb+hellaswag,8,cb,0.6786688944058759,0.8993835411965847
base,mnli+qnli+qqp+record+snli+anli_r1+imdb+hellaswag,8,scitail,0.7062577280615058,0.8925870494650943
base,mnli+qnli+qqp+record+snli+anli_r1+imdb+hellaswag,8,stsb,0.5396234861442021,0.8474209021244731
base,mnli+qnli+qqp+record+snli+anli_r1+imdb+hellaswag,8,cr,0.650052040150123,0.8860891860510621
base,mnli+qnli+qqp+record+snli+anli_r1+imdb+hellaswag,8,rotten_tomatoes,0.6675121380415346,0.8913819374782699
base,mnli+qnli+qqp+record+snli+anli_r1+imdb+hellaswag,8,multirc,0.6013131974531072,0.8601254309926715
base,mnli+qnli+qqp+record+snli+anli_r1+imdb+hellaswag,8,copa,0.5505703697646303,0.8495400712958404
base,mnli+qnli+qqp+record+snli+anli_r1+imdb+hellaswag,8,piqa,0.6095994552264788,0.867270375202809
base,mnli+qnli+qqp+record+snli+anli_r1+imdb+hellaswag+winogrande,9,mrpc,0.6186007088316339,0.8688931113907269
base,mnli+qnli+qqp+record+snli+anli_r1+imdb+hellaswag+winogrande,9,boolq,0.593292615575982,0.8579741500850234
base,mnli+qnli+qqp+record+snli+anli_r1+imdb+hellaswag+winogrande,9,rte,0.6797630337199995,0.8938453910606248
base,mnli+qnli+qqp+record+snli+anli_r1+imdb+hellaswag+winogrande,9,cola,0.6011573440794434,0.8603087884507009
base,mnli+qnli+qqp+record+snli+anli_r1+imdb+hellaswag+winogrande,9,cb,0.6804498399474791,0.8991813335035529
base,mnli+qnli+qqp+record+snli+anli_r1+imdb+hellaswag+winogrande,9,scitail,0.7072249627006906,0.8924709936337811
base,mnli+qnli+qqp+record+snli+anli_r1+imdb+hellaswag+winogrande,9,stsb,0.5421295119116881,0.8475095922393459
base,mnli+qnli+qqp+record+snli+anli_r1+imdb+hellaswag+winogrande,9,cr,0.6535544646903872,0.8862396169986043
base,mnli+qnli+qqp+record+snli+anli_r1+imdb+hellaswag+winogrande,9,rotten_tomatoes,0.6702549322508276,0.8914543395595891
base,mnli+qnli+qqp+record+snli+anli_r1+imdb+hellaswag+winogrande,9,multirc,0.6036977420028832,0.8602821574147258
base,mnli+qnli+qqp+record+snli+anli_r1+imdb+hellaswag+winogrande,9,copa,0.5591033697128296,0.8519943739686694
base,mnli+qnli+qqp+record+snli+anli_r1+imdb+hellaswag+winogrande,9,piqa,0.6430143354394074,0.8764007935034377
base,mnli+qnli+qqp+record+snli+anli_r1+imdb+squad_v2,8,mrpc,0.631259602627584,0.868966821048941
base,mnli+qnli+qqp+record+snli+anli_r1+imdb+squad_v2,8,boolq,0.6051119482144713,0.8583896947758538
base,mnli+qnli+qqp+record+snli+anli_r1+imdb+squad_v2,8,rte,0.6918982615960496,0.8923840597271919
base,mnli+qnli+qqp+record+snli+anli_r1+imdb+squad_v2,8,cola,0.6160665881553931,0.8623803864632335
base,mnli+qnli+qqp+record+snli+anli_r1+imdb+squad_v2,8,cb,0.6913150873567376,0.8973838399563517
base,mnli+qnli+qqp+record+snli+anli_r1+imdb+squad_v2,8,scitail,0.7159773869706052,0.8916311405066933
base,mnli+qnli+qqp+record+snli+anli_r1+imdb+squad_v2,8,stsb,0.5555637946152794,0.8478313562061105
base,mnli+qnli+qqp+record+snli+anli_r1+imdb+squad_v2,8,cr,0.6675855818736766,0.8844864666461945
base,mnli+qnli+qqp+record+snli+anli_r1+imdb+squad_v2,8,rotten_tomatoes,0.6844691454565951,0.889940669760108
base,mnli+qnli+qqp+record+snli+anli_r1+imdb+squad_v2,8,multirc,0.6187682561576366,0.8613470782126699
base,mnli+qnli+qqp+record+snli+anli_r1+imdb+squad_v2,8,copa,0.5700202963447997,0.8490630760788918
base,mnli+qnli+qqp+record+snli+anli_r1+imdb+squad_v2,8,piqa,0.5985150004271418,0.8548970626933234
base,mnli+qnli+qqp+record+snli+anli_r1+imdb+squad_v2+hellaswag,9,mrpc,0.6330667587795428,0.8690781162253448
base,mnli+qnli+qqp+record+snli+anli_r1+imdb+squad_v2+hellaswag,9,boolq,0.6069586496534092,0.8585469744035176
base,mnli+qnli+qqp+record+snli+anli_r1+imdb+squad_v2+hellaswag,9,rte,0.6936705652624369,0.8925569238407272
base,mnli+qnli+qqp+record+snli+anli_r1+imdb+squad_v2+hellaswag,9,cola,0.6180630334253822,0.8625588717737368
base,mnli+qnli+qqp+record+snli+anli_r1+imdb+squad_v2+hellaswag,9,cb,0.6940076172884021,0.897565060960395
base,mnli+qnli+qqp+record+snli+anli_r1+imdb+squad_v2+hellaswag,9,scitail,0.7167106137744018,0.8916182488735233
base,mnli+qnli+qqp+record+snli+anli_r1+imdb+squad_v2+hellaswag,9,stsb,0.5580316589413477,0.8481245900371245
base,mnli+qnli+qqp+record+snli+anli_r1+imdb+squad_v2+hellaswag,9,cr,0.6693033046488251,0.8845458962023258
base,mnli+qnli+qqp+record+snli+anli_r1+imdb+squad_v2+hellaswag,9,rotten_tomatoes,0.6856958914015975,0.88993547031922
base,mnli+qnli+qqp+record+snli+anli_r1+imdb+squad_v2+hellaswag,9,multirc,0.6205274523235857,0.8615188066448484
base,mnli+qnli+qqp+record+snli+anli_r1+imdb+squad_v2+hellaswag,9,copa,0.5752773306199482,0.8509762390915837
base,mnli+qnli+qqp+record+snli+anli_r1+imdb+squad_v2+hellaswag,9,piqa,0.6265850805544427,0.8666246466870818
base,mnli+qnli+qqp+record+snli+anli_r1+imdb+squad_v2+hellaswag+winogrande,10,mrpc,0.6355821644621236,0.8691472395190171
base,mnli+qnli+qqp+record+snli+anli_r1+imdb+squad_v2+hellaswag+winogrande,10,boolq,0.609472032569881,0.8587530412312064
base,mnli+qnli+qqp+record+snli+anli_r1+imdb+squad_v2+hellaswag+winogrande,10,rte,0.6946400324148791,0.8923727002527032
base,mnli+qnli+qqp+record+snli+anli_r1+imdb+squad_v2+hellaswag+winogrande,10,cola,0.6195080831114735,0.8627007853771959
base,mnli+qnli+qqp+record+snli+anli_r1+imdb+squad_v2+hellaswag+winogrande,10,cb,0.6947569692773479,0.8974393478461674
base,mnli+qnli+qqp+record+snli+anli_r1+imdb+squad_v2+hellaswag+winogrande,10,scitail,0.7170659540487188,0.8915307519159147
base,mnli+qnli+qqp+record+snli+anli_r1+imdb+squad_v2+hellaswag+winogrande,10,stsb,0.5598241662207458,0.8481795963432107
base,mnli+qnli+qqp+record+snli+anli_r1+imdb+squad_v2+hellaswag+winogrande,10,cr,0.6721332949985351,0.8847130749906812
base,mnli+qnli+qqp+record+snli+anli_r1+imdb+squad_v2+hellaswag+winogrande,10,rotten_tomatoes,0.6881218565228794,0.8900365507496255
base,mnli+qnli+qqp+record+snli+anli_r1+imdb+squad_v2+hellaswag+winogrande,10,multirc,0.6221342506552381,0.8616579959967307
base,mnli+qnli+qqp+record+snli+anli_r1+imdb+squad_v2+hellaswag+winogrande,10,copa,0.5822015932894179,0.8529639470257929
base,mnli+qnli+qqp+record+snli+anli_r1+imdb+squad_v2+hellaswag+winogrande,10,piqa,0.6616065098371889,0.8756041619926691
base,mnli+qnli+qqp+record+snli+anli_r1+imdb+squad_v2+winogrande,9,mrpc,0.6329928442303624,0.8690504011298928
base,mnli+qnli+qqp+record+snli+anli_r1+imdb+squad_v2+winogrande,9,boolq,0.6078379882632622,0.8586205789553267
base,mnli+qnli+qqp+record+snli+anli_r1+imdb+squad_v2+winogrande,9,rte,0.6928640399128199,0.8922130497438567
base,mnli+qnli+qqp+record+snli+anli_r1+imdb+squad_v2+winogrande,9,cola,0.6181848688450243,0.862533177914364
base,mnli+qnli+qqp+record+snli+anli_r1+imdb+squad_v2+winogrande,9,cb,0.6925131564161607,0.8972157021718365
base,mnli+qnli+qqp+record+snli+anli_r1+imdb+squad_v2+winogrande,9,scitail,0.7167547124304942,0.8915358127227851
base,mnli+qnli+qqp+record+snli+anli_r1+imdb+squad_v2+winogrande,9,stsb,0.5577783798133689,0.8479664349662406
base,mnli+qnli+qqp+record+snli+anli_r1+imdb+squad_v2+winogrande,9,cr,0.6701924174890986,0.8847063779830933
base,mnli+qnli+qqp+record+snli+anli_r1+imdb+squad_v2+winogrande,9,rotten_tomatoes,0.6866378795488605,0.8900855061198983
base,mnli+qnli+qqp+record+snli+anli_r1+imdb+squad_v2+winogrande,9,multirc,0.6205616800247559,0.8614990628723588
base,mnli+qnli+qqp+record+snli+anli_r1+imdb+squad_v2+winogrande,9,copa,0.5767900768800506,0.8514776088829551
base,mnli+qnli+qqp+record+snli+anli_r1+imdb+squad_v2+winogrande,9,piqa,0.6418845812524003,0.870536799675652
base,mnli+qnli+qqp+record+snli+anli_r1+imdb+winogrande,8,mrpc,0.6163156393117138,0.868818857307945
base,mnli+qnli+qqp+record+snli+anli_r1+imdb+winogrande,8,boolq,0.5909849513721254,0.8578451672302825
base,mnli+qnli+qqp+record+snli+anli_r1+imdb+winogrande,8,rte,0.6775003661002431,0.8937274909445218
base,mnli+qnli+qqp+record+snli+anli_r1+imdb+winogrande,8,cola,0.5992241762578487,0.8601215127855539
base,mnli+qnli+qqp+record+snli+anli_r1+imdb+winogrande,8,cb,0.677158555814198,0.8989577149706227
base,mnli+qnli+qqp+record+snli+anli_r1+imdb+winogrande,8,scitail,0.7063876544790608,0.8925656915775367
base,mnli+qnli+qqp+record+snli+anli_r1+imdb+winogrande,8,stsb,0.5396446934235948,0.8472327387758664
base,mnli+qnli+qqp+record+snli+anli_r1+imdb+winogrande,8,cr,0.6514831168044891,0.8861962386540004
base,mnli+qnli+qqp+record+snli+anli_r1+imdb+winogrande,8,rotten_tomatoes,0.6689821374602616,0.8914918223662036
base,mnli+qnli+qqp+record+snli+anli_r1+imdb+winogrande,8,multirc,0.6017949362950665,0.8600753314260926
base,mnli+qnli+qqp+record+snli+anli_r1+imdb+winogrande,8,copa,0.552719118605767,0.8502259110765797
base,mnli+qnli+qqp+record+snli+anli_r1+imdb+winogrande,8,piqa,0.6235784709320537,0.8710513524711132
base,mnli+qnli+qqp+record+snli+anli_r1+paws,7,mrpc,0.6112049738211291,0.8682201376983097
base,mnli+qnli+qqp+record+snli+anli_r1+paws,7,boolq,0.6271064492341664,0.8745954196367945
base,mnli+qnli+qqp+record+snli+anli_r1+paws,7,rte,0.6722021182732922,0.8930739467697484
base,mnli+qnli+qqp+record+snli+anli_r1+paws,7,cola,0.593190911957728,0.8591557352670601
base,mnli+qnli+qqp+record+snli+anli_r1+paws,7,cb,0.6656056762273822,0.8968510351010731
base,mnli+qnli+qqp+record+snli+anli_r1+paws,7,scitail,0.7044355746890817,0.8925892088030066
base,mnli+qnli+qqp+record+snli+anli_r1+paws,7,stsb,0.5367644393617022,0.8472508913172143
base,mnli+qnli+qqp+record+snli+anli_r1+paws,7,cr,0.5906621334475598,0.8596830333450011
base,mnli+qnli+qqp+record+snli+anli_r1+paws,7,rotten_tomatoes,0.5908045772063945,0.8577682940023286
base,mnli+qnli+qqp+record+snli+anli_r1+paws,7,multirc,0.6295050869562796,0.8751747890242508
base,mnli+qnli+qqp+record+snli+anli_r1+paws,7,copa,0.5405180776225669,0.8466671958033528
base,mnli+qnli+qqp+record+snli+anli_r1+paws,7,piqa,0.5809243719891778,0.8542596865445375
base,mnli+qnli+qqp+record+snli+anli_r1+paws+hellaswag,8,mrpc,0.6141043312049338,0.8683472227837358
base,mnli+qnli+qqp+record+snli+anli_r1+paws+hellaswag,8,boolq,0.62969002446958,0.874616132250854
base,mnli+qnli+qqp+record+snli+anli_r1+paws+hellaswag,8,rte,0.6755260990134307,0.8932396216051919
base,mnli+qnli+qqp+record+snli+anli_r1+paws+hellaswag,8,cola,0.5958855812038694,0.8593221586197615
base,mnli+qnli+qqp+record+snli+anli_r1+paws+hellaswag,8,cb,0.669738926791719,0.8971120619348117
base,mnli+qnli+qqp+record+snli+anli_r1+paws+hellaswag,8,scitail,0.7058222685009241,0.8925081033791814
base,mnli+qnli+qqp+record+snli+anli_r1+paws+hellaswag,8,stsb,0.539705913779991,0.8475580305925438
base,mnli+qnli+qqp+record+snli+anli_r1+paws+hellaswag,8,cr,0.5937831937335432,0.8599306347646883
base,mnli+qnli+qqp+record+snli+anli_r1+paws+hellaswag,8,rotten_tomatoes,0.5931952769335892,0.8578431888350418
base,mnli+qnli+qqp+record+snli+anli_r1+paws+hellaswag,8,multirc,0.6317388312891126,0.8752602022141218
base,mnli+qnli+qqp+record+snli+anli_r1+paws+hellaswag,8,copa,0.5470355535591287,0.8488120694777795
base,mnli+qnli+qqp+record+snli+anli_r1+paws+hellaswag,8,piqa,0.6105356723336237,0.8674587250820228
base,mnli+qnli+qqp+record+snli+anli_r1+paws+hellaswag+winogrande,9,mrpc,0.6165098295147929,0.8684268535247871
base,mnli+qnli+qqp+record+snli+anli_r1+paws+hellaswag+winogrande,9,boolq,0.6320944421126374,0.8747487778642348
base,mnli+qnli+qqp+record+snli+anli_r1+paws+hellaswag+winogrande,9,rte,0.6767443982618195,0.8930564671754837
base,mnli+qnli+qqp+record+snli+anli_r1+paws+hellaswag+winogrande,9,cola,0.5980310577766171,0.8595871523554836
base,mnli+qnli+qqp+record+snli+anli_r1+paws+hellaswag+winogrande,9,cb,0.6715938632509538,0.8969450646213123
base,mnli+qnli+qqp+record+snli+anli_r1+paws+hellaswag+winogrande,9,scitail,0.7064901401421854,0.892404152612601
base,mnli+qnli+qqp+record+snli+anli_r1+paws+hellaswag+winogrande,9,stsb,0.5422341948308583,0.8476606461086443
base,mnli+qnli+qqp+record+snli+anli_r1+paws+hellaswag+winogrande,9,cr,0.5978434341959655,0.8604382497391531
base,mnli+qnli+qqp+record+snli+anli_r1+paws+hellaswag+winogrande,9,rotten_tomatoes,0.5967296500291143,0.8582267888954708
base,mnli+qnli+qqp+record+snli+anli_r1+paws+hellaswag+winogrande,9,multirc,0.6335314876133842,0.8752892075904778
base,mnli+qnli+qqp+record+snli+anli_r1+paws+hellaswag+winogrande,9,copa,0.5552484802901745,0.8512682087187257
base,mnli+qnli+qqp+record+snli+anli_r1+paws+hellaswag+winogrande,9,piqa,0.643154962187899,0.8765534814447165
base,mnli+qnli+qqp+record+snli+anli_r1+paws+imdb,8,mrpc,0.6160416773387364,0.8691670953163079
base,mnli+qnli+qqp+record+snli+anli_r1+paws+imdb,8,boolq,0.629484800422298,0.8748912273773125
base,mnli+qnli+qqp+record+snli+anli_r1+paws+imdb,8,rte,0.6772278161453349,0.8940765719328608
base,mnli+qnli+qqp+record+snli+anli_r1+paws+imdb,8,cola,0.5982873972638377,0.8601900075695345
base,mnli+qnli+qqp+record+snli+anli_r1+paws+imdb,8,cb,0.6745406232242074,0.8987609195922103
base,mnli+qnli+qqp+record+snli+anli_r1+paws+imdb,8,scitail,0.7064833186034646,0.8928634785115719
base,mnli+qnli+qqp+record+snli+anli_r1+paws+imdb,8,stsb,0.53836255187967,0.8473445006779262
base,mnli+qnli+qqp+record+snli+anli_r1+paws+imdb,8,cr,0.6484054935031703,0.8859129814164979
base,mnli+qnli+qqp+record+snli+anli_r1+paws+imdb,8,rotten_tomatoes,0.6667706348401096,0.8912674622344119
base,mnli+qnli+qqp+record+snli+anli_r1+paws+imdb,8,multirc,0.630706780590117,0.8751892529960189
base,mnli+qnli+qqp+record+snli+anli_r1+paws+imdb,8,copa,0.5455937811971775,0.8475379675094571
base,mnli+qnli+qqp+record+snli+anli_r1+paws+imdb,8,piqa,0.5825613945323441,0.8543707640575511
base,mnli+qnli+qqp+record+snli+anli_r1+paws+imdb+hellaswag,9,mrpc,0.6183177796857697,0.8693305269948074
base,mnli+qnli+qqp+record+snli+anli_r1+paws+imdb+hellaswag,9,boolq,0.6316678877919912,0.8749095922602075
base,mnli+qnli+qqp+record+snli+anli_r1+paws+imdb+hellaswag,9,rte,0.679567773427282,0.8942148078765187
base,mnli+qnli+qqp+record+snli+anli_r1+paws+imdb+hellaswag,9,cola,0.6003947031152036,0.8603750741375344
base,mnli+qnli+qqp+record+snli+anli_r1+paws+imdb+hellaswag,9,cb,0.6779668003852878,0.8989539965987206
base,mnli+qnli+qqp+record+snli+anli_r1+paws+imdb+hellaswag,9,scitail,0.707381899867739,0.8927527671413762
base,mnli+qnli+qqp+record+snli+anli_r1+paws+imdb+hellaswag,9,stsb,0.541002523453374,0.8476087759648051
base,mnli+qnli+qqp+record+snli+anli_r1+paws+imdb+hellaswag,9,cr,0.6506434661735382,0.885960233530828
base,mnli+qnli+qqp+record+snli+anli_r1+paws+imdb+hellaswag,9,rotten_tomatoes,0.6684117854705879,0.8912024112152201
base,mnli+qnli+qqp+record+snli+anli_r1+paws+imdb+hellaswag,9,multirc,0.6326385804984186,0.8752576027597699
base,mnli+qnli+qqp+record+snli+anli_r1+paws+imdb+hellaswag,9,copa,0.5517401016716447,0.8496212176978588
base,mnli+qnli+qqp+record+snli+anli_r1+paws+imdb+hellaswag,9,piqa,0.6113137297465333,0.8674903301788228
base,mnli+qnli+qqp+record+snli+anli_r1+paws+imdb+hellaswag+winogrande,10,mrpc,0.6204285866447857,0.8693279922008514
base,mnli+qnli+qqp+record+snli+anli_r1+paws+imdb+hellaswag+winogrande,10,boolq,0.635236217108156,0.8749907280185393
base,mnli+qnli+qqp+record+snli+anli_r1+paws+imdb+hellaswag+winogrande,10,rte,0.6806695054152182,0.8939818181097507
base,mnli+qnli+qqp+record+snli+anli_r1+paws+imdb+hellaswag+winogrande,10,cola,0.6023900025258107,0.860519105302436
base,mnli+qnli+qqp+record+snli+anli_r1+paws+imdb+hellaswag+winogrande,10,cb,0.6794917961316449,0.898757107023682
base,mnli+qnli+qqp+record+snli+anli_r1+paws+imdb+hellaswag+winogrande,10,scitail,0.7082586714199611,0.892634484118649
base,mnli+qnli+qqp+record+snli+anli_r1+paws+imdb+hellaswag+winogrande,10,stsb,0.5433283495783273,0.8477860510881458
base,mnli+qnli+qqp+record+snli+anli_r1+paws+imdb+hellaswag+winogrande,10,cr,0.6535138310864568,0.8861554307597024
base,mnli+qnli+qqp+record+snli+anli_r1+paws+imdb+hellaswag+winogrande,10,rotten_tomatoes,0.6704608517965036,0.8912686670997313
base,mnli+qnli+qqp+record+snli+anli_r1+paws+imdb+hellaswag+winogrande,10,multirc,0.6359710545678224,0.8752801394356149
base,mnli+qnli+qqp+record+snli+anli_r1+paws+imdb+hellaswag+winogrande,10,copa,0.5597173004145068,0.8520111736974546
base,mnli+qnli+qqp+record+snli+anli_r1+paws+imdb+hellaswag+winogrande,10,piqa,0.6438691371253559,0.8765227270445654
base,mnli+qnli+qqp+record+snli+anli_r1+paws+imdb+squad_v2,9,mrpc,0.6338412703147956,0.8693503391529832
base,mnli+qnli+qqp+record+snli+anli_r1+paws+imdb+squad_v2,9,boolq,0.6535012651500958,0.8743402670536723
base,mnli+qnli+qqp+record+snli+anli_r1+paws+imdb+squad_v2,9,rte,0.6928157391292709,0.8925452833729131
base,mnli+qnli+qqp+record+snli+anli_r1+paws+imdb+squad_v2,9,cola,0.6175535836789224,0.8626163615179914
base,mnli+qnli+qqp+record+snli+anli_r1+paws+imdb+squad_v2,9,cb,0.6901154113667352,0.89700526957001
base,mnli+qnli+qqp+record+snli+anli_r1+paws+imdb+squad_v2,9,scitail,0.7165271264633962,0.8918147456965276
base,mnli+qnli+qqp+record+snli+anli_r1+paws+imdb+squad_v2,9,stsb,0.5565850200530674,0.8481187131255865
base,mnli+qnli+qqp+record+snli+anli_r1+paws+imdb+squad_v2,9,cr,0.6679646902983742,0.8843711242079735
base,mnli+qnli+qqp+record+snli+anli_r1+paws+imdb+squad_v2,9,rotten_tomatoes,0.685021066239902,0.8897894879004785
base,mnli+qnli+qqp+record+snli+anli_r1+paws+imdb+squad_v2,9,multirc,0.6580694627815059,0.8757044414856604
base,mnli+qnli+qqp+record+snli+anli_r1+paws+imdb+squad_v2,9,copa,0.5707254937982985,0.8493182973137924
base,mnli+qnli+qqp+record+snli+anli_r1+paws+imdb+squad_v2,9,piqa,0.600240944152964,0.8552163296512195
base,mnli+qnli+qqp+record+snli+anli_r1+paws+imdb+squad_v2+hellaswag,10,mrpc,0.6354173395250525,0.8694934679993561
base,mnli+qnli+qqp+record+snli+anli_r1+paws+imdb+squad_v2+hellaswag,10,boolq,0.6543593060757432,0.8744241244026593
base,mnli+qnli+qqp+record+snli+anli_r1+paws+imdb+squad_v2+hellaswag,10,rte,0.6944602062659604,0.8927333551858153
base,mnli+qnli+qqp+record+snli+anli_r1+paws+imdb+squad_v2+hellaswag,10,cola,0.6189652888902596,0.8627322353422642
base,mnli+qnli+qqp+record+snli+anli_r1+paws+imdb+squad_v2+hellaswag,10,cb,0.6927033497818879,0.8971697725355625
base,mnli+qnli+qqp+record+snli+anli_r1+paws+imdb+squad_v2+hellaswag,10,scitail,0.7170731598245246,0.8917450143822602
base,mnli+qnli+qqp+record+snli+anli_r1+paws+imdb+squad_v2+hellaswag,10,stsb,0.5587195669566947,0.8484015510018382
base,mnli+qnli+qqp+record+snli+anli_r1+paws+imdb+squad_v2+hellaswag,10,cr,0.6690833835995623,0.8844310737081936
base,mnli+qnli+qqp+record+snli+anli_r1+paws+imdb+squad_v2+hellaswag,10,rotten_tomatoes,0.6855719640318837,0.8897698122475829
base,mnli+qnli+qqp+record+snli+anli_r1+paws+imdb+squad_v2+hellaswag,10,multirc,0.6590715018766267,0.8757537725780692
base,mnli+qnli+qqp+record+snli+anli_r1+paws+imdb+squad_v2+hellaswag,10,copa,0.5756352130722787,0.8510767910629511
base,mnli+qnli+qqp+record+snli+anli_r1+paws+imdb+squad_v2+hellaswag,10,piqa,0.6274607765621373,0.8667637737733977
base,mnli+qnli+qqp+record+snli+anli_r1+paws+imdb+squad_v2+hellaswag+winogrande,11,mrpc,0.6364882165299994,0.8695706629327365
base,mnli+qnli+qqp+record+snli+anli_r1+paws+imdb+squad_v2+hellaswag+winogrande,11,boolq,0.6555070956902844,0.8744699696877173
base,mnli+qnli+qqp+record+snli+anli_r1+paws+imdb+squad_v2+hellaswag+winogrande,11,rte,0.6950772928872279,0.8925437379096236
base,mnli+qnli+qqp+record+snli+anli_r1+paws+imdb+squad_v2+hellaswag+winogrande,11,cola,0.6204388621263206,0.8628774277333703
base,mnli+qnli+qqp+record+snli+anli_r1+paws+imdb+squad_v2+hellaswag+winogrande,11,cb,0.6931067316659859,0.8970086207347256
base,mnli+qnli+qqp+record+snli+anli_r1+paws+imdb+squad_v2+hellaswag+winogrande,11,scitail,0.7173639682254621,0.891671696677804
base,mnli+qnli+qqp+record+snli+anli_r1+paws+imdb+squad_v2+hellaswag+winogrande,11,stsb,0.5602813120931387,0.8484298227620977
base,mnli+qnli+qqp+record+snli+anli_r1+paws+imdb+squad_v2+hellaswag+winogrande,11,cr,0.6713165167186942,0.8845911286771297
base,mnli+qnli+qqp+record+snli+anli_r1+paws+imdb+squad_v2+hellaswag+winogrande,11,rotten_tomatoes,0.6874330792176936,0.8898736802595002
base,mnli+qnli+qqp+record+snli+anli_r1+paws+imdb+squad_v2+hellaswag+winogrande,11,multirc,0.6596095128250974,0.8757897942726102
base,mnli+qnli+qqp+record+snli+anli_r1+paws+imdb+squad_v2+hellaswag+winogrande,11,copa,0.5820211545963373,0.8529397925095898
base,mnli+qnli+qqp+record+snli+anli_r1+paws+imdb+squad_v2+hellaswag+winogrande,11,piqa,0.6616628326342574,0.8756929258150714
base,mnli+qnli+qqp+record+snli+anli_r1+paws+imdb+squad_v2+winogrande,10,mrpc,0.6353274200643811,0.8694636752562863
base,mnli+qnli+qqp+record+snli+anli_r1+paws+imdb+squad_v2+winogrande,10,boolq,0.6548787233020578,0.8744516457830157
base,mnli+qnli+qqp+record+snli+anli_r1+paws+imdb+squad_v2+winogrande,10,rte,0.6936854621661561,0.8924003152975014
base,mnli+qnli+qqp+record+snli+anli_r1+paws+imdb+squad_v2+winogrande,10,cola,0.6192418880361531,0.8627509051667792
base,mnli+qnli+qqp+record+snli+anli_r1+paws+imdb+squad_v2+winogrande,10,cb,0.6910908706486225,0.8968236041920525
base,mnli+qnli+qqp+record+snli+anli_r1+paws+imdb+squad_v2+winogrande,10,scitail,0.7170956842601299,0.891729671774166
base,mnli+qnli+qqp+record+snli+anli_r1+paws+imdb+squad_v2+winogrande,10,stsb,0.5586900680458972,0.8482214922883681
base,mnli+qnli+qqp+record+snli+anli_r1+paws+imdb+squad_v2+winogrande,10,cr,0.6699042116025729,0.8845340316849095
base,mnli+qnli+qqp+record+snli+anli_r1+paws+imdb+squad_v2+winogrande,10,rotten_tomatoes,0.6864385048060545,0.8899396524897644
base,mnli+qnli+qqp+record+snli+anli_r1+paws+imdb+squad_v2+winogrande,10,multirc,0.6590110569127968,0.875758209930999
base,mnli+qnli+qqp+record+snli+anli_r1+paws+imdb+squad_v2+winogrande,10,copa,0.5771693381081734,0.8515625428408384
base,mnli+qnli+qqp+record+snli+anli_r1+paws+imdb+squad_v2+winogrande,10,piqa,0.6425467643753758,0.8706870169511863
base,mnli+qnli+qqp+record+snli+anli_r1+paws+imdb+winogrande,9,mrpc,0.6186249338622604,0.8692590131291321
base,mnli+qnli+qqp+record+snli+anli_r1+paws+imdb+winogrande,9,boolq,0.6334338446946016,0.8750017290668828
base,mnli+qnli+qqp+record+snli+anli_r1+paws+imdb+winogrande,9,rte,0.6786644198000431,0.8938794295702662
base,mnli+qnli+qqp+record+snli+anli_r1+paws+imdb+winogrande,9,cola,0.6006918135764343,0.8603428942816598
base,mnli+qnli+qqp+record+snli+anli_r1+paws+imdb+winogrande,9,cb,0.6765371454613549,0.8985684450183596
base,mnli+qnli+qqp+record+snli+anli_r1+paws+imdb+winogrande,9,scitail,0.707526721060276,0.892740290079798
base,mnli+qnli+qqp+record+snli+anli_r1+paws+imdb+winogrande,9,stsb,0.5411066798094127,0.8475316182843277
base,mnli+qnli+qqp+record+snli+anli_r1+paws+imdb+winogrande,9,cr,0.6518908573447594,0.8861042138721261
base,mnli+qnli+qqp+record+snli+anli_r1+paws+imdb+winogrande,9,rotten_tomatoes,0.6695850637209203,0.8913248662969896
base,mnli+qnli+qqp+record+snli+anli_r1+paws+imdb+winogrande,9,multirc,0.6340731187457485,0.8752427782331195
base,mnli+qnli+qqp+record+snli+anli_r1+paws+imdb+winogrande,9,copa,0.5538746703948293,0.850393198164446
base,mnli+qnli+qqp+record+snli+anli_r1+paws+imdb+winogrande,9,piqa,0.6247676920944026,0.8712429135505643
base,mnli+qnli+qqp+record+snli+anli_r1+paws+squad_v2,8,mrpc,0.6290585417300463,0.8684267806155341
base,mnli+qnli+qqp+record+snli+anli_r1+paws+squad_v2,8,boolq,0.6499603831076196,0.8740892577916384
base,mnli+qnli+qqp+record+snli+anli_r1+paws+squad_v2,8,rte,0.6885555503623826,0.8915493009345872
base,mnli+qnli+qqp+record+snli+anli_r1+paws+squad_v2,8,cola,0.6130564287304878,0.8616555061723504
base,mnli+qnli+qqp+record+snli+anli_r1+paws+squad_v2,8,cb,0.6826421033058848,0.8950585717601436
base,mnli+qnli+qqp+record+snli+anli_r1+paws+squad_v2,8,scitail,0.7151459990335363,0.8915772757359913
base,mnli+qnli+qqp+record+snli+anli_r1+paws+squad_v2,8,stsb,0.5555005777028522,0.8480204918554851
base,mnli+qnli+qqp+record+snli+anli_r1+paws+squad_v2,8,cr,0.6105085788294673,0.860458656879408
base,mnli+qnli+qqp+record+snli+anli_r1+paws+squad_v2,8,rotten_tomatoes,0.6082936475452568,0.8585007706923145
base,mnli+qnli+qqp+record+snli+anli_r1+paws+squad_v2,8,multirc,0.6557452844322792,0.8757219923926252
base,mnli+qnli+qqp+record+snli+anli_r1+paws+squad_v2,8,copa,0.5673725420742163,0.848628434751715
base,mnli+qnli+qqp+record+snli+anli_r1+paws+squad_v2,8,piqa,0.599078981904313,0.8551003549780164
base,mnli+qnli+qqp+record+snli+anli_r1+paws+squad_v2+hellaswag,9,mrpc,0.6310090643486806,0.8685378820768425
base,mnli+qnli+qqp+record+snli+anli_r1+paws+squad_v2+hellaswag,9,boolq,0.6527121019150529,0.8742062273834433
base,mnli+qnli+qqp+record+snli+anli_r1+paws+squad_v2+hellaswag,9,rte,0.6904637861464705,0.8917389112923827
base,mnli+qnli+qqp+record+snli+anli_r1+paws+squad_v2+hellaswag,9,cola,0.6148383755769048,0.8617863774831805
base,mnli+qnli+qqp+record+snli+anli_r1+paws+squad_v2+hellaswag,9,cb,0.6856531293264457,0.8953010886907578
base,mnli+qnli+qqp+record+snli+anli_r1+paws+squad_v2+hellaswag,9,scitail,0.7157891876995564,0.8915186846362693
base,mnli+qnli+qqp+record+snli+anli_r1+paws+squad_v2+hellaswag,9,stsb,0.557862755210538,0.848302665299603
base,mnli+qnli+qqp+record+snli+anli_r1+paws+squad_v2+hellaswag,9,cr,0.6125866951354381,0.8606691525450775
base,mnli+qnli+qqp+record+snli+anli_r1+paws+squad_v2+hellaswag,9,rotten_tomatoes,0.6097741148966763,0.8585654784526143
base,mnli+qnli+qqp+record+snli+anli_r1+paws+squad_v2+hellaswag,9,multirc,0.6583615293327186,0.8757738021335432
base,mnli+qnli+qqp+record+snli+anli_r1+paws+squad_v2+hellaswag,9,copa,0.5723805674351752,0.8503900657274893
base,mnli+qnli+qqp+record+snli+anli_r1+paws+squad_v2+hellaswag,9,piqa,0.6267834606780005,0.8667123083557401
base,mnli+qnli+qqp+record+snli+anli_r1+paws+squad_v2+hellaswag+winogrande,10,mrpc,0.6334392415093524,0.8686722527657237
base,mnli+qnli+qqp+record+snli+anli_r1+paws+squad_v2+hellaswag+winogrande,10,boolq,0.6543922868690321,0.8742809806551252
base,mnli+qnli+qqp+record+snli+anli_r1+paws+squad_v2+hellaswag+winogrande,10,rte,0.6917379610240459,0.8915521114000252
base,mnli+qnli+qqp+record+snli+anli_r1+paws+squad_v2+hellaswag+winogrande,10,cola,0.6169606775178441,0.8619969348822322
base,mnli+qnli+qqp+record+snli+anli_r1+paws+squad_v2+hellaswag+winogrande,10,cb,0.6865261644124985,0.89514932302492
base,mnli+qnli+qqp+record+snli+anli_r1+paws+squad_v2+hellaswag+winogrande,10,scitail,0.7162310811025756,0.8914450622562852
base,mnli+qnli+qqp+record+snli+anli_r1+paws+squad_v2+hellaswag+winogrande,10,stsb,0.5596272094574358,0.8483419633869614
base,mnli+qnli+qqp+record+snli+anli_r1+paws+squad_v2+hellaswag+winogrande,10,cr,0.615397347070809,0.8609947540930339
base,mnli+qnli+qqp+record+snli+anli_r1+paws+squad_v2+hellaswag+winogrande,10,rotten_tomatoes,0.6124301130351212,0.8589366738285337
base,mnli+qnli+qqp+record+snli+anli_r1+paws+squad_v2+hellaswag+winogrande,10,multirc,0.6594733159456935,0.8758055785936969
base,mnli+qnli+qqp+record+snli+anli_r1+paws+squad_v2+hellaswag+winogrande,10,copa,0.5789747389166483,0.8523954616061279
base,mnli+qnli+qqp+record+snli+anli_r1+paws+squad_v2+hellaswag+winogrande,10,piqa,0.6607165460341743,0.8756832850298711
base,mnli+qnli+qqp+record+snli+anli_r1+paws+squad_v2+winogrande,9,mrpc,0.6321563965507916,0.8685248680412769
base,mnli+qnli+qqp+record+snli+anli_r1+paws+squad_v2+winogrande,9,boolq,0.6539315568017108,0.8742158407611507
base,mnli+qnli+qqp+record+snli+anli_r1+paws+squad_v2+winogrande,9,rte,0.6901194088693176,0.8913838895303863
base,mnli+qnli+qqp+record+snli+anli_r1+paws+squad_v2+winogrande,9,cola,0.6155656746455601,0.8618346005678177
base,mnli+qnli+qqp+record+snli+anli_r1+paws+squad_v2+winogrande,9,cb,0.6840973174465554,0.8949058359222752
base,mnli+qnli+qqp+record+snli+anli_r1+paws+squad_v2+winogrande,9,scitail,0.7159394845366478,0.8915005254426173
base,mnli+qnli+qqp+record+snli+anli_r1+paws+squad_v2+winogrande,9,stsb,0.5578557595477572,0.8481276157711234
base,mnli+qnli+qqp+record+snli+anli_r1+paws+squad_v2+winogrande,9,cr,0.6139540086234254,0.8608140030077526
base,mnli+qnli+qqp+record+snli+anli_r1+paws+squad_v2+winogrande,9,rotten_tomatoes,0.6114527325678084,0.858908895935331
base,mnli+qnli+qqp+record+snli+anli_r1+paws+squad_v2+winogrande,9,multirc,0.6589585555983442,0.8757738401847226
base,mnli+qnli+qqp+record+snli+anli_r1+paws+squad_v2+winogrande,9,copa,0.5741909355191248,0.8509757574647665
base,mnli+qnli+qqp+record+snli+anli_r1+paws+squad_v2+winogrande,9,piqa,0.6424352094930198,0.8706588175679956
base,mnli+qnli+qqp+record+snli+anli_r1+paws+winogrande,8,mrpc,0.6144718346851212,0.8682680034211704
base,mnli+qnli+qqp+record+snli+anli_r1+paws+winogrande,8,boolq,0.6306241297030023,0.8747584032160896
base,mnli+qnli+qqp+record+snli+anli_r1+paws+winogrande,8,rte,0.6745176637279136,0.8929122750248227
base,mnli+qnli+qqp+record+snli+anli_r1+paws+winogrande,8,cola,0.5961171133177621,0.8593939561396837
base,mnli+qnli+qqp+record+snli+anli_r1+paws+winogrande,8,cb,0.6682566579963479,0.8966772386005947
base,mnli+qnli+qqp+record+snli+anli_r1+paws+winogrande,8,scitail,0.7057578324207238,0.8924872845943485
base,mnli+qnli+qqp+record+snli+anli_r1+paws+winogrande,8,stsb,0.5398332327271679,0.8474512698927096
base,mnli+qnli+qqp+record+snli+anli_r1+paws+winogrande,8,cr,0.5953911318044577,0.8601559020046677
base,mnli+qnli+qqp+record+snli+anli_r1+paws+winogrande,8,rotten_tomatoes,0.5949415685608983,0.858132001544748
base,mnli+qnli+qqp+record+snli+anli_r1+paws+winogrande,8,multirc,0.6321467952802777,0.8752400393464735
base,mnli+qnli+qqp+record+snli+anli_r1+paws+winogrande,8,copa,0.5490726466689791,0.8495856845485312
base,mnli+qnli+qqp+record+snli+anli_r1+paws+winogrande,8,piqa,0.6238347973474967,0.8712455545152936
base,mnli+qnli+qqp+record+snli+anli_r1+squad_v2,7,mrpc,0.6278146638401917,0.867961702070066
base,mnli+qnli+qqp+record+snli+anli_r1+squad_v2,7,boolq,0.6025644737694945,0.8579304010740348
base,mnli+qnli+qqp+record+snli+anli_r1+squad_v2,7,rte,0.6878123094460794,0.8913361659007413
base,mnli+qnli+qqp+record+snli+anli_r1+squad_v2,7,cola,0.6122098503900426,0.8613648502422231
base,mnli+qnli+qqp+record+snli+anli_r1+squad_v2,7,cb,0.6837281805596181,0.8953873376761164
base,mnli+qnli+qqp+record+snli+anli_r1+squad_v2,7,scitail,0.7146168670483998,0.8913911200527634
base,mnli+qnli+qqp+record+snli+anli_r1+squad_v2,7,stsb,0.5545499741232821,0.8476675152778625
base,mnli+qnli+qqp+record+snli+anli_r1+squad_v2,7,cr,0.6096026140065598,0.8602409863046238
base,mnli+qnli+qqp+record+snli+anli_r1+squad_v2,7,rotten_tomatoes,0.6068740662719522,0.8582304354224887
base,mnli+qnli+qqp+record+snli+anli_r1+squad_v2,7,multirc,0.6177036858695958,0.8612207634640592
base,mnli+qnli+qqp+record+snli+anli_r1+squad_v2,7,copa,0.5665011116569596,0.8482848331332207
base,mnli+qnli+qqp+record+snli+anli_r1+squad_v2,7,piqa,0.597660153538787,0.854749175852963
base,mnli+qnli+qqp+record+snli+anli_r1+squad_v2+hellaswag,8,mrpc,0.6298280430159399,0.8681258367640632
base,mnli+qnli+qqp+record+snli+anli_r1+squad_v2+hellaswag,8,boolq,0.6046491629843201,0.8581026608922652
base,mnli+qnli+qqp+record+snli+anli_r1+squad_v2+hellaswag,8,rte,0.6901254025953156,0.891558550298214
base,mnli+qnli+qqp+record+snli+anli_r1+squad_v2+hellaswag,8,cola,0.6139778440286007,0.8615549845354897
base,mnli+qnli+qqp+record+snli+anli_r1+squad_v2+hellaswag,8,cb,0.6867863200604916,0.895690208034856
base,mnli+qnli+qqp+record+snli+anli_r1+squad_v2+hellaswag,8,scitail,0.7153641169092485,0.8913549911230803
base,mnli+qnli+qqp+record+snli+anli_r1+squad_v2+hellaswag,8,stsb,0.5571568696094411,0.8479841109365225
base,mnli+qnli+qqp+record+snli+anli_r1+squad_v2+hellaswag,8,cr,0.6118281928356737,0.860433555873377
base,mnli+qnli+qqp+record+snli+anli_r1+squad_v2+hellaswag,8,rotten_tomatoes,0.6085572024541241,0.8582946639508009
base,mnli+qnli+qqp+record+snli+anli_r1+squad_v2+hellaswag,8,multirc,0.6194572801302586,0.8613981806806156
base,mnli+qnli+qqp+record+snli+anli_r1+squad_v2+hellaswag,8,copa,0.5718837973129537,0.8502245545387268
base,mnli+qnli+qqp+record+snli+anli_r1+squad_v2+hellaswag,8,piqa,0.6260890265860196,0.8665377034672669
base,mnli+qnli+qqp+record+snli+anli_r1+squad_v2+hellaswag+winogrande,9,mrpc,0.6311943392668452,0.8682161553629807
base,mnli+qnli+qqp+record+snli+anli_r1+squad_v2+hellaswag+winogrande,9,boolq,0.6070406325161457,0.8583868095385176
base,mnli+qnli+qqp+record+snli+anli_r1+squad_v2+hellaswag+winogrande,9,rte,0.6908144474561725,0.8913962681378637
base,mnli+qnli+qqp+record+snli+anli_r1+squad_v2+hellaswag+winogrande,9,cola,0.6157144681949701,0.8617202112717288
base,mnli+qnli+qqp+record+snli+anli_r1+squad_v2+hellaswag+winogrande,9,cb,0.6878447354372058,0.8955580389925412
base,mnli+qnli+qqp+record+snli+anli_r1+squad_v2+hellaswag+winogrande,9,scitail,0.7158610903258834,0.8913017580551761
base,mnli+qnli+qqp+record+snli+anli_r1+squad_v2+hellaswag+winogrande,9,stsb,0.558916175737977,0.8480685608727592
base,mnli+qnli+qqp+record+snli+anli_r1+squad_v2+hellaswag+winogrande,9,cr,0.6146205697275166,0.8608288722378867
base,mnli+qnli+qqp+record+snli+anli_r1+squad_v2+hellaswag+winogrande,9,rotten_tomatoes,0.611265916310783,0.8587248634014811
base,mnli+qnli+qqp+record+snli+anli_r1+squad_v2+hellaswag+winogrande,9,multirc,0.6210168379225901,0.8615908455103636
base,mnli+qnli+qqp+record+snli+anli_r1+squad_v2+hellaswag+winogrande,9,copa,0.5787365016128335,0.8523303544414895
base,mnli+qnli+qqp+record+snli+anli_r1+squad_v2+hellaswag+winogrande,9,piqa,0.659702497734023,0.8755713129150016
base,mnli+qnli+qqp+record+snli+anli_r1+squad_v2+winogrande,8,mrpc,0.6297587435692549,0.8680592046252319
base,mnli+qnli+qqp+record+snli+anli_r1+squad_v2+winogrande,8,boolq,0.6056405642469015,0.8582425623067788
base,mnli+qnli+qqp+record+snli+anli_r1+squad_v2+winogrande,8,rte,0.6891895551234484,0.8911882122712476
base,mnli+qnli+qqp+record+snli+anli_r1+squad_v2+winogrande,8,cola,0.6142542027602238,0.8615252460752215
base,mnli+qnli+qqp+record+snli+anli_r1+squad_v2+winogrande,8,cb,0.6853368521801063,0.8952508994511196
base,mnli+qnli+qqp+record+snli+anli_r1+squad_v2+winogrande,8,scitail,0.715403291795935,0.8913316112011671
base,mnli+qnli+qqp+record+snli+anli_r1+squad_v2+winogrande,8,stsb,0.5569677683524787,0.8478176210607801
base,mnli+qnli+qqp+record+snli+anli_r1+squad_v2+winogrande,8,cr,0.6128635782349322,0.8606355945978846
base,mnli+qnli+qqp+record+snli+anli_r1+squad_v2+winogrande,8,rotten_tomatoes,0.6100343963397401,0.8586681974785668
base,mnli+qnli+qqp+record+snli+anli_r1+squad_v2+winogrande,8,multirc,0.6196434896971498,0.8614243103989533
base,mnli+qnli+qqp+record+snli+anli_r1+squad_v2+winogrande,8,copa,0.5735386233510715,0.8507877183812005
base,mnli+qnli+qqp+record+snli+anli_r1+squad_v2+winogrande,8,piqa,0.6415442697637316,0.8705076282577855
base,mnli+qnli+qqp+record+snli+anli_r1+winogrande,7,mrpc,0.6117345346137881,0.8677452722830432
base,mnli+qnli+qqp+record+snli+anli_r1+winogrande,7,boolq,0.587948115542531,0.8574155885726213
base,mnli+qnli+qqp+record+snli+anli_r1+winogrande,7,rte,0.6727906111627817,0.892709801771811
base,mnli+qnli+qqp+record+snli+anli_r1+winogrande,7,cola,0.5941222866864077,0.859081309022648
base,mnli+qnli+qqp+record+snli+anli_r1+winogrande,7,cb,0.6685641368052789,0.8970652472759996
base,mnli+qnli+qqp+record+snli+anli_r1+winogrande,7,scitail,0.7045994762863431,0.8923260657382863
base,mnli+qnli+qqp+record+snli+anli_r1+winogrande,7,stsb,0.5382553009715464,0.8471215673323188
base,mnli+qnli+qqp+record+snli+anli_r1+winogrande,7,cr,0.5934929290586817,0.8598802031150886
base,mnli+qnli+qqp+record+snli+anli_r1+winogrande,7,rotten_tomatoes,0.5928128954422262,0.8578663638659886
base,mnli+qnli+qqp+record+snli+anli_r1+winogrande,7,multirc,0.6002127353900245,0.8599733090294259
base,mnli+qnli+qqp+record+snli+anli_r1+winogrande,7,copa,0.547451318574271,0.8493956569582224
base,mnli+qnli+qqp+record+snli+anli_r1+winogrande,7,piqa,0.6221576500018793,0.871035902893969
base,mnli+qnli+qqp+record+snli+hellaswag,6,mrpc,0.6088882857667548,0.8666044832872493
base,mnli+qnli+qqp+record+snli+hellaswag,6,boolq,0.5876580108888447,0.8570484388619661
base,mnli+qnli+qqp+record+snli+hellaswag,6,rte,0.664876955694386,0.8899282413933959
base,mnli+qnli+qqp+record+snli+hellaswag,6,cola,0.5929845312078085,0.8584342058748007
base,mnli+qnli+qqp+record+snli+hellaswag,6,cb,0.6440529980297599,0.8881814096655164
base,mnli+qnli+qqp+record+snli+hellaswag,6,scitail,0.6988967939146927,0.8904418822910104
base,mnli+qnli+qqp+record+snli+hellaswag,6,stsb,0.5399563433602452,0.8471482922988278
base,mnli+qnli+qqp+record+snli+hellaswag,6,cr,0.5889223559559988,0.8584552766489131
base,mnli+qnli+qqp+record+snli+hellaswag,6,rotten_tomatoes,0.5902354577556252,0.8569414756659951
base,mnli+qnli+qqp+record+snli+hellaswag,6,multirc,0.6013835487621171,0.8598175801868949
base,mnli+qnli+qqp+record+snli+hellaswag,6,copa,0.545566249771842,0.8483554489378419
base,mnli+qnli+qqp+record+snli+hellaswag,6,piqa,0.6112527206673154,0.8671899956784078
base,mnli+qnli+qqp+record+snli+hellaswag+winogrande,7,mrpc,0.6116590316274336,0.8667428333844457
base,mnli+qnli+qqp+record+snli+hellaswag+winogrande,7,boolq,0.5914031827955374,0.8572586684354714
base,mnli+qnli+qqp+record+snli+hellaswag+winogrande,7,rte,0.6669942121952772,0.8897784054279327
base,mnli+qnli+qqp+record+snli+hellaswag+winogrande,7,cola,0.5957183105471943,0.8586673010140657
base,mnli+qnli+qqp+record+snli+hellaswag+winogrande,7,cb,0.6469640173017979,0.8880476121391568
base,mnli+qnli+qqp+record+snli+hellaswag+winogrande,7,scitail,0.6999023812157767,0.8903337576027427
base,mnli+qnli+qqp+record+snli+hellaswag+winogrande,7,stsb,0.5426793561450073,0.8472640918833869
base,mnli+qnli+qqp+record+snli+hellaswag+winogrande,7,cr,0.5936035441700369,0.8590059386832374
base,mnli+qnli+qqp+record+snli+hellaswag+winogrande,7,rotten_tomatoes,0.5942427484052522,0.8574000517172473
base,mnli+qnli+qqp+record+snli+hellaswag+winogrande,7,multirc,0.6039461063753281,0.860000508970448
base,mnli+qnli+qqp+record+snli+hellaswag+winogrande,7,copa,0.5544519095814654,0.8509141259959766
base,mnli+qnli+qqp+record+snli+hellaswag+winogrande,7,piqa,0.6450097246561199,0.8764173247452293
base,mnli+qnli+qqp+record+snli+imdb,6,mrpc,0.6109019942315561,0.8676301831645625
base,mnli+qnli+qqp+record+snli+imdb,6,boolq,0.5879604914890868,0.8572584800422192
base,mnli+qnli+qqp+record+snli+imdb,6,rte,0.6675266713968345,0.890935804694891
base,mnli+qnli+qqp+record+snli+imdb,6,cola,0.5958004955069295,0.8594803466860738
base,mnli+qnli+qqp+record+snli+imdb,6,cb,0.6500838396272489,0.8901711127587727
base,mnli+qnli+qqp+record+snli+imdb,6,scitail,0.6999365740588733,0.8908842386943954
base,mnli+qnli+qqp+record+snli+imdb,6,stsb,0.5384770307822951,0.8468570522964001
base,mnli+qnli+qqp+record+snli+imdb,6,cr,0.6470678582388375,0.885462054184505
base,mnli+qnli+qqp+record+snli+imdb,6,rotten_tomatoes,0.6675024240809891,0.8912737853825092
base,mnli+qnli+qqp+record+snli+imdb,6,multirc,0.6006884953406241,0.8596779799887112
base,mnli+qnli+qqp+record+snli+imdb,6,copa,0.5443518835652087,0.8468374665826559
base,mnli+qnli+qqp+record+snli+imdb,6,piqa,0.5817745598033071,0.8537947487618242
base,mnli+qnli+qqp+record+snli+imdb+hellaswag,7,mrpc,0.6137998529842922,0.8678082552339349
base,mnli+qnli+qqp+record+snli+imdb+hellaswag,7,boolq,0.5909666518813798,0.8575103929532426
base,mnli+qnli+qqp+record+snli+imdb+hellaswag,7,rte,0.6703928259334394,0.8911181076296738
base,mnli+qnli+qqp+record+snli+imdb+hellaswag,7,cola,0.5984717395289668,0.8596162817307881
base,mnli+qnli+qqp+record+snli+imdb+hellaswag,7,cb,0.6543201947850841,0.8906036940004144
base,mnli+qnli+qqp+record+snli+imdb+hellaswag,7,scitail,0.700935963009085,0.890773827742253
base,mnli+qnli+qqp+record+snli+imdb+hellaswag,7,stsb,0.5415285028783339,0.8472701252571174
base,mnli+qnli+qqp+record+snli+imdb+hellaswag,7,cr,0.6502853852164533,0.8855627636824336
base,mnli+qnli+qqp+record+snli+imdb+hellaswag,7,rotten_tomatoes,0.6699945869456444,0.8912343829870224
base,mnli+qnli+qqp+record+snli+imdb+hellaswag,7,multirc,0.6030388000820365,0.8599622316126313
base,mnli+qnli+qqp+record+snli+imdb+hellaswag,7,copa,0.5511899507338447,0.8493062087467739
base,mnli+qnli+qqp+record+snli+imdb+hellaswag,7,piqa,0.6124455895873585,0.8672476120825324
base,mnli+qnli+qqp+record+snli+imdb+hellaswag+winogrande,8,mrpc,0.6165005848077791,0.8678485846945218
base,mnli+qnli+qqp+record+snli+imdb+hellaswag+winogrande,8,boolq,0.5943947847533438,0.8577449835304704
base,mnli+qnli+qqp+record+snli+imdb+hellaswag+winogrande,8,rte,0.6723419084612813,0.890992748950209
base,mnli+qnli+qqp+record+snli+imdb+hellaswag+winogrande,8,cola,0.6009208924536195,0.8597997267331395
base,mnli+qnli+qqp+record+snli+imdb+hellaswag+winogrande,8,cb,0.6567693288837161,0.8904792315193585
base,mnli+qnli+qqp+record+snli+imdb+hellaswag+winogrande,8,scitail,0.7019758354872465,0.8906607194138425
base,mnli+qnli+qqp+record+snli+imdb+hellaswag+winogrande,8,stsb,0.5440268087799528,0.8473793092582907
base,mnli+qnli+qqp+record+snli+imdb+hellaswag+winogrande,8,cr,0.6534577803686261,0.8857449202665261
base,mnli+qnli+qqp+record+snli+imdb+hellaswag+winogrande,8,rotten_tomatoes,0.6720826766187591,0.8913028751100812
base,mnli+qnli+qqp+record+snli+imdb+hellaswag+winogrande,8,multirc,0.6053585122738566,0.8601211639387267
base,mnli+qnli+qqp+record+snli+imdb+hellaswag+winogrande,8,copa,0.5599204981034356,0.8517713717051915
base,mnli+qnli+qqp+record+snli+imdb+hellaswag+winogrande,8,piqa,0.645757115246462,0.8764326644263097
base,mnli+qnli+qqp+record+snli+imdb+squad_v2,7,mrpc,0.6296796250556197,0.8678953498601913
base,mnli+qnli+qqp+record+snli+imdb+squad_v2,7,boolq,0.6065817352916513,0.8581982909568718
base,mnli+qnli+qqp+record+snli+imdb+squad_v2,7,rte,0.684863290350352,0.889391803847892
base,mnli+qnli+qqp+record+snli+imdb+squad_v2,7,cola,0.6167211420168834,0.8618367971586329
base,mnli+qnli+qqp+record+snli+imdb+squad_v2,7,cb,0.6686448885926178,0.8883819995181901
base,mnli+qnli+qqp+record+snli+imdb+squad_v2,7,scitail,0.7116439079067537,0.8898255569594247
base,mnli+qnli+qqp+record+snli+imdb+squad_v2,7,stsb,0.5577981435760323,0.8476492685398885
base,mnli+qnli+qqp+record+snli+imdb+squad_v2,7,cr,0.6685580496809312,0.883909502199718
base,mnli+qnli+qqp+record+snli+imdb+squad_v2,7,rotten_tomatoes,0.687355525791645,0.889748962862151
base,mnli+qnli+qqp+record+snli+imdb+squad_v2,7,multirc,0.6207245709374547,0.8612526820174286
base,mnli+qnli+qqp+record+snli+imdb+squad_v2,7,copa,0.5712871672585607,0.8487275245466402
base,mnli+qnli+qqp+record+snli+imdb+squad_v2,7,piqa,0.6007019449690623,0.8548323062381574
base,mnli+qnli+qqp+record+snli+imdb+squad_v2+hellaswag,8,mrpc,0.6315841278327363,0.8680496497878006
base,mnli+qnli+qqp+record+snli+imdb+squad_v2+hellaswag,8,boolq,0.6085014432402593,0.8584075011312962
base,mnli+qnli+qqp+record+snli+imdb+squad_v2+hellaswag,8,rte,0.6870767583272287,0.8896305098065308
base,mnli+qnli+qqp+record+snli+imdb+squad_v2+hellaswag,8,cola,0.6187270214515073,0.862027525103518
base,mnli+qnli+qqp+record+snli+imdb+squad_v2+hellaswag,8,cb,0.6718400889741523,0.8887895164745194
base,mnli+qnli+qqp+record+snli+imdb+squad_v2+hellaswag,8,scitail,0.7122341865407569,0.8898267639534814
base,mnli+qnli+qqp+record+snli+imdb+squad_v2+hellaswag,8,stsb,0.5602613924337285,0.8479570339300803
base,mnli+qnli+qqp+record+snli+imdb+squad_v2+hellaswag,8,cr,0.6697708444802889,0.88398505960192
base,mnli+qnli+qqp+record+snli+imdb+squad_v2+hellaswag,8,rotten_tomatoes,0.6880728815283094,0.8897611046476024
base,mnli+qnli+qqp+record+snli+imdb+squad_v2+hellaswag,8,multirc,0.6224524608946272,0.8614155338811023
base,mnli+qnli+qqp+record+snli+imdb+squad_v2+hellaswag,8,copa,0.5767507548443973,0.8507685243551221
base,mnli+qnli+qqp+record+snli+imdb+squad_v2+hellaswag,8,piqa,0.6298353923152068,0.8666142070932048
base,mnli+qnli+qqp+record+snli+imdb+squad_v2+hellaswag+winogrande,9,mrpc,0.634177662964378,0.8681484482118061
base,mnli+qnli+qqp+record+snli+imdb+squad_v2+hellaswag+winogrande,9,boolq,0.6109418374087129,0.8586021041763681
base,mnli+qnli+qqp+record+snli+imdb+squad_v2+hellaswag+winogrande,9,rte,0.6882661075464317,0.889478782990149
base,mnli+qnli+qqp+record+snli+imdb+squad_v2+hellaswag+winogrande,9,cola,0.620244324406875,0.8621584573494536
base,mnli+qnli+qqp+record+snli+imdb+squad_v2+hellaswag+winogrande,9,cb,0.6728662124701908,0.8886941394635609
base,mnli+qnli+qqp+record+snli+imdb+squad_v2+hellaswag+winogrande,9,scitail,0.7126368316156524,0.8897389780197825
base,mnli+qnli+qqp+record+snli+imdb+squad_v2+hellaswag+winogrande,9,stsb,0.562056974042207,0.8480197358876467
base,mnli+qnli+qqp+record+snli+imdb+squad_v2+hellaswag+winogrande,9,cr,0.6720516606500107,0.8841535161648478
base,mnli+qnli+qqp+record+snli+imdb+squad_v2+hellaswag+winogrande,9,rotten_tomatoes,0.6897618513155196,0.8898681205298219
base,mnli+qnli+qqp+record+snli+imdb+squad_v2+hellaswag+winogrande,9,multirc,0.6240810546358782,0.861543744802475
base,mnli+qnli+qqp+record+snli+imdb+squad_v2+hellaswag+winogrande,9,copa,0.5841551768992629,0.8527704759367875
base,mnli+qnli+qqp+record+snli+imdb+squad_v2+hellaswag+winogrande,9,piqa,0.6656699942957077,0.8756166121789387
base,mnli+qnli+qqp+record+snli+imdb+squad_v2+winogrande,8,mrpc,0.6315018595861537,0.8679832012525627
base,mnli+qnli+qqp+record+snli+imdb+squad_v2+winogrande,8,boolq,0.6094486392103136,0.8584438932261297
base,mnli+qnli+qqp+record+snli+imdb+squad_v2+winogrande,8,rte,0.6861963157675096,0.8892676298107419
base,mnli+qnli+qqp+record+snli+imdb+squad_v2+winogrande,8,cola,0.6188349826926631,0.8620018381625414
base,mnli+qnli+qqp+record+snli+imdb+squad_v2+winogrande,8,cb,0.6701795711581197,0.8882750810257026
base,mnli+qnli+qqp+record+snli+imdb+squad_v2+winogrande,8,scitail,0.7123736321393933,0.8897218422165939
base,mnli+qnli+qqp+record+snli+imdb+squad_v2+winogrande,8,stsb,0.5601172697331224,0.8478120892707791
base,mnli+qnli+qqp+record+snli+imdb+squad_v2+winogrande,8,cr,0.6711038920496192,0.8840963042208126
base,mnli+qnli+qqp+record+snli+imdb+squad_v2+winogrande,8,rotten_tomatoes,0.6893723028312836,0.8899234155459064
base,mnli+qnli+qqp+record+snli+imdb+squad_v2+winogrande,8,multirc,0.6225508632404464,0.8613914610551936
base,mnli+qnli+qqp+record+snli+imdb+squad_v2+winogrande,8,copa,0.5784497265038746,0.8512259519525937
base,mnli+qnli+qqp+record+snli+imdb+squad_v2+winogrande,8,piqa,0.6456532485982669,0.870533420571259
base,mnli+qnli+qqp+record+snli+imdb+winogrande,7,mrpc,0.6140842168991055,0.8676996906953198
base,mnli+qnli+qqp+record+snli+imdb+winogrande,7,boolq,0.5920574926505131,0.8575901149639061
base,mnli+qnli+qqp+record+snli+imdb+winogrande,7,rte,0.6696678474545479,0.8907940510128226
base,mnli+qnli+qqp+record+snli+imdb+winogrande,7,cola,0.5988131224709962,0.8595932035573891
base,mnli+qnli+qqp+record+snli+imdb+winogrande,7,cb,0.6528397878365857,0.890008267547403
base,mnli+qnli+qqp+record+snli+imdb+winogrande,7,scitail,0.7010749716843877,0.8907545983259167
base,mnli+qnli+qqp+record+snli+imdb+winogrande,7,stsb,0.5414933232989695,0.8470928607774633
base,mnli+qnli+qqp+record+snli+imdb+winogrande,7,cr,0.6517601003205138,0.8856615397546973
base,mnli+qnli+qqp+record+snli+imdb+winogrande,7,rotten_tomatoes,0.6712858852531228,0.891326157110078
base,mnli+qnli+qqp+record+snli+imdb+winogrande,7,multirc,0.6034087667108646,0.8599065481019872
base,mnli+qnli+qqp+record+snli+imdb+winogrande,7,copa,0.5532978797730591,0.8499808274209499
base,mnli+qnli+qqp+record+snli+imdb+winogrande,7,piqa,0.6260689557197371,0.870998582935759
base,mnli+qnli+qqp+record+snli+paws,6,mrpc,0.6085240239543575,0.8669499100318977
base,mnli+qnli+qqp+record+snli+paws,6,boolq,0.6291917251156909,0.874463247933558
base,mnli+qnli+qqp+record+snli+paws,6,rte,0.663821356104953,0.8898938111960888
base,mnli+qnli+qqp+record+snli+paws,6,cola,0.5922228367333966,0.8585324516253812
base,mnli+qnli+qqp+record+snli+paws,6,cb,0.6396223296012197,0.8872021702783448
base,mnli+qnli+qqp+record+snli+paws,6,scitail,0.698962126193302,0.8907342068850994
base,mnli+qnli+qqp+record+snli+paws,6,stsb,0.5385023419346128,0.8471039113189492
base,mnli+qnli+qqp+record+snli+paws,6,cr,0.5876655287907592,0.8585039089832988
base,mnli+qnli+qqp+record+snli+paws,6,rotten_tomatoes,0.5900555131291705,0.8571173130933728
base,mnli+qnli+qqp+record+snli+paws,6,multirc,0.6318278245494834,0.8750309262956891
base,mnli+qnli+qqp+record+snli+paws,6,copa,0.540538574036743,0.8462456696267638
base,mnli+qnli+qqp+record+snli+paws,6,piqa,0.5827564483375421,0.8541563358157873
base,mnli+qnli+qqp+record+snli+paws+hellaswag,7,mrpc,0.6115756287638631,0.8671607747673988
base,mnli+qnli+qqp+record+snli+paws+hellaswag,7,boolq,0.6315813727809915,0.874518271535635
base,mnli+qnli+qqp+record+snli+paws+hellaswag,7,rte,0.6674421288605247,0.8901919908821583
base,mnli+qnli+qqp+record+snli+paws+hellaswag,7,cola,0.5951608517872435,0.8587618983749833
base,mnli+qnli+qqp+record+snli+paws+hellaswag,7,cb,0.6445849881108318,0.8877556132418769
base,mnli+qnli+qqp+record+snli+paws+hellaswag,7,scitail,0.7002510918038232,0.8906558230519295
base,mnli+qnli+qqp+record+snli+paws+hellaswag,7,stsb,0.5415929606450456,0.8474385882062572
base,mnli+qnli+qqp+record+snli+paws+hellaswag,7,cr,0.5911988172281001,0.8587496083761964
base,mnli+qnli+qqp+record+snli+paws+hellaswag,7,rotten_tomatoes,0.5926406852501843,0.8572210358189685
base,mnli+qnli+qqp+record+snli+paws+hellaswag,7,multirc,0.6342879242396781,0.8751349326755319
base,mnli+qnli+qqp+record+snli+paws+hellaswag,7,copa,0.5472748640126416,0.8484628168599946
base,mnli+qnli+qqp+record+snli+paws+hellaswag,7,piqa,0.6129921214388949,0.8674361045871463
base,mnli+qnli+qqp+record+snli+paws+hellaswag+winogrande,8,mrpc,0.6142181679606438,0.8672632569713252
base,mnli+qnli+qqp+record+snli+paws+hellaswag+winogrande,8,boolq,0.6357144199178687,0.8746481535157987
base,mnli+qnli+qqp+record+snli+paws+hellaswag+winogrande,8,rte,0.6688419737453971,0.8900066252265658
base,mnli+qnli+qqp+record+snli+paws+hellaswag+winogrande,8,cola,0.5974339269367712,0.8589772355875799
base,mnli+qnli+qqp+record+snli+paws+hellaswag+winogrande,8,cb,0.646987909451127,0.8877121412328312
base,mnli+qnli+qqp+record+snli+paws+hellaswag+winogrande,8,scitail,0.7010021699326379,0.8905351271054575
base,mnli+qnli+qqp+record+snli+paws+hellaswag+winogrande,8,stsb,0.5440072368364781,0.8475736337048667
base,mnli+qnli+qqp+record+snli+paws+hellaswag+winogrande,8,cr,0.595296174287796,0.8593069131353072
base,mnli+qnli+qqp+record+snli+paws+hellaswag+winogrande,8,rotten_tomatoes,0.5962363521435431,0.8576391541532108
base,mnli+qnli+qqp+record+snli+paws+hellaswag+winogrande,8,multirc,0.6378820753390235,0.8751883264631033
base,mnli+qnli+qqp+record+snli+paws+hellaswag+winogrande,8,copa,0.5555969583136695,0.8509827354656798
base,mnli+qnli+qqp+record+snli+paws+hellaswag+winogrande,8,piqa,0.6460252625734678,0.8765737677791289
base,mnli+qnli+qqp+record+snli+paws+imdb,7,mrpc,0.6138721487617919,0.8680978550442627
base,mnli+qnli+qqp+record+snli+paws+imdb,7,boolq,0.6315922950660544,0.8747550270387104
base,mnli+qnli+qqp+record+snli+paws+imdb,7,rte,0.669628185619201,0.8911536186933517
base,mnli+qnli+qqp+record+snli+paws+imdb,7,cola,0.59789337091414,0.859703727332609
base,mnli+qnli+qqp+record+snli+paws+imdb,7,cb,0.6500586484159742,0.8897856404738766
base,mnli+qnli+qqp+record+snli+paws+imdb,7,scitail,0.7012031014476504,0.8910740220120975
base,mnli+qnli+qqp+record+snli+paws+imdb,7,stsb,0.5402172785917563,0.847217596801264
base,mnli+qnli+qqp+record+snli+paws+imdb,7,cr,0.6480368404383106,0.8853637714471135
base,mnli+qnli+qqp+record+snli+paws+imdb,7,rotten_tomatoes,0.668651777120041,0.8910799407001052
base,mnli+qnli+qqp+record+snli+paws+imdb,7,multirc,0.6330869023555091,0.8750589157321623
base,mnli+qnli+qqp+record+snli+paws+imdb,7,copa,0.5460535346397332,0.8471683330301728
base,mnli+qnli+qqp+record+snli+paws+imdb,7,piqa,0.5844640848226845,0.8542978681091752
base,mnli+qnli+qqp+record+snli+paws+imdb+hellaswag,8,mrpc,0.6163354010454246,0.8683123567274639
base,mnli+qnli+qqp+record+snli+paws+imdb+hellaswag,8,boolq,0.6338982425097909,0.8748036439397505
base,mnli+qnli+qqp+record+snli+paws+imdb+hellaswag,8,rte,0.6722297899957214,0.8913803393287318
base,mnli+qnli+qqp+record+snli+paws+imdb+hellaswag,8,cola,0.6003178088659686,0.8599431245986905
base,mnli+qnli+qqp+record+snli+paws+imdb+hellaswag,8,cb,0.6542455447571618,0.8901807995779174
base,mnli+qnli+qqp+record+snli+paws+imdb+hellaswag,8,scitail,0.7021567395755223,0.8909681984888655
base,mnli+qnli+qqp+record+snli+paws+imdb+hellaswag,8,stsb,0.5430384306569717,0.8475339556378978
base,mnli+qnli+qqp+record+snli+paws+imdb+hellaswag,8,cr,0.650728208212448,0.8854414112865925
base,mnli+qnli+qqp+record+snli+paws+imdb+hellaswag,8,rotten_tomatoes,0.6705943608789572,0.8910459703100579
base,mnli+qnli+qqp+record+snli+paws+imdb+hellaswag,8,multirc,0.635154134660427,0.8751529750547239
base,mnli+qnli+qqp+record+snli+paws+imdb+hellaswag,8,copa,0.5524306849443487,0.8493472034377711
base,mnli+qnli+qqp+record+snli+paws+imdb+hellaswag,8,piqa,0.6140596261913223,0.8674949314445257
base,mnli+qnli+qqp+record+snli+paws+imdb+hellaswag+winogrande,9,mrpc,0.6185461974569729,0.8683577036218983
base,mnli+qnli+qqp+record+snli+paws+imdb+hellaswag+winogrande,9,boolq,0.6374781794979104,0.8749102061348302
base,mnli+qnli+qqp+record+snli+paws+imdb+hellaswag+winogrande,9,rte,0.6736503629279988,0.891187349068267
base,mnli+qnli+qqp+record+snli+paws+imdb+hellaswag+winogrande,9,cola,0.6022283402271569,0.8600618605102811
base,mnli+qnli+qqp+record+snli+paws+imdb+hellaswag+winogrande,9,cb,0.6563993487507105,0.8900498540273735
base,mnli+qnli+qqp+record+snli+paws+imdb+hellaswag+winogrande,9,scitail,0.7031832151114941,0.8908625492560012
base,mnli+qnli+qqp+record+snli+paws+imdb+hellaswag+winogrande,9,stsb,0.5453046628140977,0.8476741625262159
base,mnli+qnli+qqp+record+snli+paws+imdb+hellaswag+winogrande,9,cr,0.653846659165408,0.8856303824910096
base,mnli+qnli+qqp+record+snli+paws+imdb+hellaswag+winogrande,9,rotten_tomatoes,0.6729346988057452,0.8911222267363753
base,mnli+qnli+qqp+record+snli+paws+imdb+hellaswag+winogrande,9,multirc,0.6385279905849269,0.8751858983721051
base,mnli+qnli+qqp+record+snli+paws+imdb+hellaswag+winogrande,9,copa,0.560630379045116,0.8518008249146598
base,mnli+qnli+qqp+record+snli+paws+imdb+hellaswag+winogrande,9,piqa,0.6464929954215352,0.8765439268733773
base,mnli+qnli+qqp+record+snli+paws+imdb+squad_v2,8,mrpc,0.6324360402567046,0.8683584742248058
base,mnli+qnli+qqp+record+snli+paws+imdb+squad_v2,8,boolq,0.6555811412898558,0.8742289910359042
base,mnli+qnli+qqp+record+snli+paws+imdb+squad_v2,8,rte,0.6861100611942155,0.8896681799420288
base,mnli+qnli+qqp+record+snli+paws+imdb+squad_v2,8,cola,0.6181979505345225,0.8620943778327533
base,mnli+qnli+qqp+record+snli+paws+imdb+squad_v2,8,cb,0.6679402509970325,0.8880929345531123
base,mnli+qnli+qqp+record+snli+paws+imdb+squad_v2,8,scitail,0.7121442604277816,0.890039491600224
base,mnli+qnli+qqp+record+snli+paws+imdb+squad_v2,8,stsb,0.5588202332811696,0.8480016488049712
base,mnli+qnli+qqp+record+snli+paws+imdb+squad_v2,8,cr,0.6682014066193785,0.8837793884532792
base,mnli+qnli+qqp+record+snli+paws+imdb+squad_v2,8,rotten_tomatoes,0.686989378051034,0.8896124410842147
base,mnli+qnli+qqp+record+snli+paws+imdb+squad_v2,8,multirc,0.6605572040591922,0.8756210633686611
base,mnli+qnli+qqp+record+snli+paws+imdb+squad_v2,8,copa,0.5722645006940833,0.8489745288555112
base,mnli+qnli+qqp+record+snli+paws+imdb+squad_v2,8,piqa,0.6025169157156987,0.85520929311003
base,mnli+qnli+qqp+record+snli+paws+imdb+squad_v2+hellaswag,9,mrpc,0.6341366719986711,0.8685061830495086
base,mnli+qnli+qqp+record+snli+paws+imdb+squad_v2+hellaswag,9,boolq,0.6576893405456629,0.8743102436086961
base,mnli+qnli+qqp+record+snli+paws+imdb+squad_v2+hellaswag,9,rte,0.6881818827241659,0.8898645245603153
base,mnli+qnli+qqp+record+snli+paws+imdb+squad_v2+hellaswag,9,cola,0.6197408665237683,0.8622702769935131
base,mnli+qnli+qqp+record+snli+paws+imdb+squad_v2+hellaswag,9,cb,0.6709867750427553,0.8884624923978534
base,mnli+qnli+qqp+record+snli+paws+imdb+squad_v2+hellaswag,9,scitail,0.712746677388038,0.8899880759418011
base,mnli+qnli+qqp+record+snli+paws+imdb+squad_v2+hellaswag,9,stsb,0.561175938429577,0.848279152863792
base,mnli+qnli+qqp+record+snli+paws+imdb+squad_v2+hellaswag,9,cr,0.670183476193675,0.8838567558143821
base,mnli+qnli+qqp+record+snli+paws+imdb+squad_v2+hellaswag,9,rotten_tomatoes,0.6886260840110481,0.8895801515983683
base,mnli+qnli+qqp+record+snli+paws+imdb+squad_v2+hellaswag,9,multirc,0.6624763319268823,0.8756770393145936
base,mnli+qnli+qqp+record+snli+paws+imdb+squad_v2+hellaswag,9,copa,0.5774401801505259,0.8507918853844915
base,mnli+qnli+qqp+record+snli+paws+imdb+squad_v2+hellaswag,9,piqa,0.6306963162496686,0.8667741268873215
base,mnli+qnli+qqp+record+snli+paws+imdb+squad_v2+hellaswag+winogrande,10,mrpc,0.6353643044297185,0.8686009459197521
base,mnli+qnli+qqp+record+snli+paws+imdb+squad_v2+hellaswag+winogrande,10,boolq,0.659346637183002,0.8744109884968826
base,mnli+qnli+qqp+record+snli+paws+imdb+squad_v2+hellaswag+winogrande,10,rte,0.6894370495740857,0.8897107993917805
base,mnli+qnli+qqp+record+snli+paws+imdb+squad_v2+hellaswag+winogrande,10,cola,0.6209911076085908,0.8624194378831557
base,mnli+qnli+qqp+record+snli+paws+imdb+squad_v2+hellaswag+winogrande,10,cb,0.6717402740780797,0.8883646641458783
base,mnli+qnli+qqp+record+snli+paws+imdb+squad_v2+hellaswag+winogrande,10,scitail,0.7131270010556493,0.8899041925157819
base,mnli+qnli+qqp+record+snli+paws+imdb+squad_v2+hellaswag+winogrande,10,stsb,0.5627220649538296,0.8483087399176189
base,mnli+qnli+qqp+record+snli+paws+imdb+squad_v2+hellaswag+winogrande,10,cr,0.6729279277580125,0.884010056832007
base,mnli+qnli+qqp+record+snli+paws+imdb+squad_v2+hellaswag+winogrande,10,rotten_tomatoes,0.6908985610519137,0.8897026287657874
base,mnli+qnli+qqp+record+snli+paws+imdb+squad_v2+hellaswag+winogrande,10,multirc,0.6637805786782077,0.8757159430533648
base,mnli+qnli+qqp+record+snli+paws+imdb+squad_v2+hellaswag+winogrande,10,copa,0.5843518538666623,0.8527810320790324
base,mnli+qnli+qqp+record+snli+paws+imdb+squad_v2+hellaswag+winogrande,10,piqa,0.6656022895393627,0.8757400792092085
base,mnli+qnli+qqp+record+snli+paws+imdb+squad_v2+winogrande,9,mrpc,0.6340245093618121,0.8684739230998925
base,mnli+qnli+qqp+record+snli+paws+imdb+squad_v2+winogrande,9,boolq,0.6579749413899013,0.8743427909378495
base,mnli+qnli+qqp+record+snli+paws+imdb+squad_v2+winogrande,9,rte,0.6873042325356177,0.8895350684012685
base,mnli+qnli+qqp+record+snli+paws+imdb+squad_v2+winogrande,9,cola,0.6198443469059255,0.8622375213141952
base,mnli+qnli+qqp+record+snli+paws+imdb+squad_v2+winogrande,9,cb,0.669125586482031,0.8879752441176346
base,mnli+qnli+qqp+record+snli+paws+imdb+squad_v2+winogrande,9,scitail,0.7127685983266149,0.8899460445557322
base,mnli+qnli+qqp+record+snli+paws+imdb+squad_v2+winogrande,9,stsb,0.5609416233242622,0.8481066157775266
base,mnli+qnli+qqp+record+snli+paws+imdb+squad_v2+winogrande,9,cr,0.6713486102941845,0.883944749299969
base,mnli+qnli+qqp+record+snli+paws+imdb+squad_v2+winogrande,9,rotten_tomatoes,0.6898853669741324,0.8897645971072572
base,mnli+qnli+qqp+record+snli+paws+imdb+squad_v2+winogrande,9,multirc,0.6622256053877729,0.8756701147982052
base,mnli+qnli+qqp+record+snli+paws+imdb+squad_v2+winogrande,9,copa,0.5789841523260942,0.8513445351272821
base,mnli+qnli+qqp+record+snli+paws+imdb+squad_v2+winogrande,9,piqa,0.6458166562286871,0.8707127156002181
base,mnli+qnli+qqp+record+snli+paws+imdb+winogrande,8,mrpc,0.6164412514439651,0.868172367236444
base,mnli+qnli+qqp+record+snli+paws+imdb+winogrande,8,boolq,0.635922198915588,0.874875722186906
base,mnli+qnli+qqp+record+snli+paws+imdb+winogrande,8,rte,0.6711146485592637,0.8909996865051133
base,mnli+qnli+qqp+record+snli+paws+imdb+winogrande,8,cola,0.6005647566302547,0.8598126252847058
base,mnli+qnli+qqp+record+snli+paws+imdb+winogrande,8,cb,0.6527031516390187,0.8896671836929662
base,mnli+qnli+qqp+record+snli+paws+imdb+winogrande,8,scitail,0.7021849855248418,0.8909487412976367
base,mnli+qnli+qqp+record+snli+paws+imdb+winogrande,8,stsb,0.5430768773159278,0.8474142955882209
base,mnli+qnli+qqp+record+snli+paws+imdb+winogrande,8,cr,0.6518589932737606,0.8855387158691883
base,mnli+qnli+qqp+record+snli+paws+imdb+winogrande,8,rotten_tomatoes,0.6715590498809304,0.8911654754940953
base,mnli+qnli+qqp+record+snli+paws+imdb+winogrande,8,multirc,0.6369647146867854,0.8751178567430803
base,mnli+qnli+qqp+record+snli+paws+imdb+winogrande,8,copa,0.5545484786853194,0.8501327503472567
base,mnli+qnli+qqp+record+snli+paws+imdb+winogrande,8,piqa,0.6275569250075412,0.87123184970447
base,mnli+qnli+qqp+record+snli+paws+squad_v2,7,mrpc,0.6273288894444704,0.8672451057604381
base,mnli+qnli+qqp+record+snli+paws+squad_v2,7,boolq,0.6536095488284316,0.8739928374333041
base,mnli+qnli+qqp+record+snli+paws+squad_v2,7,rte,0.6811143907585314,0.8884090568338122
base,mnli+qnli+qqp+record+snli+paws+squad_v2,7,cola,0.6136923226128731,0.8610473128833941
base,mnli+qnli+qqp+record+snli+paws+squad_v2,7,cb,0.6592191058610167,0.8855170272290707
base,mnli+qnli+qqp+record+snli+paws+squad_v2,7,scitail,0.7105937834296908,0.8897279610059091
base,mnli+qnli+qqp+record+snli+paws+squad_v2,7,stsb,0.5576565726660192,0.8478665093758276
base,mnli+qnli+qqp+record+snli+paws+squad_v2,7,cr,0.6088858626317233,0.8593227674386331
base,mnli+qnli+qqp+record+snli+paws+squad_v2,7,rotten_tomatoes,0.6083706641303641,0.8578925159360681
base,mnli+qnli+qqp+record+snli+paws+squad_v2,7,multirc,0.6596836137718388,0.8756315247820956
base,mnli+qnli+qqp+record+snli+paws+squad_v2,7,copa,0.5688207782804966,0.8482838948922498
base,mnli+qnli+qqp+record+snli+paws+squad_v2,7,piqa,0.6013527347573212,0.8550704126911504
base,mnli+qnli+qqp+record+snli+paws+squad_v2+hellaswag,8,mrpc,0.6305861063301563,0.8674288833779948
base,mnli+qnli+qqp+record+snli+paws+squad_v2+hellaswag,8,boolq,0.6559618777994599,0.8740598639207227
base,mnli+qnli+qqp+record+snli+paws+squad_v2+hellaswag,8,rte,0.6840177492371627,0.8886540665158204
base,mnli+qnli+qqp+record+snli+paws+squad_v2+hellaswag,8,cola,0.6158967382008476,0.8612359437559333
base,mnli+qnli+qqp+record+snli+paws+squad_v2+hellaswag,8,cb,0.6629717677299466,0.8860070742666721
base,mnli+qnli+qqp+record+snli+paws+squad_v2+hellaswag,8,scitail,0.7112953588366508,0.889686640884195
base,mnli+qnli+qqp+record+snli+paws+squad_v2+hellaswag,8,stsb,0.5602739507199398,0.8481616212853363
base,mnli+qnli+qqp+record+snli+paws+squad_v2+hellaswag,8,cr,0.6112229323147663,0.8595757729240826
base,mnli+qnli+qqp+record+snli+paws+squad_v2+hellaswag,8,rotten_tomatoes,0.6101680768520704,0.8579743283667735
base,mnli+qnli+qqp+record+snli+paws+squad_v2+hellaswag,8,multirc,0.6619182664102742,0.8756904301366636
base,mnli+qnli+qqp+record+snli+paws+squad_v2+hellaswag,8,copa,0.5741915408122752,0.8501282121453967
base,mnli+qnli+qqp+record+snli+paws+squad_v2+hellaswag,8,piqa,0.630285567071821,0.8667075727134943
base,mnli+qnli+qqp+record+snli+paws+squad_v2+hellaswag+winogrande,9,mrpc,0.6320044675043651,0.8675283284059593
base,mnli+qnli+qqp+record+snli+paws+squad_v2+hellaswag+winogrande,9,boolq,0.6573022739695651,0.8741877400981528
base,mnli+qnli+qqp+record+snli+paws+squad_v2+hellaswag+winogrande,9,rte,0.6849226890397924,0.8885281804416861
base,mnli+qnli+qqp+record+snli+paws+squad_v2+hellaswag+winogrande,9,cola,0.6175115876831114,0.8613934043262687
base,mnli+qnli+qqp+record+snli+paws+squad_v2+hellaswag+winogrande,9,cb,0.6641829625836441,0.8859729692339897
base,mnli+qnli+qqp+record+snli+paws+squad_v2+hellaswag+winogrande,9,scitail,0.7116852514445782,0.8896237851253578
base,mnli+qnli+qqp+record+snli+paws+squad_v2+hellaswag+winogrande,9,stsb,0.5619720570476991,0.8482014039265258
base,mnli+qnli+qqp+record+snli+paws+squad_v2+hellaswag+winogrande,9,cr,0.6141201467253268,0.8599446322768927
base,mnli+qnli+qqp+record+snli+paws+squad_v2+hellaswag+winogrande,9,rotten_tomatoes,0.6128456665069929,0.8583834868456636
base,mnli+qnli+qqp+record+snli+paws+squad_v2+hellaswag+winogrande,9,multirc,0.662601902548756,0.875718621004905
base,mnli+qnli+qqp+record+snli+paws+squad_v2+hellaswag+winogrande,9,copa,0.5810877840433802,0.8521433940955571
base,mnli+qnli+qqp+record+snli+paws+squad_v2+hellaswag+winogrande,9,piqa,0.6652749345770904,0.8757317781980548
base,mnli+qnli+qqp+record+snli+paws+squad_v2+winogrande,8,mrpc,0.63044626851167,0.8673804854708058
base,mnli+qnli+qqp+record+snli+paws+squad_v2+winogrande,8,boolq,0.6563658196745175,0.8741335701197386
base,mnli+qnli+qqp+record+snli+paws+squad_v2+winogrande,8,rte,0.6829498827989612,0.888275003858975
base,mnli+qnli+qqp+record+snli+paws+squad_v2+winogrande,8,cola,0.6161718425074858,0.8612138293683529
base,mnli+qnli+qqp+record+snli+paws+squad_v2+winogrande,8,cb,0.6611563033823457,0.8854713141918182
base,mnli+qnli+qqp+record+snli+paws+squad_v2+winogrande,8,scitail,0.7113388470773186,0.8896599789815289
base,mnli+qnli+qqp+record+snli+paws+squad_v2+winogrande,8,stsb,0.5601524669410927,0.8480042402765581
base,mnli+qnli+qqp+record+snli+paws+squad_v2+winogrande,8,cr,0.6125247058724719,0.85970464960805
base,mnli+qnli+qqp+record+snli+paws+squad_v2+winogrande,8,rotten_tomatoes,0.6118007892343614,0.8583181891590357
base,mnli+qnli+qqp+record+snli+paws+squad_v2+winogrande,8,multirc,0.6616403259603041,0.8756868267165763
base,mnli+qnli+qqp+record+snli+paws+squad_v2+winogrande,8,copa,0.5760248533583113,0.8507362045347691
base,mnli+qnli+qqp+record+snli+paws+squad_v2+winogrande,8,piqa,0.6452390382598553,0.8706799327794995
base,mnli+qnli+qqp+record+snli+paws+winogrande,7,mrpc,0.6118088326017771,0.8670313427490848
base,mnli+qnli+qqp+record+snli+paws+winogrande,7,boolq,0.6325323223136365,0.8746068536170891
base,mnli+qnli+qqp+record+snli+paws+winogrande,7,rte,0.6661632933786937,0.8897593159760747
base,mnli+qnli+qqp+record+snli+paws+winogrande,7,cola,0.5953341545537114,0.8587480317801237
base,mnli+qnli+qqp+record+snli+paws+winogrande,7,cb,0.6429550155465092,0.887148343026638
base,mnli+qnli+qqp+record+snli+paws+winogrande,7,scitail,0.7002347558736801,0.8906171313886132
base,mnli+qnli+qqp+record+snli+paws+winogrande,7,stsb,0.5415976113041064,0.8473138282341617
base,mnli+qnli+qqp+record+snli+paws+winogrande,7,cr,0.5927114722851131,0.8589703291654587
base,mnli+qnli+qqp+record+snli+paws+winogrande,7,rotten_tomatoes,0.5943395655735263,0.8574895653873682
base,mnli+qnli+qqp+record+snli+paws+winogrande,7,multirc,0.6344394369183907,0.8751339515937226
base,mnli+qnli+qqp+record+snli+paws+winogrande,7,copa,0.5493655379063317,0.8492762121771064
base,mnli+qnli+qqp+record+snli+paws+winogrande,7,piqa,0.6263880730007908,0.8712141899658101
base,mnli+qnli+qqp+record+snli+squad_v2,6,mrpc,0.6256478652358055,0.8667200912854501
base,mnli+qnli+qqp+record+snli+squad_v2,6,boolq,0.6039299923660499,0.8577542150659221
base,mnli+qnli+qqp+record+snli+squad_v2,6,rte,0.679860370233655,0.8881030742611203
base,mnli+qnli+qqp+record+snli+squad_v2,6,cola,0.6124344329748835,0.8607157694974116
base,mnli+qnli+qqp+record+snli+squad_v2,6,cb,0.6593900283000299,0.8857290308390345
base,mnli+qnli+qqp+record+snli+squad_v2,6,scitail,0.7097981800990445,0.8895017169415951
base,mnli+qnli+qqp+record+snli+squad_v2,6,stsb,0.5566588900318103,0.8474915573107344
base,mnli+qnli+qqp+record+snli+squad_v2,6,cr,0.6075024860578456,0.8590314893850258
base,mnli+qnli+qqp+record+snli+squad_v2,6,rotten_tomatoes,0.6068221610704703,0.8575345219245979
base,mnli+qnli+qqp+record+snli+squad_v2,6,multirc,0.6196193854058427,0.861105772533587
base,mnli+qnli+qqp+record+snli+squad_v2,6,copa,0.567584493729685,0.8479949145444802
base,mnli+qnli+qqp+record+snli+squad_v2,6,piqa,0.5996887033273067,0.854689474616732
base,mnli+qnli+qqp+record+snli+squad_v2+hellaswag,7,mrpc,0.6277868763676712,0.8669459159885134
base,mnli+qnli+qqp+record+snli+squad_v2+hellaswag,7,boolq,0.6059707782364318,0.8579276627195733
base,mnli+qnli+qqp+record+snli+squad_v2+hellaswag,7,rte,0.6826052867940494,0.8883993599031653
base,mnli+qnli+qqp+record+snli+squad_v2+hellaswag,7,cola,0.6142741900070438,0.860913807792323
base,mnli+qnli+qqp+record+snli+squad_v2+hellaswag,7,cb,0.6632965494479451,0.8862874316317695
base,mnli+qnli+qqp+record+snli+squad_v2+hellaswag,7,scitail,0.7106178139469453,0.8895007140402283
base,mnli+qnli+qqp+record+snli+squad_v2+hellaswag,7,stsb,0.5592767168834273,0.8477887311684233
base,mnli+qnli+qqp+record+snli+squad_v2+hellaswag,7,cr,0.6098328679134803,0.8593060086880412
base,mnli+qnli+qqp+record+snli+squad_v2+hellaswag,7,rotten_tomatoes,0.6085171163348215,0.857667461303728
base,mnli+qnli+qqp+record+snli+squad_v2+hellaswag,7,multirc,0.6213682600563126,0.8612989825861794
base,mnli+qnli+qqp+record+snli+squad_v2+hellaswag,7,copa,0.5730014064881418,0.8499490727803537
base,mnli+qnli+qqp+record+snli+squad_v2+hellaswag,7,piqa,0.6293105008413217,0.8665074463933706
base,mnli+qnli+qqp+record+snli+squad_v2+hellaswag+winogrande,8,mrpc,0.6292789099471909,0.8670492800218719
base,mnli+qnli+qqp+record+snli+squad_v2+hellaswag+winogrande,8,boolq,0.6085257216888879,0.8582133445888758
base,mnli+qnli+qqp+record+snli+squad_v2+hellaswag+winogrande,8,rte,0.6832968188183648,0.8882738186844757
base,mnli+qnli+qqp+record+snli+squad_v2+hellaswag+winogrande,8,cola,0.6163531998172402,0.8611072352422136
base,mnli+qnli+qqp+record+snli+squad_v2+hellaswag+winogrande,8,cb,0.6647458222827741,0.8862618803977966
base,mnli+qnli+qqp+record+snli+squad_v2+hellaswag+winogrande,8,scitail,0.7111229140843663,0.8894426894507238
base,mnli+qnli+qqp+record+snli+squad_v2+hellaswag+winogrande,8,stsb,0.5610634351614863,0.8478979654610157
base,mnli+qnli+qqp+record+snli+squad_v2+hellaswag+winogrande,8,cr,0.6128428308293223,0.8597538034830775
base,mnli+qnli+qqp+record+snli+squad_v2+hellaswag+winogrande,8,rotten_tomatoes,0.6112916584658835,0.8581375003393207
base,mnli+qnli+qqp+record+snli+squad_v2+hellaswag+winogrande,8,multirc,0.6229186719283462,0.8614828967090163
base,mnli+qnli+qqp+record+snli+squad_v2+hellaswag+winogrande,8,copa,0.5804322055940118,0.8521247149578163
base,mnli+qnli+qqp+record+snli+squad_v2+hellaswag+winogrande,8,piqa,0.6647797903777766,0.8755973268832479
base,mnli+qnli+qqp+record+snli+squad_v2+winogrande,7,mrpc,0.6276585997215339,0.8668259994259903
base,mnli+qnli+qqp+record+snli+squad_v2+winogrande,7,boolq,0.6071730060502887,0.858058562502265
base,mnli+qnli+qqp+record+snli+squad_v2+winogrande,7,rte,0.6814456166965621,0.8879964138780322
base,mnli+qnli+qqp+record+snli+squad_v2+winogrande,7,cola,0.614530118980578,0.8609328504119601
base,mnli+qnli+qqp+record+snli+squad_v2+winogrande,7,cb,0.6616791848625455,0.885728966976915
base,mnli+qnli+qqp+record+snli+squad_v2+winogrande,7,scitail,0.7107168755361012,0.889450717451317
base,mnli+qnli+qqp+record+snli+squad_v2+winogrande,7,stsb,0.5591529420510467,0.8476647050785167
base,mnli+qnli+qqp+record+snli+squad_v2+winogrande,7,cr,0.611113737902737,0.859485326068742
base,mnli+qnli+qqp+record+snli+squad_v2+winogrande,7,rotten_tomatoes,0.6101003099632051,0.858031892616834
base,mnli+qnli+qqp+record+snli+squad_v2+winogrande,7,multirc,0.6215885019462023,0.8613136663500752
base,mnli+qnli+qqp+record+snli+squad_v2+winogrande,7,copa,0.5749443829325693,0.8504653905651399
base,mnli+qnli+qqp+record+snli+squad_v2+winogrande,7,piqa,0.644963418333126,0.8704885010208402
base,mnli+qnli+qqp+record+snli+winogrande,6,mrpc,0.6089665179273912,0.8664998875132629
base,mnli+qnli+qqp+record+snli+winogrande,6,boolq,0.5888249318647597,0.8571615674133811
base,mnli+qnli+qqp+record+snli+winogrande,6,rte,0.6641372450228248,0.8895152189901897
base,mnli+qnli+qqp+record+snli+winogrande,6,cola,0.593315567422126,0.8584882321634463
base,mnli+qnli+qqp+record+snli+winogrande,6,cb,0.642437320202589,0.8874551919954163
base,mnli+qnli+qqp+record+snli+winogrande,6,scitail,0.6990410597728831,0.8904289680400065
base,mnli+qnli+qqp+record+snli+winogrande,6,stsb,0.5400614774054182,0.8469720408320427
base,mnli+qnli+qqp+record+snli+winogrande,6,cr,0.5906275710357087,0.8587042654731444
base,mnli+qnli+qqp+record+snli+winogrande,6,rotten_tomatoes,0.5920660773824368,0.8572044838219881
base,mnli+qnli+qqp+record+snli+winogrande,6,multirc,0.6017455400100776,0.8598269104425397
base,mnli+qnli+qqp+record+snli+winogrande,6,copa,0.547670035556491,0.8490575983056
base,mnli+qnli+qqp+record+snli+winogrande,6,piqa,0.6250081319761064,0.870979613491467
base,mnli+qnli+qqp+record+squad_v2,5,mrpc,0.6570092596645866,0.866975766739675
base,mnli+qnli+qqp+record+squad_v2,5,boolq,0.635845849024398,0.8584568428673914
base,mnli+qnli+qqp+record+squad_v2,5,rte,0.7085416223853827,0.8876463057739394
base,mnli+qnli+qqp+record+squad_v2,5,cola,0.643110008378114,0.8604008555412292
base,mnli+qnli+qqp+record+squad_v2,5,cb,0.6762973195207971,0.8788095859012434
base,mnli+qnli+qqp+record+squad_v2,5,scitail,0.7254726317312036,0.887635188177228
base,mnli+qnli+qqp+record+squad_v2,5,stsb,0.5896361379751137,0.8475171418062278
base,mnli+qnli+qqp+record+squad_v2,5,cr,0.636658565806491,0.8588306113545384
base,mnli+qnli+qqp+record+squad_v2,5,rotten_tomatoes,0.6353670240246824,0.8574519556547914
base,mnli+qnli+qqp+record+squad_v2,5,multirc,0.6488697796261736,0.8615266547671386
base,mnli+qnli+qqp+record+squad_v2,5,copa,0.6049267811966794,0.8485542530460017
base,mnli+qnli+qqp+record+squad_v2,5,piqa,0.6289284846612385,0.8543562410133225
base,mnli+qnli+qqp+record+squad_v2+hellaswag,6,mrpc,0.6589129915727037,0.8672012316861323
base,mnli+qnli+qqp+record+squad_v2+hellaswag,6,boolq,0.6376206053953085,0.8585875295102596
base,mnli+qnli+qqp+record+squad_v2+hellaswag,6,rte,0.7107537324939456,0.8879599959722587
base,mnli+qnli+qqp+record+squad_v2+hellaswag,6,cola,0.6453461724200419,0.8607230670750141
base,mnli+qnli+qqp+record+squad_v2+hellaswag,6,cb,0.6800468548067978,0.8795247455792767
base,mnli+qnli+qqp+record+squad_v2+hellaswag,6,scitail,0.7260694203100034,0.8875444494187832
base,mnli+qnli+qqp+record+squad_v2+hellaswag,6,stsb,0.5927963581468377,0.8478215523064137
base,mnli+qnli+qqp+record+squad_v2+hellaswag,6,cr,0.6388698865526489,0.8591125264231648
base,mnli+qnli+qqp+record+squad_v2+hellaswag,6,rotten_tomatoes,0.6369316503405571,0.8576518914529255
base,mnli+qnli+qqp+record+squad_v2+hellaswag,6,multirc,0.650611413509718,0.8617537692189217
base,mnli+qnli+qqp+record+squad_v2+hellaswag,6,copa,0.6112448189939771,0.8507622573524714
base,mnli+qnli+qqp+record+squad_v2+hellaswag,6,piqa,0.6673709802063448,0.8669695904744523
base,mnli+qnli+qqp+record+squad_v2+hellaswag+winogrande,7,mrpc,0.6598503020192895,0.867324711488826
base,mnli+qnli+qqp+record+squad_v2+hellaswag+winogrande,7,boolq,0.6393729913979769,0.858878421996321
base,mnli+qnli+qqp+record+squad_v2+hellaswag+winogrande,7,rte,0.7107578311115503,0.8878617339900562
base,mnli+qnli+qqp+record+squad_v2+hellaswag+winogrande,7,cola,0.6463931000658444,0.8609561787119934
base,mnli+qnli+qqp+record+squad_v2+hellaswag+winogrande,7,cb,0.6806902826896736,0.8796096784727914
base,mnli+qnli+qqp+record+squad_v2+hellaswag+winogrande,7,scitail,0.7259218376129866,0.8874974476971796
base,mnli+qnli+qqp+record+squad_v2+hellaswag+winogrande,7,stsb,0.5940542778532419,0.8479719545160022
base,mnli+qnli+qqp+record+squad_v2+hellaswag+winogrande,7,cr,0.6416021029331854,0.859651215906654
base,mnli+qnli+qqp+record+squad_v2+hellaswag+winogrande,7,rotten_tomatoes,0.6393480888967004,0.8580964399235589
base,mnli+qnli+qqp+record+squad_v2+hellaswag+winogrande,7,multirc,0.6513046921629991,0.8619377176676478
base,mnli+qnli+qqp+record+squad_v2+hellaswag+winogrande,7,copa,0.6181712536407369,0.8530395454061883
base,mnli+qnli+qqp+record+squad_v2+hellaswag+winogrande,7,piqa,0.6980779330645289,0.8760741994317088
base,mnli+qnli+qqp+record+squad_v2+winogrande,6,mrpc,0.6585042484636817,0.8670901714691094
base,mnli+qnli+qqp+record+squad_v2+winogrande,6,boolq,0.6383431052256908,0.8587941687021937
base,mnli+qnli+qqp+record+squad_v2+winogrande,6,rte,0.7090525488768306,0.8876092146549907
base,mnli+qnli+qqp+record+squad_v2+winogrande,6,cola,0.6449596027710608,0.8606182153203658
base,mnli+qnli+qqp+record+squad_v2+winogrande,6,cb,0.6774537573967662,0.8789195876036372
base,mnli+qnli+qqp+record+squad_v2+winogrande,6,scitail,0.7256220180009093,0.887594693207315
base,mnli+qnli+qqp+record+squad_v2+winogrande,6,stsb,0.5917412363258856,0.8477070310286113
base,mnli+qnli+qqp+record+squad_v2+winogrande,6,cr,0.6399274934083223,0.8593884850186961
base,mnli+qnli+qqp+record+squad_v2+winogrande,6,rotten_tomatoes,0.6382672718859145,0.8579713994903224
base,mnli+qnli+qqp+record+squad_v2+winogrande,6,multirc,0.6501934564273272,0.861746511821236
base,mnli+qnli+qqp+record+squad_v2+winogrande,6,copa,0.6131963296128171,0.8512810133397579
base,mnli+qnli+qqp+record+squad_v2+winogrande,6,piqa,0.6822077951260975,0.8705507503556353
base,mnli+qnli+qqp+record+winogrande,5,mrpc,0.6415561868676117,0.8669523250843797
base,mnli+qnli+qqp+record+winogrande,5,boolq,0.6198007541575602,0.8580792205674308
base,mnli+qnli+qqp+record+winogrande,5,rte,0.6965684127062559,0.8894861436315945
base,mnli+qnli+qqp+record+winogrande,5,cola,0.6197502579140876,0.8582229946873018
base,mnli+qnli+qqp+record+winogrande,5,cb,0.6598109155893326,0.8809309955686331
base,mnli+qnli+qqp+record+winogrande,5,scitail,0.7162366022488901,0.8887395305292947
base,mnli+qnli+qqp+record+winogrande,5,stsb,0.5703216305534754,0.8470774048141071
base,mnli+qnli+qqp+record+winogrande,5,cr,0.6195073443065796,0.858623410708138
base,mnli+qnli+qqp+record+winogrande,5,rotten_tomatoes,0.6202904778266591,0.8572962076536247
base,mnli+qnli+qqp+record+winogrande,5,multirc,0.6298118621510055,0.8602241812539952
base,mnli+qnli+qqp+record+winogrande,5,copa,0.5853506649312165,0.8496879389775651
base,mnli+qnli+qqp+record+winogrande,5,piqa,0.664932402649096,0.87118346643235
base,mnli+qnli+qqp+snli,4,mrpc,0.5829048007726669,0.866692187796746
base,mnli+qnli+qqp+snli,4,boolq,0.5617867166376007,0.8555115458688566
base,mnli+qnli+qqp+snli,4,rte,0.6393405872264079,0.8917171396315098
base,mnli+qnli+qqp+snli,4,cola,0.5692002744014774,0.8574879534010377
base,mnli+qnli+qqp+snli,4,cb,0.6120954770594835,0.8897466169936317
base,mnli+qnli+qqp+snli,4,scitail,0.6816634684801102,0.8921283898609025
base,mnli+qnli+qqp+snli,4,stsb,0.5146761818822208,0.8461307595883097
base,mnli+qnli+qqp+snli,4,cr,0.5621090799437037,0.8576179849249976
base,mnli+qnli+qqp+snli,4,rotten_tomatoes,0.5659290314319411,0.8561851480709655
base,mnli+qnli+qqp+snli,4,multirc,0.5773790751118213,0.8584652199809041
base,mnli+qnli+qqp+snli,4,copa,0.5078621827332037,0.8436271090592656
base,mnli+qnli+qqp+snli,4,piqa,0.5545519777972784,0.8522208811981338
