method,combo,n_tasks,target,sar,sar_iso
base,qnli+qqp+sst2+record+anli_r1+paws+imdb+squad_v2+winogrande,9,mrpc,0.6749569358570235,0.8709093257784843
base,qnli+qqp+sst2+record+anli_r1+paws+imdb+squad_v2+winogrande,9,boolq,0.7000921400529998,0.8764411322772503
base,qnli+qqp+sst2+record+anli_r1+paws+imdb+squad_v2+winogrande,9,rte,0.7293127386697701,0.893409112734454
base,qnli+qqp+sst2+record+anli_r1+paws+imdb+squad_v2+winogrande,9,cola,0.6628443207591772,0.8641379206840482
base,qnli+qqp+sst2+record+anli_r1+paws+imdb+squad_v2+winogrande,9,cb,0.7104866297117302,0.8897088468074799
base,qnli+qqp+sst2+record+anli_r1+paws+imdb+squad_v2+winogrande,9,scitail,0.7236671229558331,0.8852882193667548
base,qnli+qqp+sst2+record+anli_r1+paws+imdb+squad_v2+winogrande,9,stsb,0.6014035475839462,0.848616932119642
base,qnli+qqp+sst2+record+anli_r1+paws+imdb+squad_v2+winogrande,9,cr,0.7554775590875319,0.9013844920056207
base,qnli+qqp+sst2+record+anli_r1+paws+imdb+squad_v2+winogrande,9,rotten_tomatoes,0.7686422105346408,0.9046179141317096
base,qnli+qqp+sst2+record+anli_r1+paws+imdb+squad_v2+winogrande,9,multirc,0.6986882212970938,0.8758553713560104
base,qnli+qqp+sst2+record+anli_r1+paws+imdb+squad_v2+winogrande,9,copa,0.629587769774454,0.8539480684059007
base,qnli+qqp+sst2+record+anli_r1+paws+imdb+squad_v2+winogrande,9,piqa,0.6902566440403461,0.8716104791632721
base,qnli+qqp+sst2+record+anli_r1+paws+imdb+winogrande,8,mrpc,0.6614616430763688,0.8712485911590713
base,qnli+qqp+sst2+record+anli_r1+paws+imdb+winogrande,8,boolq,0.6880288922360965,0.8774066202874694
base,qnli+qqp+sst2+record+anli_r1+paws+imdb+winogrande,8,rte,0.7210839542427233,0.8957577427583081
base,qnli+qqp+sst2+record+anli_r1+paws+imdb+winogrande,8,cola,0.6394132482154029,0.8620154181761401
base,qnli+qqp+sst2+record+anli_r1+paws+imdb+winogrande,8,cb,0.6995213971074138,0.8927544850323882
base,qnli+qqp+sst2+record+anli_r1+paws+imdb+winogrande,8,scitail,0.7130745862211499,0.8865586311689445
base,qnli+qqp+sst2+record+anli_r1+paws+imdb+winogrande,8,stsb,0.579864592757076,0.8479113882141454
base,qnli+qqp+sst2+record+anli_r1+paws+imdb+winogrande,8,cr,0.7511785070278815,0.904099454837186
base,qnli+qqp+sst2+record+anli_r1+paws+imdb+winogrande,8,rotten_tomatoes,0.7656597702630928,0.9069047378642219
base,qnli+qqp+sst2+record+anli_r1+paws+imdb+winogrande,8,multirc,0.6804861005927835,0.8749979369874511
base,qnli+qqp+sst2+record+anli_r1+paws+imdb+winogrande,8,copa,0.6062292026888046,0.8532753895436015
base,qnli+qqp+sst2+record+anli_r1+paws+imdb+winogrande,8,piqa,0.6743898628545659,0.8723866912935462
base,qnli+qqp+sst2+record+anli_r1+paws+squad_v2,7,mrpc,0.6735884776072842,0.8699945424284253
base,qnli+qqp+sst2+record+anli_r1+paws+squad_v2,7,boolq,0.6997502227979047,0.8762549329549074
base,qnli+qqp+sst2+record+anli_r1+paws+squad_v2,7,rte,0.7284148700003114,0.8927596732974052
base,qnli+qqp+sst2+record+anli_r1+paws+squad_v2,7,cola,0.6614706359271493,0.8633835116135222
base,qnli+qqp+sst2+record+anli_r1+paws+squad_v2,7,cb,0.7059107433472361,0.8880841455289296
base,qnli+qqp+sst2+record+anli_r1+paws+squad_v2,7,scitail,0.7248527458203691,0.8852928962026324
base,qnli+qqp+sst2+record+anli_r1+paws+squad_v2,7,stsb,0.601820465975574,0.8485513188477073
base,qnli+qqp+sst2+record+anli_r1+paws+squad_v2,7,cr,0.7327091401176793,0.8923496178218296
base,qnli+qqp+sst2+record+anli_r1+paws+squad_v2,7,rotten_tomatoes,0.7455294967762062,0.8956475912460259
base,qnli+qqp+sst2+record+anli_r1+paws+squad_v2,7,multirc,0.699609807559422,0.8758994769304991
base,qnli+qqp+sst2+record+anli_r1+paws+squad_v2,7,copa,0.6216816864907742,0.8506903416876282
base,qnli+qqp+sst2+record+anli_r1+paws+squad_v2,7,piqa,0.6403919301394906,0.8552947629775319
base,qnli+qqp+sst2+record+anli_r1+paws+squad_v2+hellaswag,8,mrpc,0.6749791524239949,0.870106404381139
base,qnli+qqp+sst2+record+anli_r1+paws+squad_v2+hellaswag,8,boolq,0.7007040525121349,0.8761772723602397
base,qnli+qqp+sst2+record+anli_r1+paws+squad_v2+hellaswag,8,rte,0.7296016615416322,0.8927005481507096
base,qnli+qqp+sst2+record+anli_r1+paws+squad_v2+hellaswag,8,cola,0.6632727589458227,0.863737457564899
base,qnli+qqp+sst2+record+anli_r1+paws+squad_v2+hellaswag,8,cb,0.7084563512887273,0.888391553823437
base,qnli+qqp+sst2+record+anli_r1+paws+squad_v2+hellaswag,8,scitail,0.7251558189413377,0.8851214910724333
base,qnli+qqp+sst2+record+anli_r1+paws+squad_v2+hellaswag,8,stsb,0.6052964332380465,0.8487197794020176
base,qnli+qqp+sst2+record+anli_r1+paws+squad_v2+hellaswag,8,cr,0.7335435351622956,0.8922409537647452
base,qnli+qqp+sst2+record+anli_r1+paws+squad_v2+hellaswag,8,rotten_tomatoes,0.7459114899060556,0.8954542981726783
base,qnli+qqp+sst2+record+anli_r1+paws+squad_v2+hellaswag,8,multirc,0.7008498044950622,0.8759639534567084
base,qnli+qqp+sst2+record+anli_r1+paws+squad_v2+hellaswag,8,copa,0.628183192972626,0.8529136742332152
base,qnli+qqp+sst2+record+anli_r1+paws+squad_v2+hellaswag,8,piqa,0.6821093843983752,0.8682770949921438
base,qnli+qqp+sst2+record+anli_r1+paws+squad_v2+hellaswag+winogrande,9,mrpc,0.6751648996557508,0.870125944593123
base,qnli+qqp+sst2+record+anli_r1+paws+squad_v2+hellaswag+winogrande,9,boolq,0.7011576329490968,0.8762050664850644
base,qnli+qqp+sst2+record+anli_r1+paws+squad_v2+hellaswag+winogrande,9,rte,0.7290269112480539,0.8924601211079529
base,qnli+qqp+sst2+record+anli_r1+paws+squad_v2+hellaswag+winogrande,9,cola,0.6636742090008089,0.8636941374944789
base,qnli+qqp+sst2+record+anli_r1+paws+squad_v2+hellaswag+winogrande,9,cb,0.7079551299767834,0.8880630289869649
base,qnli+qqp+sst2+record+anli_r1+paws+squad_v2+hellaswag+winogrande,9,scitail,0.7246211772518498,0.884975577039378
base,qnli+qqp+sst2+record+anli_r1+paws+squad_v2+hellaswag+winogrande,9,stsb,0.6059104463617716,0.8487039243004152
base,qnli+qqp+sst2+record+anli_r1+paws+squad_v2+hellaswag+winogrande,9,cr,0.7340737083660704,0.8922031106693404
base,qnli+qqp+sst2+record+anli_r1+paws+squad_v2+hellaswag+winogrande,9,rotten_tomatoes,0.7462207126830306,0.8953793809882232
base,qnli+qqp+sst2+record+anli_r1+paws+squad_v2+hellaswag+winogrande,9,multirc,0.7009722225900207,0.8759994525462389
base,qnli+qqp+sst2+record+anli_r1+paws+squad_v2+hellaswag+winogrande,9,copa,0.6340371809367623,0.8552261657480683
base,qnli+qqp+sst2+record+anli_r1+paws+squad_v2+hellaswag+winogrande,9,piqa,0.7071912943252495,0.8773232927279813
base,qnli+qqp+sst2+record+anli_r1+paws+squad_v2+winogrande,8,mrpc,0.6743308023682663,0.8700452675776822
base,qnli+qqp+sst2+record+anli_r1+paws+squad_v2+winogrande,8,boolq,0.7007857723427671,0.876311510269131
base,qnli+qqp+sst2+record+anli_r1+paws+squad_v2+winogrande,8,rte,0.7281460086149829,0.8925252519547939
base,qnli+qqp+sst2+record+anli_r1+paws+squad_v2+winogrande,8,cola,0.6623883707714933,0.8633135056921414
base,qnli+qqp+sst2+record+anli_r1+paws+squad_v2+winogrande,8,cb,0.7057934089430741,0.8877758564693587
base,qnli+qqp+sst2+record+anli_r1+paws+squad_v2+winogrande,8,scitail,0.7246624090309653,0.8851192761212587
base,qnli+qqp+sst2+record+anli_r1+paws+squad_v2+winogrande,8,stsb,0.6035517011103886,0.8485143586461034
base,qnli+qqp+sst2+record+anli_r1+paws+squad_v2+winogrande,8,cr,0.7335720573152814,0.892363826079028
base,qnli+qqp+sst2+record+anli_r1+paws+squad_v2+winogrande,8,rotten_tomatoes,0.7460965104401112,0.8955859020352364
base,qnli+qqp+sst2+record+anli_r1+paws+squad_v2+winogrande,8,multirc,0.7001531621707338,0.8759210711078984
base,qnli+qqp+sst2+record+anli_r1+paws+squad_v2+winogrande,8,copa,0.6294907586915153,0.8533014117607048
base,qnli+qqp+sst2+record+anli_r1+paws+squad_v2+winogrande,8,piqa,0.6917867939919233,0.8716781136712858
base,qnli+qqp+sst2+record+anli_r1+paws+winogrande,7,mrpc,0.660239376393812,0.8704675361514091
base,qnli+qqp+sst2+record+anli_r1+paws+winogrande,7,boolq,0.6886753117931741,0.8772638277815921
base,qnli+qqp+sst2+record+anli_r1+paws+winogrande,7,rte,0.7200138938746282,0.894980857947043
base,qnli+qqp+sst2+record+anli_r1+paws+winogrande,7,cola,0.6384245761936265,0.8612039701214859
base,qnli+qqp+sst2+record+anli_r1+paws+winogrande,7,cb,0.6939965938883168,0.890931632901941
base,qnli+qqp+sst2+record+anli_r1+paws+winogrande,7,scitail,0.7140318698116711,0.8864696158894471
base,qnli+qqp+sst2+record+anli_r1+paws+winogrande,7,stsb,0.5816037062821644,0.847914661413857
base,qnli+qqp+sst2+record+anli_r1+paws+winogrande,7,cr,0.7272992783359119,0.8951313868165016
base,qnli+qqp+sst2+record+anli_r1+paws+winogrande,7,rotten_tomatoes,0.7416994747306619,0.8979609480925969
base,qnli+qqp+sst2+record+anli_r1+paws+winogrande,7,multirc,0.6821995880454779,0.8750424794852734
base,qnli+qqp+sst2+record+anli_r1+paws+winogrande,7,copa,0.6047628156042525,0.8525271897337267
base,qnli+qqp+sst2+record+anli_r1+paws+winogrande,7,piqa,0.6759584141629082,0.8724801500460931
base,qnli+qqp+sst2+record+anli_r1+squad_v2,6,mrpc,0.6728862135538033,0.869364536766495
base,qnli+qqp+sst2+record+anli_r1+squad_v2,6,boolq,0.6478689081434693,0.8594469252441611
base,qnli+qqp+sst2+record+anli_r1+squad_v2,6,rte,0.7289766278117895,0.8925452125923974
base,qnli+qqp+sst2+record+anli_r1+squad_v2,6,cola,0.6616824317191329,0.8629328589886427
base,qnli+qqp+sst2+record+anli_r1+squad_v2,6,cb,0.7084670843822616,0.8886836187115738
base,qnli+qqp+sst2+record+anli_r1+squad_v2,6,scitail,0.7250417564064264,0.8850283383258751
base,qnli+qqp+sst2+record+anli_r1+squad_v2,6,stsb,0.6020543756229537,0.8480234281825167
base,qnli+qqp+sst2+record+anli_r1+squad_v2,6,cr,0.7346354579286916,0.8927667705076081
base,qnli+qqp+sst2+record+anli_r1+squad_v2,6,rotten_tomatoes,0.7470112937901702,0.8960215614310333
base,qnli+qqp+sst2+record+anli_r1+squad_v2,6,multirc,0.6550474895962647,0.860952244539346
base,qnli+qqp+sst2+record+anli_r1+squad_v2,6,copa,0.6219594861779895,0.8504483066499233
base,qnli+qqp+sst2+record+anli_r1+squad_v2,6,piqa,0.6399610669219068,0.8548129280763013
base,qnli+qqp+sst2+record+anli_r1+squad_v2+hellaswag,7,mrpc,0.6743834143770593,0.8695275905941214
base,qnli+qqp+sst2+record+anli_r1+squad_v2+hellaswag,7,boolq,0.6495517832892281,0.8595162244247538
base,qnli+qqp+sst2+record+anli_r1+squad_v2+hellaswag,7,rte,0.7303873476173196,0.8925167503101485
base,qnli+qqp+sst2+record+anli_r1+squad_v2+hellaswag,7,cola,0.6636775894356626,0.8633340908480542
base,qnli+qqp+sst2+record+anli_r1+squad_v2+hellaswag,7,cb,0.711022657209209,0.8890157416462898
base,qnli+qqp+sst2+record+anli_r1+squad_v2+hellaswag,7,scitail,0.7254091788615499,0.8848554939031601
base,qnli+qqp+sst2+record+anli_r1+squad_v2+hellaswag,7,stsb,0.6056744006595441,0.8482974815581527
base,qnli+qqp+sst2+record+anli_r1+squad_v2+hellaswag,7,cr,0.7355308146881205,0.8925930282899311
base,qnli+qqp+sst2+record+anli_r1+squad_v2+hellaswag,7,rotten_tomatoes,0.7475370509283883,0.8957976172012942
base,qnli+qqp+sst2+record+anli_r1+squad_v2+hellaswag,7,multirc,0.6569507442680853,0.8611453784895795
base,qnli+qqp+sst2+record+anli_r1+squad_v2+hellaswag,7,copa,0.6293279289134911,0.8528593384793827
base,qnli+qqp+sst2+record+anli_r1+squad_v2+hellaswag,7,piqa,0.6827334303941045,0.8680723961442709
base,qnli+qqp+sst2+record+anli_r1+squad_v2+hellaswag+winogrande,8,mrpc,0.6746817430747407,0.8695712616401059
base,qnli+qqp+sst2+record+anli_r1+squad_v2+hellaswag+winogrande,8,boolq,0.650703434699348,0.8596991047795329
base,qnli+qqp+sst2+record+anli_r1+squad_v2+hellaswag+winogrande,8,rte,0.729697674246771,0.8922938837536744
base,qnli+qqp+sst2+record+anli_r1+squad_v2+hellaswag+winogrande,8,cola,0.6641624021743026,0.8633548319339752
base,qnli+qqp+sst2+record+anli_r1+squad_v2+hellaswag+winogrande,8,cb,0.7104565000959805,0.8886722225163665
base,qnli+qqp+sst2+record+anli_r1+squad_v2+hellaswag+winogrande,8,scitail,0.7249999480055911,0.8847428924803223
base,qnli+qqp+sst2+record+anli_r1+squad_v2+hellaswag+winogrande,8,stsb,0.606407582626811,0.8483601430697101
base,qnli+qqp+sst2+record+anli_r1+squad_v2+hellaswag+winogrande,8,cr,0.7360118100685733,0.8925934045442513
base,qnli+qqp+sst2+record+anli_r1+squad_v2+hellaswag+winogrande,8,rotten_tomatoes,0.747799100620406,0.8957186788320541
base,qnli+qqp+sst2+record+anli_r1+squad_v2+hellaswag+winogrande,8,multirc,0.6573819129594735,0.8612953895436866
base,qnli+qqp+sst2+record+anli_r1+squad_v2+hellaswag+winogrande,8,copa,0.6355402235473905,0.8551987398947988
base,qnli+qqp+sst2+record+anli_r1+squad_v2+hellaswag+winogrande,8,piqa,0.7079615856387785,0.8772340116224119
base,qnli+qqp+sst2+record+anli_r1+squad_v2+winogrande,7,mrpc,0.6736031265131065,0.8694286234676838
base,qnli+qqp+sst2+record+anli_r1+squad_v2+winogrande,7,boolq,0.6499376438025918,0.859720711463264
base,qnli+qqp+sst2+record+anli_r1+squad_v2+winogrande,7,rte,0.7287924888410738,0.8923106166933265
base,qnli+qqp+sst2+record+anli_r1+squad_v2+winogrande,7,cola,0.6626251033906426,0.8630236283476863
base,qnli+qqp+sst2+record+anli_r1+squad_v2+winogrande,7,cb,0.7082735728472471,0.8883803651801178
base,qnli+qqp+sst2+record+anli_r1+squad_v2+winogrande,7,scitail,0.7249024914843696,0.884878341906837
base,qnli+qqp+sst2+record+anli_r1+squad_v2+winogrande,7,stsb,0.603873968656574,0.848122879330601
base,qnli+qqp+sst2+record+anli_r1+squad_v2+winogrande,7,cr,0.7355721321489129,0.8927108735910484
base,qnli+qqp+sst2+record+anli_r1+squad_v2+winogrande,7,rotten_tomatoes,0.7476203915263925,0.8959191750202861
base,qnli+qqp+sst2+record+anli_r1+squad_v2+winogrande,7,multirc,0.6561582641942161,0.8611041201012475
base,qnli+qqp+sst2+record+anli_r1+squad_v2+winogrande,7,copa,0.6303364799490997,0.8531717607485396
base,qnli+qqp+sst2+record+anli_r1+squad_v2+winogrande,7,piqa,0.6922245012330157,0.8714229871651956
base,qnli+qqp+sst2+record+anli_r1+winogrande,6,mrpc,0.6588750162294933,0.8696629580642495
base,qnli+qqp+sst2+record+anli_r1+winogrande,6,boolq,0.6310865513847342,0.8592425236212355
base,qnli+qqp+sst2+record+anli_r1+winogrande,6,rte,0.7203687583761555,0.8949075958558491
base,qnli+qqp+sst2+record+anli_r1+winogrande,6,cola,0.63771878947903,0.8607856053858995
base,qnli+qqp+sst2+record+anli_r1+winogrande,6,cb,0.6961607406181949,0.8917147352227143
base,qnli+qqp+sst2+record+anli_r1+winogrande,6,scitail,0.7140427426035915,0.8862799155925002
base,qnli+qqp+sst2+record+anli_r1+winogrande,6,stsb,0.5810446949409587,0.8475678781313556
base,qnli+qqp+sst2+record+anli_r1+winogrande,6,cr,0.7293515985033342,0.895622832434518
base,qnli+qqp+sst2+record+anli_r1+winogrande,6,rotten_tomatoes,0.7432624567300081,0.8983733169734478
base,qnli+qqp+sst2+record+anli_r1+winogrande,6,multirc,0.6326285152296934,0.859072730211275
base,qnli+qqp+sst2+record+anli_r1+winogrande,6,copa,0.6045558666810393,0.8523105377597469
base,qnli+qqp+sst2+record+anli_r1+winogrande,6,piqa,0.675636604029153,0.8721986607249294
base,qnli+qqp+sst2+record+hellaswag,5,mrpc,0.6528100150504282,0.8675102894859654
base,qnli+qqp+sst2+record+hellaswag,5,boolq,0.6292055235244334,0.8585641674165215
base,qnli+qqp+sst2+record+hellaswag,5,rte,0.7049786852938789,0.8887414394744805
base,qnli+qqp+sst2+record+hellaswag,5,cola,0.6347260162500399,0.8598209443901267
base,qnli+qqp+sst2+record+hellaswag,5,cb,0.6419028618506023,0.8664502464234829
base,qnli+qqp+sst2+record+hellaswag,5,scitail,0.6738885901868343,0.871582766994834
base,qnli+qqp+sst2+record+hellaswag,5,stsb,0.582410539101277,0.847284706841622
base,qnli+qqp+sst2+record+hellaswag,5,cr,0.7259326382939305,0.8943605603916305
base,qnli+qqp+sst2+record+hellaswag,5,rotten_tomatoes,0.7422961475593703,0.8978912298168454
base,qnli+qqp+sst2+record+hellaswag,5,multirc,0.6323471798428467,0.8585643198873315
base,qnli+qqp+sst2+record+hellaswag,5,copa,0.600825082976371,0.8510999173990318
base,qnli+qqp+sst2+record+hellaswag,5,piqa,0.6666140139235982,0.8689885166074548
base,qnli+qqp+sst2+record+hellaswag+winogrande,6,mrpc,0.6541526679481778,0.86754260212183
base,qnli+qqp+sst2+record+hellaswag+winogrande,6,boolq,0.6316266553476453,0.8587888324899333
base,qnli+qqp+sst2+record+hellaswag+winogrande,6,rte,0.7051602298659938,0.8884615812982831
base,qnli+qqp+sst2+record+hellaswag+winogrande,6,cola,0.6363475532270968,0.8599699251353741
base,qnli+qqp+sst2+record+hellaswag+winogrande,6,cb,0.64379407598504,0.8663055101143462
base,qnli+qqp+sst2+record+hellaswag+winogrande,6,scitail,0.674374131751912,0.8714844658970833
base,qnli+qqp+sst2+record+hellaswag+winogrande,6,stsb,0.58445048718048,0.8474820466446025
base,qnli+qqp+sst2+record+hellaswag+winogrande,6,cr,0.7269193381071091,0.8942807125193732
base,qnli+qqp+sst2+record+hellaswag+winogrande,6,rotten_tomatoes,0.742873718429889,0.8976702855101654
base,qnli+qqp+sst2+record+hellaswag+winogrande,6,multirc,0.6341655439963299,0.8588451575487852
base,qnli+qqp+sst2+record+hellaswag+winogrande,6,copa,0.6108430963275688,0.8542138463152307
base,qnli+qqp+sst2+record+hellaswag+winogrande,6,piqa,0.6953332856563585,0.8785308942730937
base,qnli+qqp+sst2+record+imdb,5,mrpc,0.6518154894667012,0.8684967463569981
base,qnli+qqp+sst2+record+imdb,5,boolq,0.6259221488476864,0.858776418492198
base,qnli+qqp+sst2+record+imdb,5,rte,0.7030483170279435,0.8899195891405854
base,qnli+qqp+sst2+record+imdb,5,cola,0.63256511617718,0.860382167622447
base,qnli+qqp+sst2+record+imdb,5,cb,0.6444304165031228,0.8689511338514941
base,qnli+qqp+sst2+record+imdb,5,scitail,0.6707802736865622,0.872209460873689
base,qnli+qqp+sst2+record+imdb,5,stsb,0.5751208046318165,0.8470280803740025
base,qnli+qqp+sst2+record+imdb,5,cr,0.7510231616241592,0.9044698689665113
base,qnli+qqp+sst2+record+imdb,5,rotten_tomatoes,0.7669982157115426,0.907649215310812
base,qnli+qqp+sst2+record+imdb,5,multirc,0.6270326657353767,0.8581872545182705
base,qnli+qqp+sst2+record+imdb,5,copa,0.5927346806441035,0.8490007881607328
base,qnli+qqp+sst2+record+imdb,5,piqa,0.6160160861244159,0.8535238437886749
base,qnli+qqp+sst2+record+imdb+hellaswag,6,mrpc,0.6549516139285905,0.8686975331178733
base,qnli+qqp+sst2+record+imdb+hellaswag,6,boolq,0.628945380382772,0.8589633583490338
base,qnli+qqp+sst2+record+imdb+hellaswag,6,rte,0.707280217270766,0.8900228632347924
base,qnli+qqp+sst2+record+imdb+hellaswag,6,cola,0.6362870787270367,0.860894627603037
base,qnli+qqp+sst2+record+imdb+hellaswag,6,cb,0.6507823618927172,0.8697367033788136
base,qnli+qqp+sst2+record+imdb+hellaswag,6,scitail,0.6738729442336729,0.8720283239547696
base,qnli+qqp+sst2+record+imdb+hellaswag,6,stsb,0.5805767374113202,0.8473619752164397
base,qnli+qqp+sst2+record+imdb+hellaswag,6,cr,0.7521347153399672,0.9040353713291032
base,qnli+qqp+sst2+record+imdb+hellaswag,6,rotten_tomatoes,0.7675942086747715,0.9072283336094448
base,qnli+qqp+sst2+record+imdb+hellaswag,6,multirc,0.6307960565734122,0.8586397309388433
base,qnli+qqp+sst2+record+imdb+hellaswag,6,copa,0.6031160250838313,0.8520962864692722
base,qnli+qqp+sst2+record+imdb+hellaswag,6,piqa,0.6646100250072777,0.8688822761178017
base,qnli+qqp+sst2+record+imdb+hellaswag+winogrande,7,mrpc,0.6562828118247646,0.8686472794839314
base,qnli+qqp+sst2+record+imdb+hellaswag+winogrande,7,boolq,0.6313430488641772,0.8592182517583881
base,qnli+qqp+sst2+record+imdb+hellaswag+winogrande,7,rte,0.7075472460793597,0.8897511001144137
base,qnli+qqp+sst2+record+imdb+hellaswag+winogrande,7,cola,0.6376945293907609,0.8609760784144912
base,qnli+qqp+sst2+record+imdb+hellaswag+winogrande,7,cb,0.6524137535265514,0.8695711086371115
base,qnli+qqp+sst2+record+imdb+hellaswag+winogrande,7,scitail,0.674242902547121,0.8718814187284026
base,qnli+qqp+sst2+record+imdb+hellaswag+winogrande,7,stsb,0.5826176493428648,0.8475868414555278
base,qnli+qqp+sst2+record+imdb+hellaswag+winogrande,7,cr,0.7524098828434944,0.903816203453711
base,qnli+qqp+sst2+record+imdb+hellaswag+winogrande,7,rotten_tomatoes,0.7676672978060586,0.9069274887442589
base,qnli+qqp+sst2+record+imdb+hellaswag+winogrande,7,multirc,0.6325373695498067,0.8589281234890223
base,qnli+qqp+sst2+record+imdb+hellaswag+winogrande,7,copa,0.6124995263027293,0.8550072703510523
base,qnli+qqp+sst2+record+imdb+hellaswag+winogrande,7,piqa,0.69363071223987,0.8783687629870006
base,qnli+qqp+sst2+record+imdb+squad_v2,6,mrpc,0.6689947614712375,0.8682694472372532
base,qnli+qqp+sst2+record+imdb+squad_v2,6,boolq,0.6467995883098671,0.8593133126518556
base,qnli+qqp+sst2+record+imdb+squad_v2,6,rte,0.7157532405108213,0.8874013264264379
base,qnli+qqp+sst2+record+imdb+squad_v2,6,cola,0.6598789819649288,0.8627644630947283
base,qnli+qqp+sst2+record+imdb+squad_v2,6,cb,0.6655385962554387,0.8685788081160614
base,qnli+qqp+sst2+record+imdb+squad_v2,6,scitail,0.687803683004209,0.872009611289416
base,qnli+qqp+sst2+record+imdb+squad_v2,6,stsb,0.600193999973791,0.8477759563497135
base,qnli+qqp+sst2+record+imdb+squad_v2,6,cr,0.7556902550693069,0.9013479516974517
base,qnli+qqp+sst2+record+imdb+squad_v2,6,rotten_tomatoes,0.7702826977308307,0.9050892910787037
base,qnli+qqp+sst2+record+imdb+squad_v2,6,multirc,0.6533338804064053,0.8605118359306029
base,qnli+qqp+sst2+record+imdb+squad_v2,6,copa,0.6222058084926435,0.8507048519594329
base,qnli+qqp+sst2+record+imdb+squad_v2,6,piqa,0.6388082812939372,0.8546765388122627
base,qnli+qqp+sst2+record+imdb+squad_v2+hellaswag,7,mrpc,0.670675073617271,0.8684673777648381
base,qnli+qqp+sst2+record+imdb+squad_v2+hellaswag,7,boolq,0.648567808791995,0.8594639354518482
base,qnli+qqp+sst2+record+imdb+squad_v2+hellaswag,7,rte,0.7177070735820702,0.8876154981553555
base,qnli+qqp+sst2+record+imdb+squad_v2+hellaswag,7,cola,0.6620334322963443,0.8631799519062042
base,qnli+qqp+sst2+record+imdb+squad_v2+hellaswag,7,cb,0.6691549364477396,0.8693862365824836
base,qnli+qqp+sst2+record+imdb+squad_v2+hellaswag,7,scitail,0.6882960053959063,0.8719143111790929
base,qnli+qqp+sst2+record+imdb+squad_v2+hellaswag,7,stsb,0.6040838473875608,0.8480616616351264
base,qnli+qqp+sst2+record+imdb+squad_v2+hellaswag,7,cr,0.7563165852001735,0.9010526298412255
base,qnli+qqp+sst2+record+imdb+squad_v2+hellaswag,7,rotten_tomatoes,0.7705707209450858,0.9047796816698143
base,qnli+qqp+sst2+record+imdb+squad_v2+hellaswag,7,multirc,0.6553252766441021,0.8607604751097304
base,qnli+qqp+sst2+record+imdb+squad_v2+hellaswag,7,copa,0.6294467550303254,0.8531605537448611
base,qnli+qqp+sst2+record+imdb+squad_v2+hellaswag,7,piqa,0.681893540546298,0.8680025088999953
base,qnli+qqp+sst2+record+imdb+squad_v2+hellaswag+winogrande,8,mrpc,0.6710854249873331,0.8686007048402514
base,qnli+qqp+sst2+record+imdb+squad_v2+hellaswag+winogrande,8,boolq,0.6498118271785123,0.8595913776329586
base,qnli+qqp+sst2+record+imdb+squad_v2+hellaswag+winogrande,8,rte,0.7172334670488324,0.8874145788805825
base,qnli+qqp+sst2+record+imdb+squad_v2+hellaswag+winogrande,8,cola,0.6625011816088643,0.8631933017500809
base,qnli+qqp+sst2+record+imdb+squad_v2+hellaswag+winogrande,8,cb,0.6692111148898091,0.86917887202331
base,qnli+qqp+sst2+record+imdb+squad_v2+hellaswag+winogrande,8,scitail,0.6883450248943908,0.8718794964786086
base,qnli+qqp+sst2+record+imdb+squad_v2+hellaswag+winogrande,8,stsb,0.604699155581849,0.848202469093459
base,qnli+qqp+sst2+record+imdb+squad_v2+hellaswag+winogrande,8,cr,0.7565260902047157,0.9009308117840972
base,qnli+qqp+sst2+record+imdb+squad_v2+hellaswag+winogrande,8,rotten_tomatoes,0.7705087148185287,0.9045846291950771
base,qnli+qqp+sst2+record+imdb+squad_v2+hellaswag+winogrande,8,multirc,0.6558151608332992,0.8609200660139322
base,qnli+qqp+sst2+record+imdb+squad_v2+hellaswag+winogrande,8,copa,0.6356538866779634,0.8554722900901522
base,qnli+qqp+sst2+record+imdb+squad_v2+hellaswag+winogrande,8,piqa,0.7073816103594643,0.8771552898521934
base,qnli+qqp+sst2+record+imdb+squad_v2+winogrande,7,mrpc,0.669922539432134,0.8684063069522381
base,qnli+qqp+sst2+record+imdb+squad_v2+winogrande,7,boolq,0.648882279571678,0.8595263556178127
base,qnli+qqp+sst2+record+imdb+squad_v2+winogrande,7,rte,0.7158080640115908,0.8872826988143581
base,qnli+qqp+sst2+record+imdb+squad_v2+winogrande,7,cola,0.6608907088105168,0.8628492392599583
base,qnli+qqp+sst2+record+imdb+squad_v2+winogrande,7,cb,0.6661519642387118,0.8684467231588704
base,qnli+qqp+sst2+record+imdb+squad_v2+winogrande,7,scitail,0.687985480629972,0.8719191748116698
base,qnli+qqp+sst2+record+imdb+squad_v2+winogrande,7,stsb,0.6021783788289342,0.8479862827807665
base,qnli+qqp+sst2+record+imdb+squad_v2+winogrande,7,cr,0.7563559154846838,0.9011817835271358
base,qnli+qqp+sst2+record+imdb+squad_v2+winogrande,7,rotten_tomatoes,0.7705113028309175,0.9048316068947315
base,qnli+qqp+sst2+record+imdb+squad_v2+winogrande,7,multirc,0.65456001433943,0.860698508896998
base,qnli+qqp+sst2+record+imdb+squad_v2+winogrande,7,copa,0.6304824370890856,0.8534019413803305
base,qnli+qqp+sst2+record+imdb+squad_v2+winogrande,7,piqa,0.6914556960442236,0.8713029780025993
base,qnli+qqp+sst2+record+imdb+winogrande,6,mrpc,0.6539223936519453,0.8685109099107129
base,qnli+qqp+sst2+record+imdb+winogrande,6,boolq,0.6295390626681703,0.8591094637023551
base,qnli+qqp+sst2+record+imdb+winogrande,6,rte,0.7052757455302137,0.8896776512265205
base,qnli+qqp+sst2+record+imdb+winogrande,6,cola,0.6349293886284743,0.8606011111821447
base,qnli+qqp+sst2+record+imdb+winogrande,6,cb,0.6474387355680976,0.8688513716416699
base,qnli+qqp+sst2+record+imdb+winogrande,6,scitail,0.6732675757791314,0.8720373835946832
base,qnli+qqp+sst2+record+imdb+winogrande,6,stsb,0.5787203210139913,0.8471918079469886
base,qnli+qqp+sst2+record+imdb+winogrande,6,cr,0.7519072938178267,0.9041702699448381
base,qnli+qqp+sst2+record+imdb+winogrande,6,rotten_tomatoes,0.7674680610320398,0.907289481056588
base,qnli+qqp+sst2+record+imdb+winogrande,6,multirc,0.6299600631796888,0.8585534989833832
base,qnli+qqp+sst2+record+imdb+winogrande,6,copa,0.6046758630046887,0.8526726841394391
base,qnli+qqp+sst2+record+imdb+winogrande,6,piqa,0.6741132718910064,0.8720465156116656
base,qnli+qqp+sst2+record+paws,5,mrpc,0.652058334755046,0.868154088301318
base,qnli+qqp+sst2+record+paws,5,boolq,0.6853465738573244,0.8769955241254398
base,qnli+qqp+sst2+record+paws,5,rte,0.7026724381638425,0.8889980970748833
base,qnli+qqp+sst2+record+paws,5,cola,0.6327339219860733,0.8598876020738057
base,qnli+qqp+sst2+record+paws,5,cb,0.6358658626143422,0.8653502642576184
base,qnli+qqp+sst2+record+paws,5,scitail,0.67344783592437,0.8722974588828427
base,qnli+qqp+sst2+record+paws,5,stsb,0.5782933477312326,0.8474851891930614
base,qnli+qqp+sst2+record+paws,5,cr,0.7223504765757492,0.8940790721348354
base,qnli+qqp+sst2+record+paws,5,rotten_tomatoes,0.739949748984405,0.8977305314370564
base,qnli+qqp+sst2+record+paws,5,multirc,0.6789209651095527,0.8745198611702237
base,qnli+qqp+sst2+record+paws,5,copa,0.591911642013916,0.8484254128166607
base,qnli+qqp+sst2+record+paws,5,piqa,0.6198077855764755,0.8542660027742386
base,qnli+qqp+sst2+record+paws+hellaswag,6,mrpc,0.6550131818013532,0.8683836406895092
base,qnli+qqp+sst2+record+paws+hellaswag,6,boolq,0.6869088246354035,0.8768997160451752
base,qnli+qqp+sst2+record+paws+hellaswag,6,rte,0.7057343154613461,0.8891934007406235
base,qnli+qqp+sst2+record+paws+hellaswag,6,cola,0.6361624984336751,0.860343226896865
base,qnli+qqp+sst2+record+paws+hellaswag,6,cb,0.6418687475046941,0.8663377764501742
base,qnli+qqp+sst2+record+paws+hellaswag,6,scitail,0.674789980586086,0.8721592668443918
base,qnli+qqp+sst2+record+paws+hellaswag,6,stsb,0.583456110874457,0.8477897436491081
base,qnli+qqp+sst2+record+paws+hellaswag,6,cr,0.7240534081522908,0.8938725803579602
base,qnli+qqp+sst2+record+paws+hellaswag,6,rotten_tomatoes,0.7410752783928599,0.8974346667528152
base,qnli+qqp+sst2+record+paws+hellaswag,6,multirc,0.6812804370586362,0.8746944274753332
base,qnli+qqp+sst2+record+paws+hellaswag,6,copa,0.6016579224461955,0.8512878825089761
base,qnli+qqp+sst2+record+paws+hellaswag,6,piqa,0.6670203813617783,0.8692495554153409
base,qnli+qqp+sst2+record+paws+hellaswag+winogrande,7,mrpc,0.6561932268419436,0.8683323482317584
base,qnli+qqp+sst2+record+paws+hellaswag+winogrande,7,boolq,0.6896822103964431,0.8768805842846632
base,qnli+qqp+sst2+record+paws+hellaswag+winogrande,7,rte,0.7057356996727842,0.8888853506318161
base,qnli+qqp+sst2+record+paws+hellaswag+winogrande,7,cola,0.6375415762886405,0.8603798063205821
base,qnli+qqp+sst2+record+paws+hellaswag+winogrande,7,cb,0.6435682033853871,0.8662148879042694
base,qnli+qqp+sst2+record+paws+hellaswag+winogrande,7,scitail,0.6752258658941303,0.8720247535301107
base,qnli+qqp+sst2+record+paws+hellaswag+winogrande,7,stsb,0.585594078658947,0.847900158858725
base,qnli+qqp+sst2+record+paws+hellaswag+winogrande,7,cr,0.7251126957791192,0.8937983906694821
base,qnli+qqp+sst2+record+paws+hellaswag+winogrande,7,rotten_tomatoes,0.7415450018431459,0.8972597287169525
base,qnli+qqp+sst2+record+paws+hellaswag+winogrande,7,multirc,0.6839039150093283,0.8748368067400796
base,qnli+qqp+sst2+record+paws+hellaswag+winogrande,7,copa,0.6115903641496386,0.8542252339954887
base,qnli+qqp+sst2+record+paws+hellaswag+winogrande,7,piqa,0.6991794873028994,0.8786374570003578
base,qnli+qqp+sst2+record+paws+imdb,6,mrpc,0.6542958265968731,0.8692825601569244
base,qnli+qqp+sst2+record+paws+imdb,6,boolq,0.6844355381493058,0.8772304321506194
base,qnli+qqp+sst2+record+paws+imdb,6,rte,0.7053753699042967,0.8903134795171874
base,qnli+qqp+sst2+record+paws+imdb,6,cola,0.6344829173758626,0.860919675124543
base,qnli+qqp+sst2+record+paws+imdb,6,cb,0.6456652100064925,0.8687011961426053
base,qnli+qqp+sst2+record+paws+imdb,6,scitail,0.6734818345201867,0.87270466451134
base,qnli+qqp+sst2+record+paws+imdb,6,stsb,0.5766447489815099,0.8475040697625705
base,qnli+qqp+sst2+record+paws+imdb,6,cr,0.7489965007241283,0.9038226849266461
base,qnli+qqp+sst2+record+paws+imdb,6,rotten_tomatoes,0.7654642005051885,0.9070911423436233
base,qnli+qqp+sst2+record+paws+imdb,6,multirc,0.6769853519009692,0.874484941895519
base,qnli+qqp+sst2+record+paws+imdb,6,copa,0.5943481871592147,0.8494786468467542
base,qnli+qqp+sst2+record+paws+imdb,6,piqa,0.6183006349019706,0.8542564221258674
base,qnli+qqp+sst2+record+paws+imdb+hellaswag,7,mrpc,0.6569619641772338,0.8694533338504178
base,qnli+qqp+sst2+record+paws+imdb+hellaswag,7,boolq,0.6855962398861136,0.8770955489682299
base,qnli+qqp+sst2+record+paws+imdb+hellaswag,7,rte,0.7080169681991849,0.8904228567012719
base,qnli+qqp+sst2+record+paws+imdb+hellaswag,7,cola,0.6375369629822671,0.8613859532134873
base,qnli+qqp+sst2+record+paws+imdb+hellaswag,7,cb,0.6504695346312863,0.8695319249693837
base,qnli+qqp+sst2+record+paws+imdb+hellaswag,7,scitail,0.6747302804142237,0.87255777365395
base,qnli+qqp+sst2+record+paws+imdb+hellaswag,7,stsb,0.5816555874023054,0.8478193078190088
base,qnli+qqp+sst2+record+paws+imdb+hellaswag,7,cr,0.7498862591705152,0.903489236320768
base,qnli+qqp+sst2+record+paws+imdb+hellaswag,7,rotten_tomatoes,0.7660247526530709,0.9066932909190655
base,qnli+qqp+sst2+record+paws+imdb+hellaswag,7,multirc,0.6789381860622338,0.8746778635042054
base,qnli+qqp+sst2+record+paws+imdb+hellaswag,7,copa,0.6039750328553575,0.8523358715964215
base,qnli+qqp+sst2+record+paws+imdb+hellaswag,7,piqa,0.6651989598093289,0.8691551360700812
base,qnli+qqp+sst2+record+paws+imdb+hellaswag+winogrande,8,mrpc,0.6579902797405209,0.8694321396095412
base,qnli+qqp+sst2+record+paws+imdb+hellaswag+winogrande,8,boolq,0.6889377651470048,0.8770746514201164
base,qnli+qqp+sst2+record+paws+imdb+hellaswag+winogrande,8,rte,0.7080242963773864,0.8901202146496091
base,qnli+qqp+sst2+record+paws+imdb+hellaswag+winogrande,8,cola,0.6388544311214771,0.8614037138010774
base,qnli+qqp+sst2+record+paws+imdb+hellaswag+winogrande,8,cb,0.6518517360091209,0.8693785542356116
base,qnli+qqp+sst2+record+paws+imdb+hellaswag+winogrande,8,scitail,0.6751286775938102,0.8724026195704937
base,qnli+qqp+sst2+record+paws+imdb+hellaswag+winogrande,8,stsb,0.5835040447834346,0.8479537205504519
base,qnli+qqp+sst2+record+paws+imdb+hellaswag+winogrande,8,cr,0.7502187258963074,0.9033168075340134
base,qnli+qqp+sst2+record+paws+imdb+hellaswag+winogrande,8,rotten_tomatoes,0.76607124480818,0.9064536169171333
base,qnli+qqp+sst2+record+paws+imdb+hellaswag+winogrande,8,multirc,0.6821496015680688,0.8747826322380986
base,qnli+qqp+sst2+record+paws+imdb+hellaswag+winogrande,8,copa,0.6125266142189503,0.855038960863437
base,qnli+qqp+sst2+record+paws+imdb+hellaswag+winogrande,8,piqa,0.6936157614524875,0.8785138127527067
base,qnli+qqp+sst2+record+paws+imdb+squad_v2,7,mrpc,0.6701046845742634,0.8690613524190017
base,qnli+qqp+sst2+record+paws+imdb+squad_v2,7,boolq,0.6993608171386378,0.8761719050151962
base,qnli+qqp+sst2+record+paws+imdb+squad_v2,7,rte,0.7160163755927768,0.8879161014088562
base,qnli+qqp+sst2+record+paws+imdb+squad_v2,7,cola,0.6602383181452751,0.8633167826171432
base,qnli+qqp+sst2+record+paws+imdb+squad_v2,7,cb,0.6644786457930293,0.8684945298092706
base,qnli+qqp+sst2+record+paws+imdb+squad_v2,7,scitail,0.6881065033376217,0.8724667911550829
base,qnli+qqp+sst2+record+paws+imdb+squad_v2,7,stsb,0.6002658465877175,0.8482722863554955
base,qnli+qqp+sst2+record+paws+imdb+squad_v2,7,cr,0.7537057208163398,0.9008468740752765
base,qnli+qqp+sst2+record+paws+imdb+squad_v2,7,rotten_tomatoes,0.7687162639839309,0.9046117530337402
base,qnli+qqp+sst2+record+paws+imdb+squad_v2,7,multirc,0.6986728422343731,0.8755780942738056
base,qnli+qqp+sst2+record+paws+imdb+squad_v2,7,copa,0.6218894448663507,0.8510093598493508
base,qnli+qqp+sst2+record+paws+imdb+squad_v2,7,piqa,0.6394901665459786,0.8551630862057209
base,qnli+qqp+sst2+record+paws+imdb+squad_v2+hellaswag,8,mrpc,0.6715916230210236,0.869156147220305
base,qnli+qqp+sst2+record+paws+imdb+squad_v2+hellaswag,8,boolq,0.7002822799342019,0.8761667375053678
base,qnli+qqp+sst2+record+paws+imdb+squad_v2+hellaswag,8,rte,0.7175914687769753,0.8880940186125892
base,qnli+qqp+sst2+record+paws+imdb+squad_v2+hellaswag,8,cola,0.6621141678520611,0.8636709084468228
base,qnli+qqp+sst2+record+paws+imdb+squad_v2+hellaswag,8,cb,0.6676128354987928,0.8692911520068135
base,qnli+qqp+sst2+record+paws+imdb+squad_v2+hellaswag,8,scitail,0.6886513477989605,0.8724233497466359
base,qnli+qqp+sst2+record+paws+imdb+squad_v2+hellaswag,8,stsb,0.6039419208786317,0.8484845134828772
base,qnli+qqp+sst2+record+paws+imdb+squad_v2+hellaswag,8,cr,0.7542985158839396,0.9006248925413404
base,qnli+qqp+sst2+record+paws+imdb+squad_v2+hellaswag,8,rotten_tomatoes,0.7689805115972247,0.9043490684458187
base,qnli+qqp+sst2+record+paws+imdb+squad_v2+hellaswag,8,multirc,0.6998911154057298,0.8756820878812245
base,qnli+qqp+sst2+record+paws+imdb+squad_v2+hellaswag,8,copa,0.6286104651434081,0.8532185253820249
base,qnli+qqp+sst2+record+paws+imdb+squad_v2+hellaswag,8,piqa,0.6815071494451591,0.8682177934263434
base,qnli+qqp+sst2+record+paws+imdb+squad_v2+hellaswag+winogrande,9,mrpc,0.6719185630125659,0.8692379519343376
base,qnli+qqp+sst2+record+paws+imdb+squad_v2+hellaswag+winogrande,9,boolq,0.7008548352335181,0.8761492406151125
base,qnli+qqp+sst2+record+paws+imdb+squad_v2+hellaswag+winogrande,9,rte,0.7171754113265446,0.8878245923135962
base,qnli+qqp+sst2+record+paws+imdb+squad_v2+hellaswag+winogrande,9,cola,0.6625358725764922,0.8636289068630764
base,qnli+qqp+sst2+record+paws+imdb+squad_v2+hellaswag+winogrande,9,cb,0.6678166793925422,0.8690772929361888
base,qnli+qqp+sst2+record+paws+imdb+squad_v2+hellaswag+winogrande,9,scitail,0.688433743215033,0.8723285512200424
base,qnli+qqp+sst2+record+paws+imdb+squad_v2+hellaswag+winogrande,9,stsb,0.6045548258615392,0.8485099612069982
base,qnli+qqp+sst2+record+paws+imdb+squad_v2+hellaswag+winogrande,9,cr,0.7544378736721618,0.9005427019936698
base,qnli+qqp+sst2+record+paws+imdb+squad_v2+hellaswag+winogrande,9,rotten_tomatoes,0.7688545023224184,0.9041978966976915
base,qnli+qqp+sst2+record+paws+imdb+squad_v2+hellaswag+winogrande,9,multirc,0.7000366571758475,0.8756989158157792
base,qnli+qqp+sst2+record+paws+imdb+squad_v2+hellaswag+winogrande,9,copa,0.6344851183571986,0.8554878844214338
base,qnli+qqp+sst2+record+paws+imdb+squad_v2+hellaswag+winogrande,9,piqa,0.706719934674246,0.8772851726306337
base,qnli+qqp+sst2+record+paws+imdb+squad_v2+winogrande,8,mrpc,0.6708888028349195,0.8691253369407994
base,qnli+qqp+sst2+record+paws+imdb+squad_v2+winogrande,8,boolq,0.7003890717668193,0.8761996525738921
base,qnli+qqp+sst2+record+paws+imdb+squad_v2+winogrande,8,rte,0.7160337777542216,0.8877381011843681
base,qnli+qqp+sst2+record+paws+imdb+squad_v2+winogrande,8,cola,0.661241329940302,0.8632911425083876
base,qnli+qqp+sst2+record+paws+imdb+squad_v2+winogrande,8,cb,0.6650773725871529,0.8683053962886333
base,qnli+qqp+sst2+record+paws+imdb+squad_v2+winogrande,8,scitail,0.6882046844278064,0.87238481427942
base,qnli+qqp+sst2+record+paws+imdb+squad_v2+winogrande,8,stsb,0.6020801016794783,0.84836538455316
base,qnli+qqp+sst2+record+paws+imdb+squad_v2+winogrande,8,cr,0.7542266276265893,0.9007695487567356
base,qnli+qqp+sst2+record+paws+imdb+squad_v2+winogrande,8,rotten_tomatoes,0.7689125990228993,0.9044590634959084
base,qnli+qqp+sst2+record+paws+imdb+squad_v2+winogrande,8,multirc,0.6991329685385738,0.8755856709820884
base,qnli+qqp+sst2+record+paws+imdb+squad_v2+winogrande,8,copa,0.6299061237701348,0.8536194594843047
base,qnli+qqp+sst2+record+paws+imdb+squad_v2+winogrande,8,piqa,0.6912937579410416,0.871596799631204
base,qnli+qqp+sst2+record+paws+imdb+winogrande,7,mrpc,0.6560039121125426,0.8693466782569885
base,qnli+qqp+sst2+record+paws+imdb+winogrande,7,boolq,0.6858487972723586,0.8772059410278287
base,qnli+qqp+sst2+record+paws+imdb+winogrande,7,rte,0.7059605981090239,0.890013617596456
base,qnli+qqp+sst2+record+paws+imdb+winogrande,7,cola,0.6364079786331526,0.8610620362950223
base,qnli+qqp+sst2+record+paws+imdb+winogrande,7,cb,0.6473257882254464,0.8686363287270069
base,qnli+qqp+sst2+record+paws+imdb+winogrande,7,scitail,0.6742020629878555,0.8725326979266745
base,qnli+qqp+sst2+record+paws+imdb+winogrande,7,stsb,0.5798159453884831,0.8476084814007793
base,qnli+qqp+sst2+record+paws+imdb+winogrande,7,cr,0.7497926253293242,0.9036340484661716
base,qnli+qqp+sst2+record+paws+imdb+winogrande,7,rotten_tomatoes,0.7658911113228116,0.9068215345697743
base,qnli+qqp+sst2+record+paws+imdb+winogrande,7,multirc,0.6780756355396339,0.8746060087744679
base,qnli+qqp+sst2+record+paws+imdb+winogrande,7,copa,0.6052931748064501,0.8529348977442298
base,qnli+qqp+sst2+record+paws+imdb+winogrande,7,piqa,0.6748952058010868,0.8723786970866578
base,qnli+qqp+sst2+record+paws+squad_v2,6,mrpc,0.668596651405096,0.8678975397987025
base,qnli+qqp+sst2+record+paws+squad_v2,6,boolq,0.699901462665626,0.8759932533970901
base,qnli+qqp+sst2+record+paws+squad_v2,6,rte,0.7137153789933238,0.8865486069449356
base,qnli+qqp+sst2+record+paws+squad_v2,6,cola,0.6592937204986811,0.8623373966131892
base,qnli+qqp+sst2+record+paws+squad_v2,6,cb,0.6571203225425312,0.8652655085814851
base,qnli+qqp+sst2+record+paws+squad_v2,6,scitail,0.6884023983563695,0.87206231563219
base,qnli+qqp+sst2+record+paws+squad_v2,6,stsb,0.6021699933335185,0.8482167441397905
base,qnli+qqp+sst2+record+paws+squad_v2,6,cr,0.7298613866525037,0.8911173966314111
base,qnli+qqp+sst2+record+paws+squad_v2,6,rotten_tomatoes,0.7448934407106468,0.8951811556305204
base,qnli+qqp+sst2+record+paws+squad_v2,6,multirc,0.6999233452869313,0.8756161430584533
base,qnli+qqp+sst2+record+paws+squad_v2,6,copa,0.621397254722459,0.850274345172303
base,qnli+qqp+sst2+record+paws+squad_v2,6,piqa,0.6411717872002295,0.8551264524992023
base,qnli+qqp+sst2+record+paws+squad_v2+hellaswag,7,mrpc,0.6703610223318849,0.8680290867175374
base,qnli+qqp+sst2+record+paws+squad_v2+hellaswag,7,boolq,0.7008612432650158,0.8759684219424214
base,qnli+qqp+sst2+record+paws+squad_v2+hellaswag,7,rte,0.7155747272606406,0.8867699189909867
base,qnli+qqp+sst2+record+paws+squad_v2+hellaswag,7,cola,0.661387068352529,0.862743074872664
base,qnli+qqp+sst2+record+paws+squad_v2+hellaswag,7,cb,0.6610151276524577,0.866232644500477
base,qnli+qqp+sst2+record+paws+squad_v2+hellaswag,7,scitail,0.688994742131659,0.8720544555357524
base,qnli+qqp+sst2+record+paws+squad_v2+hellaswag,7,stsb,0.6058267111490879,0.8483859329883542
base,qnli+qqp+sst2+record+paws+squad_v2+hellaswag,7,cr,0.7310017278151852,0.8910545126668045
base,qnli+qqp+sst2+record+paws+squad_v2+hellaswag,7,rotten_tomatoes,0.7454615450863328,0.894981998950243
base,qnli+qqp+sst2+record+paws+squad_v2+hellaswag,7,multirc,0.7013496040765729,0.8757154050150088
base,qnli+qqp+sst2+record+paws+squad_v2+hellaswag,7,copa,0.6282258683017322,0.8525268544575998
base,qnli+qqp+sst2+record+paws+squad_v2+hellaswag,7,piqa,0.6832888089120388,0.8682925464319331
base,qnli+qqp+sst2+record+paws+squad_v2+hellaswag+winogrande,8,mrpc,0.6707015577703714,0.868129066590752
base,qnli+qqp+sst2+record+paws+squad_v2+hellaswag+winogrande,8,boolq,0.7014561505722148,0.8759832656277078
base,qnli+qqp+sst2+record+paws+squad_v2+hellaswag+winogrande,8,rte,0.7151523211172649,0.8865570628217289
base,qnli+qqp+sst2+record+paws+squad_v2+hellaswag+winogrande,8,cola,0.6617190811250891,0.8626814527170998
base,qnli+qqp+sst2+record+paws+squad_v2+hellaswag+winogrande,8,cb,0.6614080715392318,0.8661406971514225
base,qnli+qqp+sst2+record+paws+squad_v2+hellaswag+winogrande,8,scitail,0.6887319891580513,0.871988518429654
base,qnli+qqp+sst2+record+paws+squad_v2+hellaswag+winogrande,8,stsb,0.6065449853028569,0.8484124557248184
base,qnli+qqp+sst2+record+paws+squad_v2+hellaswag+winogrande,8,cr,0.7315349903489862,0.8910871483385563
base,qnli+qqp+sst2+record+paws+squad_v2+hellaswag+winogrande,8,rotten_tomatoes,0.7456625167812619,0.8949032335409096
base,qnli+qqp+sst2+record+paws+squad_v2+hellaswag+winogrande,8,multirc,0.7014350449400288,0.8757292473954814
base,qnli+qqp+sst2+record+paws+squad_v2+hellaswag+winogrande,8,copa,0.6342052617775542,0.8548236875129598
base,qnli+qqp+sst2+record+paws+squad_v2+hellaswag+winogrande,8,piqa,0.7082399595528841,0.8773385690791267
base,qnli+qqp+sst2+record+paws+squad_v2+winogrande,7,mrpc,0.6694733468549592,0.8680028000048229
base,qnli+qqp+sst2+record+paws+squad_v2+winogrande,7,boolq,0.7010434224669423,0.8760697399931294
base,qnli+qqp+sst2+record+paws+squad_v2+winogrande,7,rte,0.7137547436037234,0.886422413800444
base,qnli+qqp+sst2+record+paws+squad_v2+winogrande,7,cola,0.6602136277194534,0.8623087132083518
base,qnli+qqp+sst2+record+paws+squad_v2+winogrande,7,cb,0.6581292431801558,0.8652457062687192
base,qnli+qqp+sst2+record+paws+squad_v2+winogrande,7,scitail,0.6885749346443585,0.8720437839095082
base,qnli+qqp+sst2+record+paws+squad_v2+winogrande,7,stsb,0.604106272703835,0.8482129041637693
base,qnli+qqp+sst2+record+paws+squad_v2+winogrande,7,cr,0.730917588142412,0.891134725617511
base,qnli+qqp+sst2+record+paws+squad_v2+winogrande,7,rotten_tomatoes,0.7455083919422967,0.8951183200946876
base,qnli+qqp+sst2+record+paws+squad_v2+winogrande,7,multirc,0.7005583194217512,0.8756482175418309
base,qnli+qqp+sst2+record+paws+squad_v2+winogrande,7,copa,0.6295004819652864,0.8529137543269566
base,qnli+qqp+sst2+record+paws+squad_v2+winogrande,7,piqa,0.6927789255444493,0.8716202434152365
base,qnli+qqp+sst2+record+paws+winogrande,6,mrpc,0.6540179909872157,0.8682725520006248
base,qnli+qqp+sst2+record+paws+winogrande,6,boolq,0.6885644290596247,0.8770091006798404
base,qnli+qqp+sst2+record+paws+winogrande,6,rte,0.7034382937209946,0.8887047794248376
base,qnli+qqp+sst2+record+paws+winogrande,6,cola,0.635014733299613,0.8600842697279794
base,qnli+qqp+sst2+record+paws+winogrande,6,cb,0.638545446363943,0.8652455040386745
base,qnli+qqp+sst2+record+paws+winogrande,6,scitail,0.6743980600897755,0.8721487152257136
base,qnli+qqp+sst2+record+paws+winogrande,6,stsb,0.5816391735071582,0.847579796399389
base,qnli+qqp+sst2+record+paws+winogrande,6,cr,0.72402169475598,0.8939996872629438
base,qnli+qqp+sst2+record+paws+winogrande,6,rotten_tomatoes,0.7409642128539937,0.8975406140089035
base,qnli+qqp+sst2+record+paws+winogrande,6,multirc,0.6820558982768229,0.8746491633355618
base,qnli+qqp+sst2+record+paws+winogrande,6,copa,0.6037393917462656,0.8520551049815757
base,qnli+qqp+sst2+record+paws+winogrande,6,piqa,0.6766236542857119,0.8724077144371611
base,qnli+qqp+sst2+record+snli,5,mrpc,0.6272840760648251,0.8669680117496422
base,qnli+qqp+sst2+record+snli,5,boolq,0.6033882681679513,0.8572165396596704
base,qnli+qqp+sst2+record+snli,5,rte,0.6832258044076818,0.889457644628627
base,qnli+qqp+sst2+record+snli,5,cola,0.6134680780981269,0.8597292024642229
base,qnli+qqp+sst2+record+snli,5,cb,0.6501682842416423,0.8825183047779969
base,qnli+qqp+sst2+record+snli,5,scitail,0.7002850946571145,0.886675165700061
base,qnli+qqp+sst2+record+snli,5,stsb,0.5558676915908498,0.8469728202159915
base,qnli+qqp+sst2+record+snli,5,cr,0.6920345114277942,0.8913628490907806
base,qnli+qqp+sst2+record+snli,5,rotten_tomatoes,0.7104251163878611,0.8950378777725356
base,qnli+qqp+sst2+record+snli,5,multirc,0.6114568214730493,0.8583404310047626
base,qnli+qqp+sst2+record+snli,5,copa,0.564403641037643,0.8469196230705295
base,qnli+qqp+sst2+record+snli,5,piqa,0.5990677720068821,0.8541100626545293
base,qnli+qqp+sst2+record+snli+anli_r1,6,mrpc,0.631665072270802,0.8684899125780378
base,qnli+qqp+sst2+record+snli+anli_r1,6,boolq,0.6032413272187114,0.8575438777250903
base,qnli+qqp+sst2+record+snli+anli_r1,6,rte,0.6947357768991164,0.8936116024851799
base,qnli+qqp+sst2+record+snli+anli_r1,6,cola,0.6148548090298261,0.8604660627565214
base,qnli+qqp+sst2+record+snli+anli_r1,6,cb,0.6841144713440112,0.8957707802099841
base,qnli+qqp+sst2+record+snli+anli_r1,6,scitail,0.7103487250528165,0.8902118152805737
base,qnli+qqp+sst2+record+snli+anli_r1,6,stsb,0.5545626834167966,0.8472119620335954
base,qnli+qqp+sst2+record+snli+anli_r1,6,cr,0.6941354526206851,0.8921594369624343
base,qnli+qqp+sst2+record+snli+anli_r1,6,rotten_tomatoes,0.7102270446983832,0.8953361346253327
base,qnli+qqp+sst2+record+snli+anli_r1,6,multirc,0.6107590548428041,0.8586470702929156
base,qnli+qqp+sst2+record+snli+anli_r1,6,copa,0.5648694218003324,0.8473184603665557
base,qnli+qqp+sst2+record+snli+anli_r1,6,piqa,0.5979341426199036,0.8541890305599996
base,qnli+qqp+sst2+record+snli+anli_r1+hellaswag,7,mrpc,0.6341667406793151,0.8686267302504608
base,qnli+qqp+sst2+record+snli+anli_r1+hellaswag,7,boolq,0.6060380096148167,0.8578116122101035
base,qnli+qqp+sst2+record+snli+anli_r1+hellaswag,7,rte,0.6970611286482641,0.893788531422615
base,qnli+qqp+sst2+record+snli+anli_r1+hellaswag,7,cola,0.6171604839286634,0.8606692339692797
base,qnli+qqp+sst2+record+snli+anli_r1+hellaswag,7,cb,0.6877281059111867,0.8960111625492573
base,qnli+qqp+sst2+record+snli+anli_r1+hellaswag,7,scitail,0.7114471255668572,0.8900883237698248
base,qnli+qqp+sst2+record+snli+anli_r1+hellaswag,7,stsb,0.55819512830515,0.847459688782692
base,qnli+qqp+sst2+record+snli+anli_r1+hellaswag,7,cr,0.6957659843776908,0.8920981974474022
base,qnli+qqp+sst2+record+snli+anli_r1+hellaswag,7,rotten_tomatoes,0.7112784179459725,0.8951704661761012
base,qnli+qqp+sst2+record+snli+anli_r1+hellaswag,7,multirc,0.6133636716487152,0.858930007953729
base,qnli+qqp+sst2+record+snli+anli_r1+hellaswag,7,copa,0.5726281002696071,0.8500269233648267
base,qnli+qqp+sst2+record+snli+anli_r1+hellaswag,7,piqa,0.6352062725595066,0.8681987712958029
base,qnli+qqp+sst2+record+snli+anli_r1+hellaswag+winogrande,8,mrpc,0.6361603311129979,0.8687441290489265
base,qnli+qqp+sst2+record+snli+anli_r1+hellaswag+winogrande,8,boolq,0.6089630662463605,0.8580016267618963
base,qnli+qqp+sst2+record+snli+anli_r1+hellaswag+winogrande,8,rte,0.698298203093665,0.8935350057269845
base,qnli+qqp+sst2+record+snli+anli_r1+hellaswag+winogrande,8,cola,0.6190577913740916,0.8609694468655756
base,qnli+qqp+sst2+record+snli+anli_r1+hellaswag+winogrande,8,cb,0.6887754313647747,0.8958057686686516
base,qnli+qqp+sst2+record+snli+anli_r1+hellaswag+winogrande,8,scitail,0.7121509491865124,0.8899683545210532
base,qnli+qqp+sst2+record+snli+anli_r1+hellaswag+winogrande,8,stsb,0.5606380216112095,0.8475685119628906
base,qnli+qqp+sst2+record+snli+anli_r1+hellaswag+winogrande,8,cr,0.700936155925904,0.8921204512672765
base,qnli+qqp+sst2+record+snli+anli_r1+hellaswag+winogrande,8,rotten_tomatoes,0.7162999010511807,0.8951429032853672
base,qnli+qqp+sst2+record+snli+anli_r1+hellaswag+winogrande,8,multirc,0.6154645938825395,0.8590962341321366
base,qnli+qqp+sst2+record+snli+anli_r1+hellaswag+winogrande,8,copa,0.5820664335042238,0.8528452965297869
base,qnli+qqp+sst2+record+snli+anli_r1+hellaswag+winogrande,8,piqa,0.6707345413576279,0.8774299414030143
base,qnli+qqp+sst2+record+snli+anli_r1+imdb,7,mrpc,0.6343312063919646,0.869384592132909
base,qnli+qqp+sst2+record+snli+anli_r1+imdb,7,boolq,0.6047138951585761,0.8578397852501699
base,qnli+qqp+sst2+record+snli+anli_r1+imdb,7,rte,0.6969806682318449,0.894398996340377
base,qnli+qqp+sst2+record+snli+anli_r1+imdb,7,cola,0.6170950841291675,0.8612765326563802
base,qnli+qqp+sst2+record+snli+anli_r1+imdb,7,cb,0.6904137302190065,0.8973664428506579
base,qnli+qqp+sst2+record+snli+anli_r1+imdb,7,scitail,0.7105403553162303,0.8903077292655196
base,qnli+qqp+sst2+record+snli+anli_r1+imdb,7,stsb,0.5545111938512751,0.8472099099308252
base,qnli+qqp+sst2+record+snli+anli_r1+imdb,7,cr,0.7242561395147017,0.9008959718048573
base,qnli+qqp+sst2+record+snli+anli_r1+imdb,7,rotten_tomatoes,0.7420731798878738,0.9042986705899239
base,qnli+qqp+sst2+record+snli+anli_r1+imdb,7,multirc,0.6105295343191496,0.8586944562516042
base,qnli+qqp+sst2+record+snli+anli_r1+imdb,7,copa,0.5687716874693122,0.8481951872152942
base,qnli+qqp+sst2+record+snli+anli_r1+imdb,7,piqa,0.5978443995783371,0.8542821316846779
base,qnli+qqp+sst2+record+snli+anli_r1+imdb+hellaswag,8,mrpc,0.6365359393613679,0.8694484052913529
base,qnli+qqp+sst2+record+snli+anli_r1+imdb+hellaswag,8,boolq,0.6072845211518663,0.8581107202917337
base,qnli+qqp+sst2+record+snli+anli_r1+imdb+hellaswag,8,rte,0.6990441797035081,0.8944895650659289
base,qnli+qqp+sst2+record+snli+anli_r1+imdb+hellaswag,8,cola,0.6192690174627516,0.8614616513784442
base,qnli+qqp+sst2+record+snli+anli_r1+imdb+hellaswag,8,cb,0.6933254636824131,0.8975001041378293
base,qnli+qqp+sst2+record+snli+anli_r1+imdb+hellaswag,8,scitail,0.7116041872650385,0.8902003355324268
base,qnli+qqp+sst2+record+snli+anli_r1+imdb+hellaswag,8,stsb,0.5580834949921284,0.8475090879946947
base,qnli+qqp+sst2+record+snli+anli_r1+imdb+hellaswag,8,cr,0.7254029696008989,0.9007025861314365
base,qnli+qqp+sst2+record+snli+anli_r1+imdb+hellaswag,8,rotten_tomatoes,0.7429024885807719,0.9040709068732602
base,qnli+qqp+sst2+record+snli+anli_r1+imdb+hellaswag,8,multirc,0.613163690282298,0.8589669394173792
base,qnli+qqp+sst2+record+snli+anli_r1+imdb+hellaswag,8,copa,0.5762502261703568,0.8508353214710951
base,qnli+qqp+sst2+record+snli+anli_r1+imdb+hellaswag,8,piqa,0.6346253148679223,0.8682302462735346
base,qnli+qqp+sst2+record+snli+anli_r1+imdb+hellaswag+winogrande,9,mrpc,0.6383202733205897,0.8695256039500237
base,qnli+qqp+sst2+record+snli+anli_r1+imdb+hellaswag+winogrande,9,boolq,0.6098361065877336,0.8583024982362986
base,qnli+qqp+sst2+record+snli+anli_r1+imdb+hellaswag+winogrande,9,rte,0.6998321959482772,0.8942851461470127
base,qnli+qqp+sst2+record+snli+anli_r1+imdb+hellaswag+winogrande,9,cola,0.6209340521267482,0.8616343699395657
base,qnli+qqp+sst2+record+snli+anli_r1+imdb+hellaswag+winogrande,9,cb,0.6939392334648541,0.8972628600895405
base,qnli+qqp+sst2+record+snli+anli_r1+imdb+hellaswag+winogrande,9,scitail,0.7121793553233147,0.8900885712355375
base,qnli+qqp+sst2+record+snli+anli_r1+imdb+hellaswag+winogrande,9,stsb,0.5603052328473755,0.8475945964455605
base,qnli+qqp+sst2+record+snli+anli_r1+imdb+hellaswag+winogrande,9,cr,0.7264559513756207,0.9006468291793551
base,qnli+qqp+sst2+record+snli+anli_r1+imdb+hellaswag+winogrande,9,rotten_tomatoes,0.7436075306364468,0.9039710850587913
base,qnli+qqp+sst2+record+snli+anli_r1+imdb+hellaswag+winogrande,9,multirc,0.6150808752780514,0.8591542813394751
base,qnli+qqp+sst2+record+snli+anli_r1+imdb+hellaswag+winogrande,9,copa,0.5850497882680169,0.853548361520682
base,qnli+qqp+sst2+record+snli+anli_r1+imdb+hellaswag+winogrande,9,piqa,0.6696844002498048,0.8773843379957336
base,qnli+qqp+sst2+record+snli+anli_r1+imdb+squad_v2,8,mrpc,0.6519568078219891,0.869354111807687
base,qnli+qqp+sst2+record+snli+anli_r1+imdb+squad_v2,8,boolq,0.6242467323318124,0.8588065848286662
base,qnli+qqp+sst2+record+snli+anli_r1+imdb+squad_v2,8,rte,0.7111924551427364,0.89256205995168
base,qnli+qqp+sst2+record+snli+anli_r1+imdb+squad_v2,8,cola,0.6408272418858749,0.8636177607945034
base,qnli+qqp+sst2+record+snli+anli_r1+imdb+squad_v2,8,cb,0.706046672804015,0.8949995099433831
base,qnli+qqp+sst2+record+snli+anli_r1+imdb+squad_v2,8,scitail,0.7216972413339785,0.8892092420054334
base,qnli+qqp+sst2+record+snli+anli_r1+imdb+squad_v2,8,stsb,0.5769186643883586,0.8481223452836275
base,qnli+qqp+sst2+record+snli+anli_r1+imdb+squad_v2,8,cr,0.7348864943321262,0.8987725696393422
base,qnli+qqp+sst2+record+snli+anli_r1+imdb+squad_v2,8,rotten_tomatoes,0.7506559629525457,0.9024410902389458
base,qnli+qqp+sst2+record+snli+anli_r1+imdb+squad_v2,8,multirc,0.6335177606503878,0.8607481997460127
base,qnli+qqp+sst2+record+snli+anli_r1+imdb+squad_v2,8,copa,0.5967380918030228,0.8501504436135292
base,qnli+qqp+sst2+record+snli+anli_r1+imdb+squad_v2,8,piqa,0.6193051363474557,0.8552179259381124
base,qnli+qqp+sst2+record+snli+anli_r1+imdb+squad_v2+hellaswag,9,mrpc,0.6535115215395179,0.8695543999118465
base,qnli+qqp+sst2+record+snli+anli_r1+imdb+squad_v2+hellaswag,9,boolq,0.6258355039837105,0.8588914993618216
base,qnli+qqp+sst2+record+snli+anli_r1+imdb+squad_v2+hellaswag,9,rte,0.7125089306916509,0.8926993374313626
base,qnli+qqp+sst2+record+snli+anli_r1+imdb+squad_v2+hellaswag,9,cola,0.642199933395854,0.8638601388250079
base,qnli+qqp+sst2+record+snli+anli_r1+imdb+squad_v2+hellaswag,9,cb,0.7082720084914139,0.8952431817139898
base,qnli+qqp+sst2+record+snli+anli_r1+imdb+squad_v2+hellaswag,9,scitail,0.7220136512603078,0.8891369809529611
base,qnli+qqp+sst2+record+snli+anli_r1+imdb+squad_v2+hellaswag,9,stsb,0.5799012006526547,0.8483344106269735
base,qnli+qqp+sst2+record+snli+anli_r1+imdb+squad_v2+hellaswag,9,cr,0.7353273435894933,0.898657680622169
base,qnli+qqp+sst2+record+snli+anli_r1+imdb+squad_v2+hellaswag,9,rotten_tomatoes,0.7508217902587992,0.9022621831723622
base,qnli+qqp+sst2+record+snli+anli_r1+imdb+squad_v2+hellaswag,9,multirc,0.6350961303604501,0.8608718652810369
base,qnli+qqp+sst2+record+snli+anli_r1+imdb+squad_v2+hellaswag,9,copa,0.602947121885206,0.8522212696926934
base,qnli+qqp+sst2+record+snli+anli_r1+imdb+squad_v2+hellaswag,9,piqa,0.6558406812005809,0.8673632919256177
base,qnli+qqp+sst2+record+snli+anli_r1+imdb+squad_v2+hellaswag+winogrande,10,mrpc,0.6542399499033179,0.8695881856339318
base,qnli+qqp+sst2+record+snli+anli_r1+imdb+squad_v2+hellaswag+winogrande,10,boolq,0.627275574952364,0.8590811834271465
base,qnli+qqp+sst2+record+snli+anli_r1+imdb+squad_v2+hellaswag+winogrande,10,rte,0.712620070736323,0.8925063077892575
base,qnli+qqp+sst2+record+snli+anli_r1+imdb+squad_v2+hellaswag+winogrande,10,cola,0.643001918947058,0.8639477909143481
base,qnli+qqp+sst2+record+snli+anli_r1+imdb+squad_v2+hellaswag+winogrande,10,cb,0.7081827774111714,0.8950462032641683
base,qnli+qqp+sst2+record+snli+anli_r1+imdb+squad_v2+hellaswag+winogrande,10,scitail,0.7221244860972676,0.8890552813453334
base,qnli+qqp+sst2+record+snli+anli_r1+imdb+squad_v2+hellaswag+winogrande,10,stsb,0.5811797450961811,0.8483544963278941
base,qnli+qqp+sst2+record+snli+anli_r1+imdb+squad_v2+hellaswag+winogrande,10,cr,0.7360195783632142,0.8986190818250179
base,qnli+qqp+sst2+record+snli+anli_r1+imdb+squad_v2+hellaswag+winogrande,10,rotten_tomatoes,0.7510285984192576,0.9022279775568417
base,qnli+qqp+sst2+record+snli+anli_r1+imdb+squad_v2+hellaswag+winogrande,10,multirc,0.6360488565904754,0.8609890855316605
base,qnli+qqp+sst2+record+snli+anli_r1+imdb+squad_v2+hellaswag+winogrande,10,copa,0.6098427543682712,0.8543093356170824
base,qnli+qqp+sst2+record+snli+anli_r1+imdb+squad_v2+hellaswag+winogrande,10,piqa,0.688463994967086,0.8764628714748791
base,qnli+qqp+sst2+record+snli+anli_r1+imdb+squad_v2+winogrande,9,mrpc,0.6532756800630263,0.8694109517548766
base,qnli+qqp+sst2+record+snli+anli_r1+imdb+squad_v2+winogrande,9,boolq,0.6264312943177563,0.8589896277657577
base,qnli+qqp+sst2+record+snli+anli_r1+imdb+squad_v2+winogrande,9,rte,0.7117526951645102,0.8923940451017448
base,qnli+qqp+sst2+record+snli+anli_r1+imdb+squad_v2+winogrande,9,cola,0.6419799587290201,0.8637203441134521
base,qnli+qqp+sst2+record+snli+anli_r1+imdb+squad_v2+winogrande,9,cb,0.706472113196339,0.8948044755629131
base,qnli+qqp+sst2+record+snli+anli_r1+imdb+squad_v2+winogrande,9,scitail,0.7219931251768555,0.8891121159706797
base,qnli+qqp+sst2+record+snli+anli_r1+imdb+squad_v2+winogrande,9,stsb,0.5790644563468439,0.8481768084956067
base,qnli+qqp+sst2+record+snli+anli_r1+imdb+squad_v2+winogrande,9,cr,0.7358502617904118,0.8987450482589858
base,qnli+qqp+sst2+record+snli+anli_r1+imdb+squad_v2+winogrande,9,rotten_tomatoes,0.7511536819594247,0.9023984202316829
base,qnli+qqp+sst2+record+snli+anli_r1+imdb+squad_v2+winogrande,9,multirc,0.635078523707177,0.8608465484742608
base,qnli+qqp+sst2+record+snli+anli_r1+imdb+squad_v2+winogrande,9,copa,0.6048512679657766,0.8525855315050909
base,qnli+qqp+sst2+record+snli+anli_r1+imdb+squad_v2+winogrande,9,piqa,0.6689975807177169,0.8712622680302177
base,qnli+qqp+sst2+record+snli+anli_r1+imdb+winogrande,8,mrpc,0.6367402377405337,0.8694456091948918
base,qnli+qqp+sst2+record+snli+anli_r1+imdb+winogrande,8,boolq,0.6081373814626464,0.8581857359302896
base,qnli+qqp+sst2+record+snli+anli_r1+imdb+winogrande,8,rte,0.6982030998915434,0.8941967849220548
base,qnli+qqp+sst2+record+snli+anli_r1+imdb+winogrande,8,cola,0.619248283228704,0.8614525707172496
base,qnli+qqp+sst2+record+snli+anli_r1+imdb+winogrande,8,cb,0.6915964550737824,0.8970638625323772
base,qnli+qqp+sst2+record+snli+anli_r1+imdb+winogrande,8,scitail,0.7116588263639382,0.890213023072907
base,qnli+qqp+sst2+record+snli+anli_r1+imdb+winogrande,8,stsb,0.5576356033395443,0.8473760168999434
base,qnli+qqp+sst2+record+snli+anli_r1+imdb+winogrande,8,cr,0.725782448425889,0.900841876332249
base,qnli+qqp+sst2+record+snli+anli_r1+imdb+winogrande,8,rotten_tomatoes,0.7432194863046918,0.9041873104870319
base,qnli+qqp+sst2+record+snli+anli_r1+imdb+winogrande,8,multirc,0.6131380837676781,0.8589317412780864
base,qnli+qqp+sst2+record+snli+anli_r1+imdb+winogrande,8,copa,0.5785600912225034,0.8514787357832704
base,qnli+qqp+sst2+record+snli+anli_r1+imdb+winogrande,8,piqa,0.6510271637567452,0.8717642785715205
base,qnli+qqp+sst2+record+snli+anli_r1+paws,7,mrpc,0.6340555961110762,0.8691525294312409
base,qnli+qqp+sst2+record+snli+anli_r1+paws,7,boolq,0.6582247439239707,0.8753426343734775
base,qnli+qqp+sst2+record+snli+anli_r1+paws,7,rte,0.6957481727004051,0.8938291679535594
base,qnli+qqp+sst2+record+snli+anli_r1+paws,7,cola,0.6162221335938999,0.8608467695968491
base,qnli+qqp+sst2+record+snli+anli_r1+paws,7,cb,0.6829685353274856,0.8952298127114773
base,qnli+qqp+sst2+record+snli+anli_r1+paws,7,scitail,0.7112474292516708,0.8904202721480813
base,qnli+qqp+sst2+record+snli+anli_r1+paws,7,stsb,0.5559762132221034,0.8475553249674184
base,qnli+qqp+sst2+record+snli+anli_r1+paws,7,cr,0.6966145107788699,0.8918413429387978
base,qnli+qqp+sst2+record+snli+anli_r1+paws,7,rotten_tomatoes,0.7133054006844759,0.8950983498777662
base,qnli+qqp+sst2+record+snli+anli_r1+paws,7,multirc,0.655657217571778,0.874331245464938
base,qnli+qqp+sst2+record+snli+anli_r1+paws,7,copa,0.5660821957114551,0.8477789384445974
base,qnli+qqp+sst2+record+snli+anli_r1+paws,7,piqa,0.6000524812511036,0.8547113080109868
base,qnli+qqp+sst2+record+snli+anli_r1+paws+hellaswag,8,mrpc,0.6362019535154104,0.8692631519266537
base,qnli+qqp+sst2+record+snli+anli_r1+paws+hellaswag,8,boolq,0.6610123932893787,0.8753308334520885
base,qnli+qqp+sst2+record+snli+anli_r1+paws+hellaswag,8,rte,0.6977923097355025,0.8939152200307164
base,qnli+qqp+sst2+record+snli+anli_r1+paws+hellaswag,8,cola,0.6184741755548332,0.8610386441328696
base,qnli+qqp+sst2+record+snli+anli_r1+paws+hellaswag,8,cb,0.6861889247915575,0.8954146424574512
base,qnli+qqp+sst2+record+snli+anli_r1+paws+hellaswag,8,scitail,0.7121873287750142,0.8903054797223636
base,qnli+qqp+sst2+record+snli+anli_r1+paws+hellaswag,8,stsb,0.5595242234745196,0.8477931485644409
base,qnli+qqp+sst2+record+snli+anli_r1+paws+hellaswag,8,cr,0.6980958290930305,0.891751406448228
base,qnli+qqp+sst2+record+snli+anli_r1+paws+hellaswag,8,rotten_tomatoes,0.714260987139174,0.8949338713926929
base,qnli+qqp+sst2+record+snli+anli_r1+paws+hellaswag,8,multirc,0.658548708339887,0.8744430230664355
base,qnli+qqp+sst2+record+snli+anli_r1+paws+hellaswag,8,copa,0.5732966011523136,0.850271878231849
base,qnli+qqp+sst2+record+snli+anli_r1+paws+hellaswag,8,piqa,0.6362678399309516,0.8684537618287972
base,qnli+qqp+sst2+record+snli+anli_r1+paws+hellaswag+winogrande,9,mrpc,0.6378234803144421,0.8693192281893322
base,qnli+qqp+sst2+record+snli+anli_r1+paws+hellaswag+winogrande,9,boolq,0.662702570669353,0.8754072947693723
base,qnli+qqp+sst2+record+snli+anli_r1+paws+hellaswag+winogrande,9,rte,0.698989852730717,0.8936553421829428
base,qnli+qqp+sst2+record+snli+anli_r1+paws+hellaswag+winogrande,9,cola,0.6201589531930429,0.8612349645367691
base,qnli+qqp+sst2+record+snli+anli_r1+paws+hellaswag+winogrande,9,cb,0.6868735780673367,0.89519102871418
base,qnli+qqp+sst2+record+snli+anli_r1+paws+hellaswag+winogrande,9,scitail,0.7126912376178163,0.8901749468807664
base,qnli+qqp+sst2+record+snli+anli_r1+paws+hellaswag+winogrande,9,stsb,0.5616939703135618,0.8478819568242345
base,qnli+qqp+sst2+record+snli+anli_r1+paws+hellaswag+winogrande,9,cr,0.7006146064294236,0.8918188070612294
base,qnli+qqp+sst2+record+snli+anli_r1+paws+hellaswag+winogrande,9,rotten_tomatoes,0.7165552188775369,0.8948824873992375
base,qnli+qqp+sst2+record+snli+anli_r1+paws+hellaswag+winogrande,9,multirc,0.6598737794639808,0.8745065978063005
base,qnli+qqp+sst2+record+snli+anli_r1+paws+hellaswag+winogrande,9,copa,0.5823311212339571,0.8529263883829117
base,qnli+qqp+sst2+record+snli+anli_r1+paws+hellaswag+winogrande,9,piqa,0.672463305693652,0.8775387488837753
base,qnli+qqp+sst2+record+snli+anli_r1+paws+imdb,8,mrpc,0.6363296985094037,0.8699801888849054
base,qnli+qqp+sst2+record+snli+anli_r1+paws+imdb,8,boolq,0.6582738529624683,0.8755165593964713
base,qnli+qqp+sst2+record+snli+anli_r1+paws+imdb,8,rte,0.6973731967487505,0.8945857062935829
base,qnli+qqp+sst2+record+snli+anli_r1+paws+imdb,8,cola,0.6183440385918532,0.8616161604544946
base,qnli+qqp+sst2+record+snli+anli_r1+paws+imdb,8,cb,0.688982093706727,0.8968202940055302
base,qnli+qqp+sst2+record+snli+anli_r1+paws+imdb,8,scitail,0.7113879173994064,0.8905196264386177
base,qnli+qqp+sst2+record+snli+anli_r1+paws+imdb,8,stsb,0.5558415238878557,0.8476278816482851
base,qnli+qqp+sst2+record+snli+anli_r1+paws+imdb,8,cr,0.7230336753917592,0.9005321631474155
base,qnli+qqp+sst2+record+snli+anli_r1+paws+imdb,8,rotten_tomatoes,0.7412705176642963,0.9039905151086194
base,qnli+qqp+sst2+record+snli+anli_r1+paws+imdb,8,multirc,0.6545775937182563,0.87432735546359
base,qnli+qqp+sst2+record+snli+anli_r1+paws+imdb,8,copa,0.5695201891607472,0.8485319350979158
base,qnli+qqp+sst2+record+snli+anli_r1+paws+imdb,8,piqa,0.599969587554889,0.8548422056649413
base,qnli+qqp+sst2+record+snli+anli_r1+paws+imdb+hellaswag,9,mrpc,0.6383213360926935,0.8700868412852287
base,qnli+qqp+sst2+record+snli+anli_r1+paws+imdb+hellaswag,9,boolq,0.6602186277242643,0.8754987208438771
base,qnli+qqp+sst2+record+snli+anli_r1+paws+imdb+hellaswag,9,rte,0.6995181082082647,0.8946838442768369
base,qnli+qqp+sst2+record+snli+anli_r1+paws+imdb+hellaswag,9,cola,0.6203538508686636,0.8618168051221541
base,qnli+qqp+sst2+record+snli+anli_r1+paws+imdb+hellaswag,9,cb,0.691518043034843,0.8969682955316135
base,qnli+qqp+sst2+record+snli+anli_r1+paws+imdb+hellaswag,9,scitail,0.7121994985001427,0.8904062339237758
base,qnli+qqp+sst2+record+snli+anli_r1+paws+imdb+hellaswag,9,stsb,0.5591013601182827,0.8478202330214637
base,qnli+qqp+sst2+record+snli+anli_r1+paws+imdb+hellaswag,9,cr,0.7258764585214001,0.9003419684512275
base,qnli+qqp+sst2+record+snli+anli_r1+paws+imdb+hellaswag,9,rotten_tomatoes,0.7436305808701685,0.9037608381892953
base,qnli+qqp+sst2+record+snli+anli_r1+paws+imdb+hellaswag,9,multirc,0.6567424074081438,0.8744678185986621
base,qnli+qqp+sst2+record+snli+anli_r1+paws+imdb+hellaswag,9,copa,0.5764395214085068,0.8509961196354457
base,qnli+qqp+sst2+record+snli+anli_r1+paws+imdb+hellaswag,9,piqa,0.6356049103529325,0.8684580757149628
base,qnli+qqp+sst2+record+snli+anli_r1+paws+imdb+hellaswag+winogrande,10,mrpc,0.639712056145072,0.8700604050287178
base,qnli+qqp+sst2+record+snli+anli_r1+paws+imdb+hellaswag+winogrande,10,boolq,0.6615664570459298,0.875547572438206
base,qnli+qqp+sst2+record+snli+anli_r1+paws+imdb+hellaswag+winogrande,10,rte,0.7000259472323316,0.8943961150944233
base,qnli+qqp+sst2+record+snli+anli_r1+paws+imdb+hellaswag+winogrande,10,cola,0.6218499707590256,0.8619026741279023
base,qnli+qqp+sst2+record+snli+anli_r1+paws+imdb+hellaswag+winogrande,10,cb,0.6920602353555816,0.8966553163315568
base,qnli+qqp+sst2+record+snli+anli_r1+paws+imdb+hellaswag+winogrande,10,scitail,0.7126969003251621,0.8902657298105103
base,qnli+qqp+sst2+record+snli+anli_r1+paws+imdb+hellaswag+winogrande,10,stsb,0.5612257343184736,0.8479372042098215
base,qnli+qqp+sst2+record+snli+anli_r1+paws+imdb+hellaswag+winogrande,10,cr,0.7268359935177224,0.9002862801509244
base,qnli+qqp+sst2+record+snli+anli_r1+paws+imdb+hellaswag+winogrande,10,rotten_tomatoes,0.7443308157048055,0.9036478613104139
base,qnli+qqp+sst2+record+snli+anli_r1+paws+imdb+hellaswag+winogrande,10,multirc,0.6578952964129192,0.8745059139494386
base,qnli+qqp+sst2+record+snli+anli_r1+paws+imdb+hellaswag+winogrande,10,copa,0.5850275216757187,0.8535122230116811
base,qnli+qqp+sst2+record+snli+anli_r1+paws+imdb+hellaswag+winogrande,10,piqa,0.6716294133636568,0.8775007908365556
base,qnli+qqp+sst2+record+snli+anli_r1+paws+imdb+squad_v2,9,mrpc,0.6530905671949897,0.8698950691946915
base,qnli+qqp+sst2+record+snli+anli_r1+paws+imdb+squad_v2,9,boolq,0.6773078295269183,0.8750135877302715
base,qnli+qqp+sst2+record+snli+anli_r1+paws+imdb+squad_v2,9,rte,0.7111938007708106,0.8927794428808349
base,qnli+qqp+sst2+record+snli+anli_r1+paws+imdb+squad_v2,9,cola,0.6411450915038586,0.8639842290431261
base,qnli+qqp+sst2+record+snli+anli_r1+paws+imdb+squad_v2,9,cb,0.7042549127446753,0.8945082159979003
base,qnli+qqp+sst2+record+snli+anli_r1+paws+imdb+squad_v2,9,scitail,0.721989289724401,0.8894067262964589
base,qnli+qqp+sst2+record+snli+anli_r1+paws+imdb+squad_v2,9,stsb,0.5771455701573619,0.8484243753233126
base,qnli+qqp+sst2+record+snli+anli_r1+paws+imdb+squad_v2,9,cr,0.7335104830563068,0.8984035003398146
base,qnli+qqp+sst2+record+snli+anli_r1+paws+imdb+squad_v2,9,rotten_tomatoes,0.749496311747602,0.9021425013031278
base,qnli+qqp+sst2+record+snli+anli_r1+paws+imdb+squad_v2,9,multirc,0.6792211106845311,0.8752432005213839
base,qnli+qqp+sst2+record+snli+anli_r1+paws+imdb+squad_v2,9,copa,0.596962321549654,0.8503078557550907
base,qnli+qqp+sst2+record+snli+anli_r1+paws+imdb+squad_v2,9,piqa,0.620256570966116,0.8556449149868318
base,qnli+qqp+sst2+record+snli+anli_r1+paws+imdb+squad_v2+hellaswag,10,mrpc,0.6543869131377765,0.870023829064199
base,qnli+qqp+sst2+record+snli+anli_r1+paws+imdb+squad_v2+hellaswag,10,boolq,0.6782475294811385,0.8750284936811242
base,qnli+qqp+sst2+record+snli+anli_r1+paws+imdb+squad_v2+hellaswag,10,rte,0.7123076266476086,0.8928874762994903
base,qnli+qqp+sst2+record+snli+anli_r1+paws+imdb+squad_v2+hellaswag,10,cola,0.6423765468810286,0.864180903349604
base,qnli+qqp+sst2+record+snli+anli_r1+paws+imdb+squad_v2+hellaswag,10,cb,0.7061639111489058,0.8947148637047836
base,qnli+qqp+sst2+record+snli+anli_r1+paws+imdb+squad_v2+hellaswag,10,scitail,0.7222732968096223,0.8893242177686521
base,qnli+qqp+sst2+record+snli+anli_r1+paws+imdb+squad_v2+hellaswag,10,stsb,0.5800108811818063,0.848632203148944
base,qnli+qqp+sst2+record+snli+anli_r1+paws+imdb+squad_v2+hellaswag,10,cr,0.7338656495724406,0.8983104590858731
base,qnli+qqp+sst2+record+snli+anli_r1+paws+imdb+squad_v2+hellaswag,10,rotten_tomatoes,0.7496450295937913,0.9019975193909237
base,qnli+qqp+sst2+record+snli+anli_r1+paws+imdb+squad_v2+hellaswag,10,multirc,0.6803354479904685,0.8752932684229953
base,qnli+qqp+sst2+record+snli+anli_r1+paws+imdb+squad_v2+hellaswag,10,copa,0.6024879826498883,0.8522682719464812
base,qnli+qqp+sst2+record+snli+anli_r1+paws+imdb+squad_v2+hellaswag,10,piqa,0.6557930094589081,0.8675316061292376
base,qnli+qqp+sst2+record+snli+anli_r1+paws+imdb+squad_v2+hellaswag+winogrande,11,mrpc,0.6551085617393255,0.8699951299599239
base,qnli+qqp+sst2+record+snli+anli_r1+paws+imdb+squad_v2+hellaswag+winogrande,11,boolq,0.6790339534303972,0.8750509287097624
base,qnli+qqp+sst2+record+snli+anli_r1+paws+imdb+squad_v2+hellaswag+winogrande,11,rte,0.7124320691717523,0.8927057060812201
base,qnli+qqp+sst2+record+snli+anli_r1+paws+imdb+squad_v2+hellaswag+winogrande,11,cola,0.643124974465796,0.8642068670264312
base,qnli+qqp+sst2+record+snli+anli_r1+paws+imdb+squad_v2+hellaswag+winogrande,11,cb,0.7062151059508324,0.8944671664919172
base,qnli+qqp+sst2+record+snli+anli_r1+paws+imdb+squad_v2+hellaswag+winogrande,11,scitail,0.7223348793174539,0.8892425495598998
base,qnli+qqp+sst2+record+snli+anli_r1+paws+imdb+squad_v2+hellaswag+winogrande,11,stsb,0.5812926129437983,0.848661859918918
base,qnli+qqp+sst2+record+snli+anli_r1+paws+imdb+squad_v2+hellaswag+winogrande,11,cr,0.734579768830112,0.89828526069011
base,qnli+qqp+sst2+record+snli+anli_r1+paws+imdb+squad_v2+hellaswag+winogrande,11,rotten_tomatoes,0.7499761738415275,0.901939428278378
base,qnli+qqp+sst2+record+snli+anli_r1+paws+imdb+squad_v2+hellaswag+winogrande,11,multirc,0.680848589433091,0.8753369192459753
base,qnli+qqp+sst2+record+snli+anli_r1+paws+imdb+squad_v2+hellaswag+winogrande,11,copa,0.6091947071254253,0.8543695685054574
base,qnli+qqp+sst2+record+snli+anli_r1+paws+imdb+squad_v2+hellaswag+winogrande,11,piqa,0.6879928348852056,0.8765452333859035
base,qnli+qqp+sst2+record+snli+anli_r1+paws+imdb+squad_v2+winogrande,10,mrpc,0.6541451529732772,0.8699648859245437
base,qnli+qqp+sst2+record+snli+anli_r1+paws+imdb+squad_v2+winogrande,10,boolq,0.6786175042923007,0.875060375513775
base,qnli+qqp+sst2+record+snli+anli_r1+paws+imdb+squad_v2+winogrande,10,rte,0.7115928908543927,0.8926146408276898
base,qnli+qqp+sst2+record+snli+anli_r1+paws+imdb+squad_v2+winogrande,10,cola,0.6422935182760868,0.8640347833612135
base,qnli+qqp+sst2+record+snli+anli_r1+paws+imdb+squad_v2+winogrande,10,cb,0.7046224740999085,0.8942596646291869
base,qnli+qqp+sst2+record+snli+anli_r1+paws+imdb+squad_v2+winogrande,10,scitail,0.7222524979817015,0.8892930134066513
base,qnli+qqp+sst2+record+snli+anli_r1+paws+imdb+squad_v2+winogrande,10,stsb,0.5791191741425011,0.8485022740704673
base,qnli+qqp+sst2+record+snli+anli_r1+paws+imdb+squad_v2+winogrande,10,cr,0.734362054882305,0.8983905698571887
base,qnli+qqp+sst2+record+snli+anli_r1+paws+imdb+squad_v2+winogrande,10,rotten_tomatoes,0.7500122495527778,0.9020799318594592
base,qnli+qqp+sst2+record+snli+anli_r1+paws+imdb+squad_v2+winogrande,10,multirc,0.6801668626389333,0.875313391376819
base,qnli+qqp+sst2+record+snli+anli_r1+paws+imdb+squad_v2+winogrande,10,copa,0.6045367395771402,0.8527020484741245
base,qnli+qqp+sst2+record+snli+anli_r1+paws+imdb+squad_v2+winogrande,10,piqa,0.6688583373491254,0.8714510777166912
base,qnli+qqp+sst2+record+snli+anli_r1+paws+imdb+winogrande,9,mrpc,0.6383513709796327,0.8700044298810619
base,qnli+qqp+sst2+record+snli+anli_r1+paws+imdb+winogrande,9,boolq,0.660734495547201,0.8755562752485275
base,qnli+qqp+sst2+record+snli+anli_r1+paws+imdb+winogrande,9,rte,0.6986649363700833,0.8943412937223911
base,qnli+qqp+sst2+record+snli+anli_r1+paws+imdb+winogrande,9,cola,0.6202974829689732,0.8617708291858435
base,qnli+qqp+sst2+record+snli+anli_r1+paws+imdb+winogrande,9,cb,0.690037936504398,0.8965112141200474
base,qnli+qqp+sst2+record+snli+anli_r1+paws+imdb+winogrande,9,scitail,0.7122654486447573,0.8903852498957089
base,qnli+qqp+sst2+record+snli+anli_r1+paws+imdb+winogrande,9,stsb,0.5587657186468797,0.8477810985807862
base,qnli+qqp+sst2+record+snli+anli_r1+paws+imdb+winogrande,9,cr,0.7262696732899973,0.9004442180906024
base,qnli+qqp+sst2+record+snli+anli_r1+paws+imdb+winogrande,9,rotten_tomatoes,0.743957193834441,0.9038402262542929
base,qnli+qqp+sst2+record+snli+anli_r1+paws+imdb+winogrande,9,multirc,0.6566229768629585,0.8744029102048704
base,qnli+qqp+sst2+record+snli+anli_r1+paws+imdb+winogrande,9,copa,0.5787923255536173,0.8516071300421443
base,qnli+qqp+sst2+record+snli+anli_r1+paws+imdb+winogrande,9,piqa,0.6512892262211868,0.872041145073516
base,qnli+qqp+sst2+record+snli+anli_r1+paws+squad_v2,8,mrpc,0.6514506225607225,0.8691464061183589
base,qnli+qqp+sst2+record+snli+anli_r1+paws+squad_v2,8,boolq,0.6774475944361517,0.8748188239655325
base,qnli+qqp+sst2+record+snli+anli_r1+paws+squad_v2,8,rte,0.7095263688159841,0.8919613047369889
base,qnli+qqp+sst2+record+snli+anli_r1+paws+squad_v2,8,cola,0.639841312941696,0.8632535027073962
base,qnli+qqp+sst2+record+snli+anli_r1+paws+squad_v2,8,cb,0.6991974897682667,0.8928242618484157
base,qnli+qqp+sst2+record+snli+anli_r1+paws+squad_v2,8,scitail,0.7220373172312975,0.8892661460808345
base,qnli+qqp+sst2+record+snli+anli_r1+paws+squad_v2,8,stsb,0.5780515121961278,0.8483079192893845
base,qnli+qqp+sst2+record+snli+anli_r1+paws+squad_v2,8,cr,0.7108013041849647,0.8898026049137115
base,qnli+qqp+sst2+record+snli+anli_r1+paws+squad_v2,8,rotten_tomatoes,0.7248057816177607,0.8932270647159645
base,qnli+qqp+sst2+record+snli+anli_r1+paws+squad_v2,8,multirc,0.6803409537034375,0.8752521228577409
base,qnli+qqp+sst2+record+snli+anli_r1+paws+squad_v2,8,copa,0.595294104489897,0.8497226485716445
base,qnli+qqp+sst2+record+snli+anli_r1+paws+squad_v2,8,piqa,0.6210352818348578,0.8555400919701371
base,qnli+qqp+sst2+record+snli+anli_r1+paws+squad_v2+hellaswag,9,mrpc,0.6529359341199908,0.8693085355418069
base,qnli+qqp+sst2+record+snli+anli_r1+paws+squad_v2+hellaswag,9,boolq,0.6788502436663423,0.8748653690729823
base,qnli+qqp+sst2+record+snli+anli_r1+paws+squad_v2+hellaswag,9,rte,0.7111387542848077,0.8920928644282478
base,qnli+qqp+sst2+record+snli+anli_r1+paws+squad_v2+hellaswag,9,cola,0.6411823642307094,0.8634907973131963
base,qnli+qqp+sst2+record+snli+anli_r1+paws+squad_v2+hellaswag,9,cb,0.7015360971646649,0.8930947636919362
base,qnli+qqp+sst2+record+snli+anli_r1+paws+squad_v2+hellaswag,9,scitail,0.7223851872341973,0.8891841710678169
base,qnli+qqp+sst2+record+snli+anli_r1+paws+squad_v2+hellaswag,9,stsb,0.580910365562886,0.8485743688153369
base,qnli+qqp+sst2+record+snli+anli_r1+paws+squad_v2+hellaswag,9,cr,0.7115661243775061,0.8898178179349218
base,qnli+qqp+sst2+record+snli+anli_r1+paws+squad_v2+hellaswag,9,rotten_tomatoes,0.7252183349004814,0.8931000078363078
base,qnli+qqp+sst2+record+snli+anli_r1+paws+squad_v2+hellaswag,9,multirc,0.6816703341901302,0.8753028088914496
base,qnli+qqp+sst2+record+snli+anli_r1+paws+squad_v2+hellaswag,9,copa,0.6009933591953346,0.8516449417386737
base,qnli+qqp+sst2+record+snli+anli_r1+paws+squad_v2+hellaswag,9,piqa,0.6568493953506861,0.8675173369369337
base,qnli+qqp+sst2+record+snli+anli_r1+paws+squad_v2+hellaswag+winogrande,10,mrpc,0.6537556887737342,0.8692328243383339
base,qnli+qqp+sst2+record+snli+anli_r1+paws+squad_v2+hellaswag+winogrande,10,boolq,0.6797446108290127,0.8749095794877836
base,qnli+qqp+sst2+record+snli+anli_r1+paws+squad_v2+hellaswag+winogrande,10,rte,0.7112708214138236,0.8919029831886292
base,qnli+qqp+sst2+record+snli+anli_r1+paws+squad_v2+hellaswag+winogrande,10,cola,0.6419833289193255,0.8635401768343789
base,qnli+qqp+sst2+record+snli+anli_r1+paws+squad_v2+hellaswag+winogrande,10,cb,0.7015550107296024,0.8929178986166205
base,qnli+qqp+sst2+record+snli+anli_r1+paws+squad_v2+hellaswag+winogrande,10,scitail,0.7224654821412904,0.8891063832810947
base,qnli+qqp+sst2+record+snli+anli_r1+paws+squad_v2+hellaswag+winogrande,10,stsb,0.5822057548378196,0.8485719694622925
base,qnli+qqp+sst2+record+snli+anli_r1+paws+squad_v2+hellaswag+winogrande,10,cr,0.7125995968069349,0.889839415039335
base,qnli+qqp+sst2+record+snli+anli_r1+paws+squad_v2+hellaswag+winogrande,10,rotten_tomatoes,0.7258594411292246,0.8931164254567453
base,qnli+qqp+sst2+record+snli+anli_r1+paws+squad_v2+hellaswag+winogrande,10,multirc,0.6821692639163562,0.8753592773739781
base,qnli+qqp+sst2+record+snli+anli_r1+paws+squad_v2+hellaswag+winogrande,10,copa,0.607917010518057,0.8538492101111582
base,qnli+qqp+sst2+record+snli+anli_r1+paws+squad_v2+hellaswag+winogrande,10,piqa,0.6890880683703082,0.8765862259481635
base,qnli+qqp+sst2+record+snli+anli_r1+paws+squad_v2+winogrande,9,mrpc,0.6527919069464717,0.8691785681460585
base,qnli+qqp+sst2+record+snli+anli_r1+paws+squad_v2+winogrande,9,boolq,0.6791967693716288,0.8748995329120329
base,qnli+qqp+sst2+record+snli+anli_r1+paws+squad_v2+winogrande,9,rte,0.7103116693241256,0.8918296199824128
base,qnli+qqp+sst2+record+snli+anli_r1+paws+squad_v2+winogrande,9,cola,0.6409526303676623,0.8633219817919391
base,qnli+qqp+sst2+record+snli+anli_r1+paws+squad_v2+winogrande,9,cb,0.699752746948174,0.8926432893744537
base,qnli+qqp+sst2+record+snli+anli_r1+paws+squad_v2+winogrande,9,scitail,0.7223021076726062,0.8891938709254775
base,qnli+qqp+sst2+record+snli+anli_r1+paws+squad_v2+winogrande,9,stsb,0.580027415816273,0.8483931568584272
base,qnli+qqp+sst2+record+snli+anli_r1+paws+squad_v2+winogrande,9,cr,0.7121322402464492,0.8898694621665137
base,qnli+qqp+sst2+record+snli+anli_r1+paws+squad_v2+winogrande,9,rotten_tomatoes,0.7256293195698943,0.8932362283979144
base,qnli+qqp+sst2+record+snli+anli_r1+paws+squad_v2+winogrande,9,multirc,0.6814817687762635,0.8753105835723025
base,qnli+qqp+sst2+record+snli+anli_r1+paws+squad_v2+winogrande,9,copa,0.6030213385820389,0.8521834651806525
base,qnli+qqp+sst2+record+snli+anli_r1+paws+squad_v2+winogrande,9,piqa,0.6698826001957059,0.8714194257876703
base,qnli+qqp+sst2+record+snli+anli_r1+paws+winogrande,8,mrpc,0.6362237270389285,0.8692173196801117
base,qnli+qqp+sst2+record+snli+anli_r1+paws+winogrande,8,boolq,0.661244362459651,0.8753959906420538
base,qnli+qqp+sst2+record+snli+anli_r1+paws+winogrande,8,rte,0.6969432612614972,0.8935634658804962
base,qnli+qqp+sst2+record+snli+anli_r1+paws+winogrande,8,cola,0.6184342815540731,0.8610996215471199
base,qnli+qqp+sst2+record+snli+anli_r1+paws+winogrande,8,cb,0.6842544664229665,0.894905506500176
base,qnli+qqp+sst2+record+snli+anli_r1+paws+winogrande,8,scitail,0.7121877457414355,0.8902999476662704
base,qnli+qqp+sst2+record+snli+anli_r1+paws+winogrande,8,stsb,0.5590666402796549,0.8477233541863305
base,qnli+qqp+sst2+record+snli+anli_r1+paws+winogrande,8,cr,0.6985811961016485,0.8918521904519626
base,qnli+qqp+sst2+record+snli+anli_r1+paws+winogrande,8,rotten_tomatoes,0.7147834857127496,0.8950051856892449
base,qnli+qqp+sst2+record+snli+anli_r1+paws+winogrande,8,multirc,0.6581588692164847,0.8744070811995438
base,qnli+qqp+sst2+record+snli+anli_r1+paws+winogrande,8,copa,0.5757839281245002,0.8509922857795443
base,qnli+qqp+sst2+record+snli+anli_r1+paws+winogrande,8,piqa,0.6522309742202717,0.8720494136214256
base,qnli+qqp+sst2+record+snli+anli_r1+squad_v2,7,mrpc,0.6500567831099033,0.8685966639646462
base,qnli+qqp+sst2+record+snli+anli_r1+squad_v2,7,boolq,0.623705185284572,0.8584750427731446
base,qnli+qqp+sst2+record+snli+anli_r1+squad_v2,7,rte,0.7093596123158932,0.8917241245508194
base,qnli+qqp+sst2+record+snli+anli_r1+squad_v2,7,cola,0.6393427711778453,0.862921180203557
base,qnli+qqp+sst2+record+snli+anli_r1+squad_v2,7,cb,0.7006123824311155,0.8933657194886889
base,qnli+qqp+sst2+record+snli+anli_r1+squad_v2,7,scitail,0.7217029865298953,0.8890419080853462
base,qnli+qqp+sst2+record+snli+anli_r1+squad_v2,7,stsb,0.5775983231807393,0.8480494626398597
base,qnli+qqp+sst2+record+snli+anli_r1+squad_v2,7,cr,0.7119217134479966,0.8900880377207484
base,qnli+qqp+sst2+record+snli+anli_r1+squad_v2,7,rotten_tomatoes,0.7257236542978457,0.8934204855135509
base,qnli+qqp+sst2+record+snli+anli_r1+squad_v2,7,multirc,0.6341457284454789,0.8606838096997568
base,qnli+qqp+sst2+record+snli+anli_r1+squad_v2,7,copa,0.5948136587228093,0.8495296149381569
base,qnli+qqp+sst2+record+snli+anli_r1+squad_v2,7,piqa,0.6198834265981402,0.8551429134926626
base,qnli+qqp+sst2+record+snli+anli_r1+squad_v2+hellaswag,8,mrpc,0.6518022886344365,0.868819421423333
base,qnli+qqp+sst2+record+snli+anli_r1+squad_v2+hellaswag,8,boolq,0.6255161621208701,0.858604413590261
base,qnli+qqp+sst2+record+snli+anli_r1+squad_v2+hellaswag,8,rte,0.7108009135616677,0.8919155198548522
base,qnli+qqp+sst2+record+snli+anli_r1+squad_v2+hellaswag,8,cola,0.6408213640430144,0.863137560231345
base,qnli+qqp+sst2+record+snli+anli_r1+squad_v2+hellaswag,8,cb,0.7033813396202666,0.8936814931886536
base,qnli+qqp+sst2+record+snli+anli_r1+squad_v2+hellaswag,8,scitail,0.7220508913908686,0.8890014804367509
base,qnli+qqp+sst2+record+snli+anli_r1+squad_v2+hellaswag,8,stsb,0.5806421283632517,0.8482747011418853
base,qnli+qqp+sst2+record+snli+anli_r1+squad_v2+hellaswag,8,cr,0.7126681384231363,0.8901055721299989
base,qnli+qqp+sst2+record+snli+anli_r1+squad_v2+hellaswag,8,rotten_tomatoes,0.7260776018457753,0.8933240994811058
base,qnli+qqp+sst2+record+snli+anli_r1+squad_v2+hellaswag,8,multirc,0.6357287941500545,0.8608163840004376
base,qnli+qqp+sst2+record+snli+anli_r1+squad_v2+hellaswag,8,copa,0.6010965446808508,0.8515566151056971
base,qnli+qqp+sst2+record+snli+anli_r1+squad_v2+hellaswag,8,piqa,0.6568342741312725,0.8673816254096371
base,qnli+qqp+sst2+record+snli+anli_r1+squad_v2+hellaswag+winogrande,9,mrpc,0.6527211243020636,0.8688108282429832
base,qnli+qqp+sst2+record+snli+anli_r1+squad_v2+hellaswag+winogrande,9,boolq,0.6271070750164134,0.8588160215211766
base,qnli+qqp+sst2+record+snli+anli_r1+squad_v2+hellaswag+winogrande,9,rte,0.7109806045357671,0.8917308162365641
base,qnli+qqp+sst2+record+snli+anli_r1+squad_v2+hellaswag+winogrande,9,cola,0.6417427329080445,0.8632611201277801
base,qnli+qqp+sst2+record+snli+anli_r1+squad_v2+hellaswag+winogrande,9,cb,0.7035052137715476,0.8934607596269676
base,qnli+qqp+sst2+record+snli+anli_r1+squad_v2+hellaswag+winogrande,9,scitail,0.7222152788724218,0.8889313784560987
base,qnli+qqp+sst2+record+snli+anli_r1+squad_v2+hellaswag+winogrande,9,stsb,0.5820744075546307,0.8483096103050879
base,qnli+qqp+sst2+record+snli+anli_r1+squad_v2+hellaswag+winogrande,9,cr,0.7138149118317025,0.8901865599410874
base,qnli+qqp+sst2+record+snli+anli_r1+squad_v2+hellaswag+winogrande,9,rotten_tomatoes,0.7267530672252178,0.8933526389300823
base,qnli+qqp+sst2+record+snli+anli_r1+squad_v2+hellaswag+winogrande,9,multirc,0.6368436446147305,0.8609883771943194
base,qnli+qqp+sst2+record+snli+anli_r1+squad_v2+hellaswag+winogrande,9,copa,0.6084024416548865,0.8537292004163776
base,qnli+qqp+sst2+record+snli+anli_r1+squad_v2+hellaswag+winogrande,9,piqa,0.6893793778227908,0.8764832065041576
base,qnli+qqp+sst2+record+snli+anli_r1+squad_v2+winogrande,8,mrpc,0.6515741813927889,0.8686435643051352
base,qnli+qqp+sst2+record+snli+anli_r1+squad_v2+winogrande,8,boolq,0.6261293067197714,0.8587419079350573
base,qnli+qqp+sst2+record+snli+anli_r1+squad_v2+winogrande,8,rte,0.7100125375602927,0.8915908240846225
base,qnli+qqp+sst2+record+snli+anli_r1+squad_v2+winogrande,8,cola,0.6406939861231616,0.8630393011761563
base,qnli+qqp+sst2+record+snli+anli_r1+squad_v2+winogrande,8,cb,0.7014210421059813,0.8931816310754844
base,qnli+qqp+sst2+record+snli+anli_r1+squad_v2+winogrande,8,scitail,0.7220093868672848,0.8889928901834148
base,qnli+qqp+sst2+record+snli+anli_r1+squad_v2+winogrande,8,stsb,0.5798633508384228,0.8481050261429378
base,qnli+qqp+sst2+record+snli+anli_r1+squad_v2+winogrande,8,cr,0.7133433547403131,0.8901482501200267
base,qnli+qqp+sst2+record+snli+anli_r1+squad_v2+winogrande,8,rotten_tomatoes,0.7265809604099819,0.893466269331319
base,qnli+qqp+sst2+record+snli+anli_r1+squad_v2+winogrande,8,multirc,0.6358233776741794,0.8608382160642317
base,qnli+qqp+sst2+record+snli+anli_r1+squad_v2+winogrande,8,copa,0.6031493352992194,0.8520634530910424
base,qnli+qqp+sst2+record+snli+anli_r1+squad_v2+winogrande,8,piqa,0.6698551189952663,0.8712625479591745
base,qnli+qqp+sst2+record+snli+anli_r1+winogrande,7,mrpc,0.6342031910483327,0.8686142143394265
base,qnli+qqp+sst2+record+snli+anli_r1+winogrande,7,boolq,0.6070650096849671,0.8578892504530293
base,qnli+qqp+sst2+record+snli+anli_r1+winogrande,7,rte,0.6965907349118164,0.8933996371924877
base,qnli+qqp+sst2+record+snli+anli_r1+winogrande,7,cola,0.6173516136061933,0.8607603159866163
base,qnli+qqp+sst2+record+snli+anli_r1+winogrande,7,cb,0.6856640156890664,0.8955289008361953
base,qnli+qqp+sst2+record+snli+anli_r1+winogrande,7,scitail,0.711477203560727,0.8900835804109063
base,qnli+qqp+sst2+record+snli+anli_r1+winogrande,7,stsb,0.5578708709217608,0.8473770961697612
base,qnli+qqp+sst2+record+snli+anli_r1+winogrande,7,cr,0.6998163584087577,0.8921964945537704
base,qnli+qqp+sst2+record+snli+anli_r1+winogrande,7,rotten_tomatoes,0.7156134700136525,0.8952746449836663
base,qnli+qqp+sst2+record+snli+anli_r1+winogrande,7,multirc,0.6135311180592647,0.8588948446725096
base,qnli+qqp+sst2+record+snli+anli_r1+winogrande,7,copa,0.57546534336039,0.8508377367896693
base,qnli+qqp+sst2+record+snli+anli_r1+winogrande,7,piqa,0.6520632299195442,0.8717866933771542
base,qnli+qqp+sst2+record+snli+hellaswag,6,mrpc,0.6304225671504226,0.8671623484364578
base,qnli+qqp+sst2+record+snli+hellaswag,6,boolq,0.6063630623476846,0.8575154383267675
base,qnli+qqp+sst2+record+snli+hellaswag,6,rte,0.6864373540239674,0.8897929175623825
base,qnli+qqp+sst2+record+snli+hellaswag,6,cola,0.6160630543849298,0.8600643702915737
base,qnli+qqp+sst2+record+snli+hellaswag,6,cb,0.6555168514272997,0.8831869028508663
base,qnli+qqp+sst2+record+snli+hellaswag,6,scitail,0.7016655459467854,0.8865759018808603
base,qnli+qqp+sst2+record+snli+hellaswag,6,stsb,0.5597362530284694,0.8472736972783294
base,qnli+qqp+sst2+record+snli+hellaswag,6,cr,0.6940717887399452,0.8913470038345882
base,qnli+qqp+sst2+record+snli+hellaswag,6,rotten_tomatoes,0.711653651004391,0.8949177568512303
base,qnli+qqp+sst2+record+snli+hellaswag,6,multirc,0.614303588068911,0.8586429908339467
base,qnli+qqp+sst2+record+snli+hellaswag,6,copa,0.5727749708374696,0.8496579493262938
base,qnli+qqp+sst2+record+snli+hellaswag,6,piqa,0.6375741975914154,0.8682545721530914
base,qnli+qqp+sst2+record+snli+hellaswag+winogrande,7,mrpc,0.6325103872056518,0.8672736382910183
base,qnli+qqp+sst2+record+snli+hellaswag+winogrande,7,boolq,0.6095107078020062,0.8577348118914025
base,qnli+qqp+sst2+record+snli+hellaswag+winogrande,7,rte,0.6876947219882693,0.8895321589495454
base,qnli+qqp+sst2+record+snli+hellaswag+winogrande,7,cola,0.6180056698088136,0.860297381611807
base,qnli+qqp+sst2+record+snli+hellaswag+winogrande,7,cb,0.6574280403022256,0.8830642402172089
base,qnli+qqp+sst2+record+snli+hellaswag+winogrande,7,scitail,0.7025491379733596,0.8865026943385601
base,qnli+qqp+sst2+record+snli+hellaswag+winogrande,7,stsb,0.5621757537924817,0.8473894960646119
base,qnli+qqp+sst2+record+snli+hellaswag+winogrande,7,cr,0.6992540968848127,0.891372953674623
base,qnli+qqp+sst2+record+snli+hellaswag+winogrande,7,rotten_tomatoes,0.716671474011881,0.8948876176561628
base,qnli+qqp+sst2+record+snli+hellaswag+winogrande,7,multirc,0.6165257498089757,0.8588583996253354
base,qnli+qqp+sst2+record+snli+hellaswag+winogrande,7,copa,0.5830858564669532,0.8525264829929385
base,qnli+qqp+sst2+record+snli+hellaswag+winogrande,7,piqa,0.6740801873217735,0.8774670929248843
base,qnli+qqp+sst2+record+snli+imdb,6,mrpc,0.6307810345398528,0.8679747256849494
base,qnli+qqp+sst2+record+snli+imdb,6,boolq,0.6051458566050444,0.8575555692825999
base,qnli+qqp+sst2+record+snli+imdb,6,rte,0.6868007861609969,0.8905495080564704
base,qnli+qqp+sst2+record+snli+imdb,6,cola,0.6162409045999604,0.8607008063367435
base,qnli+qqp+sst2+record+snli+imdb,6,cb,0.6594287646668298,0.8849409563200814
base,qnli+qqp+sst2+record+snli+imdb,6,scitail,0.7009069110666003,0.8868975583463907
base,qnli+qqp+sst2+record+snli+imdb,6,stsb,0.5558851289429835,0.8469974922814539
base,qnli+qqp+sst2+record+snli+imdb,6,cr,0.7238361364496606,0.9005946650036744
base,qnli+qqp+sst2+record+snli+imdb,6,rotten_tomatoes,0.7431613374501467,0.9042765939874309
base,qnli+qqp+sst2+record+snli+imdb,6,multirc,0.6114674575094666,0.8583999893495015
base,qnli+qqp+sst2+record+snli+imdb,6,copa,0.5688713344612292,0.8478622779782329
base,qnli+qqp+sst2+record+snli+imdb,6,piqa,0.5992290906475058,0.8542087256376233
base,qnli+qqp+sst2+record+snli+imdb+hellaswag,7,mrpc,0.6336795762181282,0.8681175256414073
base,qnli+qqp+sst2+record+snli+imdb+hellaswag,7,boolq,0.6077932471276394,0.8578154066843646
base,qnli+qqp+sst2+record+snli+imdb+hellaswag,7,rte,0.6894670868558543,0.8907947918134076
base,qnli+qqp+sst2+record+snli+imdb+hellaswag,7,cola,0.6186160036096615,0.8609945345669985
base,qnli+qqp+sst2+record+snli+imdb+hellaswag,7,cb,0.6639872980969292,0.8854377785963672
base,qnli+qqp+sst2+record+snli+imdb+hellaswag,7,scitail,0.7020558909113918,0.8867930663483483
base,qnli+qqp+sst2+record+snli+imdb+hellaswag,7,stsb,0.5595572548918426,0.8473271490739924
base,qnli+qqp+sst2+record+snli+imdb+hellaswag,7,cr,0.7251133147094931,0.9004330592496055
base,qnli+qqp+sst2+record+snli+imdb+hellaswag,7,rotten_tomatoes,0.7439323881907123,0.9040540398231575
base,qnli+qqp+sst2+record+snli+imdb+hellaswag,7,multirc,0.6141679361462593,0.858694849801915
base,qnli+qqp+sst2+record+snli+imdb+hellaswag,7,copa,0.5767366380563804,0.8505406877292054
base,qnli+qqp+sst2+record+snli+imdb+hellaswag,7,piqa,0.6369454909914306,0.8682645250644002
base,qnli+qqp+sst2+record+snli+imdb+hellaswag+winogrande,8,mrpc,0.6353896411934069,0.8682421355375222
base,qnli+qqp+sst2+record+snli+imdb+hellaswag+winogrande,8,boolq,0.6104514820368162,0.858025409547346
base,qnli+qqp+sst2+record+snli+imdb+hellaswag+winogrande,8,rte,0.6904128153941461,0.890597544078316
base,qnli+qqp+sst2+record+snli+imdb+hellaswag+winogrande,8,cola,0.6204144488354879,0.8611455288316522
base,qnli+qqp+sst2+record+snli+imdb+hellaswag+winogrande,8,cb,0.6650505148406539,0.885235354836498
base,qnli+qqp+sst2+record+snli+imdb+hellaswag+winogrande,8,scitail,0.7029347377164024,0.8866940925696066
base,qnli+qqp+sst2+record+snli+imdb+hellaswag+winogrande,8,stsb,0.5618056021630764,0.8474197315850428
base,qnli+qqp+sst2+record+snli+imdb+hellaswag+winogrande,8,cr,0.7262191658041307,0.9003553821572235
base,qnli+qqp+sst2+record+snli+imdb+hellaswag+winogrande,8,rotten_tomatoes,0.7446064581828458,0.9039629474282265
base,qnli+qqp+sst2+record+snli+imdb+hellaswag+winogrande,8,multirc,0.6161387164943984,0.8588850636567388
base,qnli+qqp+sst2+record+snli+imdb+hellaswag+winogrande,8,copa,0.5860659775457212,0.8532427120953798
base,qnli+qqp+sst2+record+snli+imdb+hellaswag+winogrande,8,piqa,0.6719404590050024,0.8774443920701742
base,qnli+qqp+sst2+record+snli+imdb+squad_v2,7,mrpc,0.6492776128330401,0.8680036057318959
base,qnli+qqp+sst2+record+snli+imdb+squad_v2,7,boolq,0.625427506997117,0.8585234571780477
base,qnli+qqp+sst2+record+snli+imdb+squad_v2,7,rte,0.701901034318975,0.8886789605021477
base,qnli+qqp+sst2+record+snli+imdb+squad_v2,7,cola,0.64061839372984,0.8630103072417634
base,qnli+qqp+sst2+record+snli+imdb+squad_v2,7,cb,0.677895355171391,0.8828632006687778
base,qnli+qqp+sst2+record+snli+imdb+squad_v2,7,scitail,0.7136367711105517,0.8858737424015999
base,qnli+qqp+sst2+record+snli+imdb+squad_v2,7,stsb,0.5786888049915433,0.8479410431214741
base,qnli+qqp+sst2+record+snli+imdb+squad_v2,7,cr,0.7346339699413095,0.8984000411416803
base,qnli+qqp+sst2+record+snli+imdb+squad_v2,7,rotten_tomatoes,0.7516941763460636,0.9023784713021347
base,qnli+qqp+sst2+record+snli+imdb+squad_v2,7,multirc,0.6350944314950279,0.8605388666370085
base,qnli+qqp+sst2+record+snli+imdb+squad_v2,7,copa,0.5975836680403778,0.849788582484637
base,qnli+qqp+sst2+record+snli+imdb+squad_v2,7,piqa,0.6210729990686689,0.8552249193723712
base,qnli+qqp+sst2+record+snli+imdb+squad_v2+hellaswag,8,mrpc,0.6510867213032075,0.8682082556188107
base,qnli+qqp+sst2+record+snli+imdb+squad_v2+hellaswag,8,boolq,0.6270439769806606,0.858629380219749
base,qnli+qqp+sst2+record+snli+imdb+squad_v2+hellaswag,8,rte,0.7035853466285127,0.888977047588144
base,qnli+qqp+sst2+record+snli+imdb+squad_v2+hellaswag,8,cola,0.6419679993497474,0.8632520056728806
base,qnli+qqp+sst2+record+snli+imdb+squad_v2+hellaswag,8,cb,0.6810778632227864,0.8834595387535435
base,qnli+qqp+sst2+record+snli+imdb+squad_v2+hellaswag,8,scitail,0.7139306818800313,0.8858459956411805
base,qnli+qqp+sst2+record+snli+imdb+squad_v2+hellaswag,8,stsb,0.581698373558798,0.8481883949467114
base,qnli+qqp+sst2+record+snli+imdb+squad_v2+hellaswag,8,cr,0.7351617765213762,0.8982664155108588
base,qnli+qqp+sst2+record+snli+imdb+squad_v2+hellaswag,8,rotten_tomatoes,0.7518781210694995,0.9022196770778724
base,qnli+qqp+sst2+record+snli+imdb+squad_v2+hellaswag,8,multirc,0.6366080934447902,0.8606877726103578
base,qnli+qqp+sst2+record+snli+imdb+squad_v2+hellaswag,8,copa,0.6040444010868669,0.8519472924194166
base,qnli+qqp+sst2+record+snli+imdb+squad_v2+hellaswag,8,piqa,0.6580637652160866,0.8674245793372393
base,qnli+qqp+sst2+record+snli+imdb+squad_v2+hellaswag+winogrande,9,mrpc,0.6518908938659089,0.8682504759303161
base,qnli+qqp+sst2+record+snli+imdb+squad_v2+hellaswag+winogrande,9,boolq,0.6286026156906571,0.8588298205286264
base,qnli+qqp+sst2+record+snli+imdb+squad_v2+hellaswag+winogrande,9,rte,0.7038710625576121,0.8887972405978611
base,qnli+qqp+sst2+record+snli+imdb+squad_v2+hellaswag+winogrande,9,cola,0.642829936662955,0.8633412692163672
base,qnli+qqp+sst2+record+snli+imdb+squad_v2+hellaswag+winogrande,9,cb,0.6816078310034105,0.8832214192620346
base,qnli+qqp+sst2+record+snli+imdb+squad_v2+hellaswag+winogrande,9,scitail,0.7141221639301095,0.8858035941209111
base,qnli+qqp+sst2+record+snli+imdb+squad_v2+hellaswag+winogrande,9,stsb,0.5830425308085978,0.8481494640665395
base,qnli+qqp+sst2+record+snli+imdb+squad_v2+hellaswag+winogrande,9,cr,0.7358329309416669,0.8982025922409126
base,qnli+qqp+sst2+record+snli+imdb+squad_v2+hellaswag+winogrande,9,rotten_tomatoes,0.7521832292633397,0.9021448934716838
base,qnli+qqp+sst2+record+snli+imdb+squad_v2+hellaswag+winogrande,9,multirc,0.6376516238919326,0.8608024907963616
base,qnli+qqp+sst2+record+snli+imdb+squad_v2+hellaswag+winogrande,9,copa,0.6111341446105923,0.8540754743984768
base,qnli+qqp+sst2+record+snli+imdb+squad_v2+hellaswag+winogrande,9,piqa,0.6903606105063643,0.8765216738517795
base,qnli+qqp+sst2+record+snli+imdb+squad_v2+winogrande,8,mrpc,0.650748484102743,0.8680690862238407
base,qnli+qqp+sst2+record+snli+imdb+squad_v2+winogrande,8,boolq,0.6277407786941954,0.8587175062192338
base,qnli+qqp+sst2+record+snli+imdb+squad_v2+winogrande,8,rte,0.7026767068143401,0.888558316975832
base,qnli+qqp+sst2+record+snli+imdb+squad_v2+winogrande,8,cola,0.6418510429295046,0.8630979407046523
base,qnli+qqp+sst2+record+snli+imdb+squad_v2+winogrande,8,cb,0.6790663522801229,0.8827013713972909
base,qnli+qqp+sst2+record+snli+imdb+squad_v2+winogrande,8,scitail,0.7140189741871187,0.8857999313622713
base,qnli+qqp+sst2+record+snli+imdb+squad_v2+winogrande,8,stsb,0.5808739423352692,0.8479913946773324
base,qnli+qqp+sst2+record+snli+imdb+squad_v2+winogrande,8,cr,0.7356482967734337,0.8983346559107304
base,qnli+qqp+sst2+record+snli+imdb+squad_v2+winogrande,8,rotten_tomatoes,0.7521616579698664,0.9023263465080943
base,qnli+qqp+sst2+record+snli+imdb+squad_v2+winogrande,8,multirc,0.636650434296046,0.8606743751359838
base,qnli+qqp+sst2+record+snli+imdb+squad_v2+winogrande,8,copa,0.605917930070843,0.8522571104445628
base,qnli+qqp+sst2+record+snli+imdb+squad_v2+winogrande,8,piqa,0.6709495285259826,0.871261869690248
base,qnli+qqp+sst2+record+snli+imdb+winogrande,7,mrpc,0.6333726514130831,0.8680631630122662
base,qnli+qqp+sst2+record+snli+imdb+winogrande,7,boolq,0.6088102171197534,0.8578899835369417
base,qnli+qqp+sst2+record+snli+imdb+winogrande,7,rte,0.6883444810020072,0.8903518319129944
base,qnli+qqp+sst2+record+snli+imdb+winogrande,7,cola,0.6186778485508901,0.8609235337270158
base,qnli+qqp+sst2+record+snli+imdb+winogrande,7,cb,0.6614854117589337,0.8847221758748803
base,qnli+qqp+sst2+record+snli+imdb+winogrande,7,scitail,0.7021759487688541,0.8867794477513858
base,qnli+qqp+sst2+record+snli+imdb+winogrande,7,stsb,0.5590831931414348,0.8472058238195521
base,qnli+qqp+sst2+record+snli+imdb+winogrande,7,cr,0.7253944820591381,0.900523883423635
base,qnli+qqp+sst2+record+snli+imdb+winogrande,7,rotten_tomatoes,0.7442567686417273,0.9041542373597622
base,qnli+qqp+sst2+record+snli+imdb+winogrande,7,multirc,0.6141332604124078,0.8586708246065038
base,qnli+qqp+sst2+record+snli+imdb+winogrande,7,copa,0.5793306306669754,0.8511984489325967
base,qnli+qqp+sst2+record+snli+imdb+winogrande,7,piqa,0.6533597327236619,0.8717627520007747
base,qnli+qqp+sst2+record+snli+paws,6,mrpc,0.6303325236908027,0.8677029029599258
base,qnli+qqp+sst2+record+snli+paws,6,boolq,0.6593172922730446,0.8751907548201936
base,qnli+qqp+sst2+record+snli+paws,6,rte,0.6850431843527726,0.8898204224450248
base,qnli+qqp+sst2+record+snli+paws,6,cola,0.615224486749087,0.8601613361388445
base,qnli+qqp+sst2+record+snli+paws,6,cb,0.6505204465772424,0.882186987570354
base,qnli+qqp+sst2+record+snli+paws,6,scitail,0.7016131784766912,0.8869998992553779
base,qnli+qqp+sst2+record+snli+paws,6,stsb,0.5574793205596507,0.8473625912197998
base,qnli+qqp+sst2+record+snli+paws,6,cr,0.6947051105754716,0.891014788299799
base,qnli+qqp+sst2+record+snli+paws,6,rotten_tomatoes,0.7134939597121307,0.8947816842368671
base,qnli+qqp+sst2+record+snli+paws,6,multirc,0.6569558866322041,0.8741246115948472
base,qnli+qqp+sst2+record+snli+paws,6,copa,0.5662971848755011,0.8473667353391647
base,qnli+qqp+sst2+record+snli+paws,6,piqa,0.6016080819868616,0.8547020288450378
base,qnli+qqp+sst2+record+snli+paws+hellaswag,7,mrpc,0.6329365713255746,0.8678716564817088
base,qnli+qqp+sst2+record+snli+paws+hellaswag,7,boolq,0.662067202452038,0.8751704088811364
base,qnli+qqp+sst2+record+snli+paws+hellaswag,7,rte,0.6876088442014796,0.890075009316206
base,qnli+qqp+sst2+record+snli+paws+hellaswag,7,cola,0.6175829510071448,0.8604436838733298
base,qnli+qqp+sst2+record+snli+paws+hellaswag,7,cb,0.655183547575559,0.8827828562685421
base,qnli+qqp+sst2+record+snli+paws+hellaswag,7,scitail,0.7028134603585515,0.8868793485952275
base,qnli+qqp+sst2+record+snli+paws+hellaswag,7,stsb,0.5610425174236298,0.8476608206651041
base,qnli+qqp+sst2+record+snli+paws+hellaswag,7,cr,0.696394673681685,0.8909855990537575
base,qnli+qqp+sst2+record+snli+paws+hellaswag,7,rotten_tomatoes,0.714647109487227,0.8946805048201766
base,qnli+qqp+sst2+record+snli+paws+hellaswag,7,multirc,0.6598686965714607,0.8742375788944108
base,qnli+qqp+sst2+record+snli+paws+hellaswag,7,copa,0.5737140750113342,0.8498476701123374
base,qnli+qqp+sst2+record+snli+paws+hellaswag,7,piqa,0.6384645397774875,0.8685176619993789
base,qnli+qqp+sst2+record+snli+paws+hellaswag+winogrande,8,mrpc,0.6347044985741377,0.8679509306592601
base,qnli+qqp+sst2+record+snli+paws+hellaswag+winogrande,8,boolq,0.6637374740093946,0.8752404347594295
base,qnli+qqp+sst2+record+snli+paws+hellaswag+winogrande,8,rte,0.6890532036444971,0.8898083503757205
base,qnli+qqp+sst2+record+snli+paws+hellaswag+winogrande,8,cola,0.6194405626239521,0.8606348144156593
base,qnli+qqp+sst2+record+snli+paws+hellaswag+winogrande,8,cb,0.6565956598413842,0.8825980121535915
base,qnli+qqp+sst2+record+snli+paws+hellaswag+winogrande,8,scitail,0.703485857429249,0.8867873490921089
base,qnli+qqp+sst2+record+snli+paws+hellaswag+winogrande,8,stsb,0.563386335436787,0.8477581638310637
base,qnli+qqp+sst2+record+snli+paws+hellaswag+winogrande,8,cr,0.6992036271840334,0.8910675719380379
base,qnli+qqp+sst2+record+snli+paws+hellaswag+winogrande,8,rotten_tomatoes,0.717025478769626,0.8946207772408213
base,qnli+qqp+sst2+record+snli+paws+hellaswag+winogrande,8,multirc,0.6610986832529306,0.8743068855255842
base,qnli+qqp+sst2+record+snli+paws+hellaswag+winogrande,8,copa,0.5830030796517219,0.852695895092828
base,qnli+qqp+sst2+record+snli+paws+hellaswag+winogrande,8,piqa,0.6743304223221328,0.8775868450424501
base,qnli+qqp+sst2+record+snli+paws+imdb,7,mrpc,0.6334519122860262,0.8686526162283761
base,qnli+qqp+sst2+record+snli+paws+imdb,7,boolq,0.6595323793590069,0.8753644148153918
base,qnli+qqp+sst2+record+snli+paws+imdb,7,rte,0.6880388326410737,0.8908562835838113
base,qnli+qqp+sst2+record+snli+paws+imdb,7,cola,0.6178009118219572,0.8609911996339049
base,qnli+qqp+sst2+record+snli+paws+imdb,7,cb,0.6590242944657803,0.8845231825751918
base,qnli+qqp+sst2+record+snli+paws+imdb,7,scitail,0.7020509791161332,0.887201023155025
base,qnli+qqp+sst2+record+snli+paws+imdb,7,stsb,0.5573928421363235,0.847476207784244
base,qnli+qqp+sst2+record+snli+paws+imdb,7,cr,0.7227435966155359,0.9001806090985026
base,qnli+qqp+sst2+record+snli+paws+imdb,7,rotten_tomatoes,0.7422672589974744,0.9039331525564194
base,qnli+qqp+sst2+record+snli+paws+imdb,7,multirc,0.6559611110548887,0.8741552451891559
base,qnli+qqp+sst2+record+snli+paws+imdb,7,copa,0.5701835379004478,0.8482201014246259
base,qnli+qqp+sst2+record+snli+paws+imdb,7,piqa,0.6015630879306367,0.8547895750296968
base,qnli+qqp+sst2+record+snli+paws+imdb+hellaswag,8,mrpc,0.6356937677732536,0.8688249183552605
base,qnli+qqp+sst2+record+snli+paws+imdb+hellaswag,8,boolq,0.6615897931956819,0.8753454937998738
base,qnli+qqp+sst2+record+snli+paws+imdb+hellaswag,8,rte,0.6902930973363774,0.8910611282501902
base,qnli+qqp+sst2+record+snli+paws+imdb+hellaswag,8,cola,0.6199021783790418,0.8612789737858942
base,qnli+qqp+sst2+record+snli+paws+imdb+hellaswag,8,cb,0.6628170644066164,0.8850045555404255
base,qnli+qqp+sst2+record+snli+paws+imdb+hellaswag,8,scitail,0.7030113533671413,0.8870753246758666
base,qnli+qqp+sst2+record+snli+paws+imdb+hellaswag,8,stsb,0.5607829254253635,0.8477042117821318
base,qnli+qqp+sst2+record+snli+paws+imdb+hellaswag,8,cr,0.725608275138906,0.9000198782554695
base,qnli+qqp+sst2+record+snli+paws+imdb+hellaswag,8,rotten_tomatoes,0.7446284014731646,0.9037449168307441
base,qnli+qqp+sst2+record+snli+paws+imdb+hellaswag,8,multirc,0.6581950026697346,0.8742603228560516
base,qnli+qqp+sst2+record+snli+paws+imdb+hellaswag,8,copa,0.5773350206602897,0.850663963173117
base,qnli+qqp+sst2+record+snli+paws+imdb+hellaswag,8,piqa,0.6378056088994656,0.8684875720313617
