method,combo,n_tasks,target,sar,sar_iso
base,mnli+qqp+sst2+record+anli_r1+paws+winogrande,7,mrpc,0.6427601655679089,0.8672396508710725
base,mnli+qqp+sst2+record+anli_r1+paws+winogrande,7,boolq,0.6737505888034191,0.8752319416297334
base,mnli+qqp+sst2+record+anli_r1+paws+winogrande,7,rte,0.6758754931922469,0.8783622932221208
base,mnli+qqp+sst2+record+anli_r1+paws+winogrande,7,cola,0.6291470023404274,0.8605244550853968
base,mnli+qqp+sst2+record+anli_r1+paws+winogrande,7,cb,0.6939826964267662,0.8939289903002126
base,mnli+qqp+sst2+record+anli_r1+paws+winogrande,7,scitail,0.7229566536843777,0.8905076804969992
base,mnli+qqp+sst2+record+anli_r1+paws+winogrande,7,stsb,0.5722177653307361,0.8476018873708588
base,mnli+qqp+sst2+record+anli_r1+paws+winogrande,7,cr,0.7158061885940177,0.8926083871296474
base,mnli+qqp+sst2+record+anli_r1+paws+winogrande,7,rotten_tomatoes,0.7322755610304219,0.8958693950303963
base,mnli+qqp+sst2+record+anli_r1+paws+winogrande,7,multirc,0.6748892460018396,0.8755056357809475
base,mnli+qqp+sst2+record+anli_r1+paws+winogrande,7,copa,0.5912221375453685,0.8510380717260497
base,mnli+qqp+sst2+record+anli_r1+paws+winogrande,7,piqa,0.6660764667072466,0.8714375362864563
base,mnli+qqp+sst2+record+anli_r1+squad_v2,6,mrpc,0.6571205420685666,0.8668481931090355
base,mnli+qqp+sst2+record+anli_r1+squad_v2,6,boolq,0.636142917642636,0.8579094338097742
base,mnli+qqp+sst2+record+anli_r1+squad_v2,6,rte,0.6888474308486495,0.8774260596505233
base,mnli+qqp+sst2+record+anli_r1+squad_v2,6,cola,0.6515121593007019,0.8623720460704395
base,mnli+qqp+sst2+record+anli_r1+squad_v2,6,cb,0.7090630299810853,0.8922994152775833
base,mnli+qqp+sst2+record+anli_r1+squad_v2,6,scitail,0.7313096964997905,0.8892584387212992
base,mnli+qqp+sst2+record+anli_r1+squad_v2,6,stsb,0.5914224628359079,0.8476816128407206
base,mnli+qqp+sst2+record+anli_r1+squad_v2,6,cr,0.7248127276876143,0.890806606305497
base,mnli+qqp+sst2+record+anli_r1+squad_v2,6,rotten_tomatoes,0.739280174353293,0.8943240126328809
base,mnli+qqp+sst2+record+anli_r1+squad_v2,6,multirc,0.6498244073508042,0.8613752765314919
base,mnli+qqp+sst2+record+anli_r1+squad_v2,6,copa,0.6092412280184882,0.8494688825947898
base,mnli+qqp+sst2+record+anli_r1+squad_v2,6,piqa,0.6302592629300696,0.8544849575098071
base,mnli+qqp+sst2+record+anli_r1+squad_v2+hellaswag,7,mrpc,0.6588165781327656,0.8671101411538464
base,mnli+qqp+sst2+record+anli_r1+squad_v2+hellaswag,7,boolq,0.6377696577193481,0.8580249236630542
base,mnli+qqp+sst2+record+anli_r1+squad_v2+hellaswag,7,rte,0.6909019550574678,0.8776977035616126
base,mnli+qqp+sst2+record+anli_r1+squad_v2+hellaswag,7,cola,0.6534319221973419,0.8626632576010057
base,mnli+qqp+sst2+record+anli_r1+squad_v2+hellaswag,7,cb,0.7117245066910982,0.892564695328474
base,mnli+qqp+sst2+record+anli_r1+squad_v2+hellaswag,7,scitail,0.7317577145461526,0.8891837881611926
base,mnli+qqp+sst2+record+anli_r1+squad_v2+hellaswag,7,stsb,0.5945656722677606,0.8479867295495102
base,mnli+qqp+sst2+record+anli_r1+squad_v2+hellaswag,7,cr,0.7257562077471188,0.89081974912967
base,mnli+qqp+sst2+record+anli_r1+squad_v2+hellaswag,7,rotten_tomatoes,0.7397208714059421,0.8941921836563519
base,mnli+qqp+sst2+record+anli_r1+squad_v2+hellaswag,7,multirc,0.6515034435849104,0.8615802587675196
base,mnli+qqp+sst2+record+anli_r1+squad_v2+hellaswag,7,copa,0.6157585624605417,0.8517656725432191
base,mnli+qqp+sst2+record+anli_r1+squad_v2+hellaswag,7,piqa,0.6689379108803613,0.8671171659869807
base,mnli+qqp+sst2+record+anli_r1+squad_v2+hellaswag+winogrande,8,mrpc,0.6593607802476201,0.8672046932790961
base,mnli+qqp+sst2+record+anli_r1+squad_v2+hellaswag+winogrande,8,boolq,0.6389637264822211,0.8582598425980125
base,mnli+qqp+sst2+record+anli_r1+squad_v2+hellaswag+winogrande,8,rte,0.6908059955707618,0.877633848892791
base,mnli+qqp+sst2+record+anli_r1+squad_v2+hellaswag+winogrande,8,cola,0.6536963182900634,0.8627383637108973
base,mnli+qqp+sst2+record+anli_r1+squad_v2+hellaswag+winogrande,8,cb,0.7113054958837373,0.8923602301095214
base,mnli+qqp+sst2+record+anli_r1+squad_v2+hellaswag+winogrande,8,scitail,0.7313940487802029,0.8890826582376447
base,mnli+qqp+sst2+record+anli_r1+squad_v2+hellaswag+winogrande,8,stsb,0.59554280766419,0.8479966952332428
base,mnli+qqp+sst2+record+anli_r1+squad_v2+hellaswag+winogrande,8,cr,0.7263299452939204,0.8907661666827542
base,mnli+qqp+sst2+record+anli_r1+squad_v2+hellaswag+winogrande,8,rotten_tomatoes,0.7397961424929755,0.8941467021192823
base,mnli+qqp+sst2+record+anli_r1+squad_v2+hellaswag+winogrande,8,multirc,0.6520140990614891,0.8617779245334012
base,mnli+qqp+sst2+record+anli_r1+squad_v2+hellaswag+winogrande,8,copa,0.6223100109824112,0.8541364760271141
base,mnli+qqp+sst2+record+anli_r1+squad_v2+hellaswag+winogrande,8,piqa,0.699192725121975,0.8761899583041668
base,mnli+qqp+sst2+record+anli_r1+squad_v2+winogrande,7,mrpc,0.6582598973597799,0.8670058457979134
base,mnli+qqp+sst2+record+anli_r1+squad_v2+winogrande,7,boolq,0.6380027696224195,0.8581339557256017
base,mnli+qqp+sst2+record+anli_r1+squad_v2+winogrande,7,rte,0.6892852394708565,0.8773932089763028
base,mnli+qqp+sst2+record+anli_r1+squad_v2+winogrande,7,cola,0.652493989361184,0.8624636376542705
base,mnli+qqp+sst2+record+anli_r1+squad_v2+winogrande,7,cb,0.7090756696249757,0.8920999073556491
base,mnli+qqp+sst2+record+anli_r1+squad_v2+winogrande,7,scitail,0.7312014496752194,0.8891769487942968
base,mnli+qqp+sst2+record+anli_r1+squad_v2+winogrande,7,stsb,0.5932585807251078,0.8477857091597149
base,mnli+qqp+sst2+record+anli_r1+squad_v2+winogrande,7,cr,0.7257914173283747,0.8907912937658173
base,mnli+qqp+sst2+record+anli_r1+squad_v2+winogrande,7,rotten_tomatoes,0.7396566053586346,0.8942784773451942
base,mnli+qqp+sst2+record+anli_r1+squad_v2+winogrande,7,multirc,0.6509899809690458,0.861575614128794
base,mnli+qqp+sst2+record+anli_r1+squad_v2+winogrande,7,copa,0.6173991478447404,0.8522125567708697
base,mnli+qqp+sst2+record+anli_r1+squad_v2+winogrande,7,piqa,0.683301895324673,0.8706532671515431
base,mnli+qqp+sst2+record+anli_r1+winogrande,6,mrpc,0.6414896473288536,0.8666924616055829
base,mnli+qqp+sst2+record+anli_r1+winogrande,6,boolq,0.6195914714730212,0.8575381019285747
base,mnli+qqp+sst2+record+anli_r1+winogrande,6,rte,0.6756935529410839,0.8780996464192867
base,mnli+qqp+sst2+record+anli_r1+winogrande,6,cola,0.6283897483455283,0.8601828190897193
base,mnli+qqp+sst2+record+anli_r1+winogrande,6,cb,0.6961969097277948,0.8946139557021004
base,mnli+qqp+sst2+record+anli_r1+winogrande,6,scitail,0.7227348097200904,0.8902977364403861
base,mnli+qqp+sst2+record+anli_r1+winogrande,6,stsb,0.5715116690179067,0.8472255910081523
base,mnli+qqp+sst2+record+anli_r1+winogrande,6,cr,0.7115881206201655,0.8929759711027145
base,mnli+qqp+sst2+record+anli_r1+winogrande,6,rotten_tomatoes,0.7274116244433182,0.8962342574128083
base,mnli+qqp+sst2+record+anli_r1+winogrande,6,multirc,0.6303931655628341,0.8598992561123201
base,mnli+qqp+sst2+record+anli_r1+winogrande,6,copa,0.5909561855452401,0.8507773902799401
base,mnli+qqp+sst2+record+anli_r1+winogrande,6,piqa,0.6656233088246414,0.8712310849555901
base,mnli+qqp+sst2+record+hellaswag,5,mrpc,0.6381182625357594,0.8649176409734147
base,mnli+qqp+sst2+record+hellaswag,5,boolq,0.6203173720277846,0.8570458380771535
base,mnli+qqp+sst2+record+hellaswag,5,rte,0.6629230864346027,0.8724683746695518
base,mnli+qqp+sst2+record+hellaswag,5,cola,0.6284614035061428,0.8595092913934163
base,mnli+qqp+sst2+record+hellaswag,5,cb,0.663098391677652,0.8804858156612941
base,mnli+qqp+sst2+record+hellaswag,5,scitail,0.714176034288747,0.8871164795543466
base,mnli+qqp+sst2+record+hellaswag,5,stsb,0.5754088822619191,0.8471716275172574
base,mnli+qqp+sst2+record+hellaswag,5,cr,0.7101481241573181,0.8921138559068952
base,mnli+qqp+sst2+record+hellaswag,5,rotten_tomatoes,0.7282842838072351,0.895880072244576
base,mnli+qqp+sst2+record+hellaswag,5,multirc,0.6326895493880978,0.8596642959330764
base,mnli+qqp+sst2+record+hellaswag,5,copa,0.5897740140956428,0.8498690719051021
base,mnli+qqp+sst2+record+hellaswag,5,piqa,0.6549762915154653,0.8678935500127929
base,mnli+qqp+sst2+record+hellaswag+winogrande,6,mrpc,0.6399178598076105,0.8650604880281857
base,mnli+qqp+sst2+record+hellaswag+winogrande,6,boolq,0.6226321871924613,0.8572806127901588
base,mnli+qqp+sst2+record+hellaswag+winogrande,6,rte,0.6640256991876023,0.872437773006303
base,mnli+qqp+sst2+record+hellaswag+winogrande,6,cola,0.6297059059143066,0.8596278894692659
base,mnli+qqp+sst2+record+hellaswag+winogrande,6,cb,0.6643663737922907,0.8804008670683418
base,mnli+qqp+sst2+record+hellaswag+winogrande,6,scitail,0.7144609697695289,0.8869770874402353
base,mnli+qqp+sst2+record+hellaswag+winogrande,6,stsb,0.5770281027736408,0.8472657006766114
base,mnli+qqp+sst2+record+hellaswag+winogrande,6,cr,0.7155920070196901,0.8920697937054294
base,mnli+qqp+sst2+record+hellaswag+winogrande,6,rotten_tomatoes,0.7333884116794381,0.8958060933010918
base,mnli+qqp+sst2+record+hellaswag+winogrande,6,multirc,0.6339688400205757,0.8598820607044867
base,mnli+qqp+sst2+record+hellaswag+winogrande,6,copa,0.5991153109020421,0.852599898353219
base,mnli+qqp+sst2+record+hellaswag+winogrande,6,piqa,0.6859134031193597,0.8771882110408374
base,mnli+qqp+sst2+record+imdb,5,mrpc,0.6382640336773225,0.8658150817666735
base,mnli+qqp+sst2+record+imdb,5,boolq,0.6180257577049945,0.8571046952690397
base,mnli+qqp+sst2+record+imdb,5,rte,0.6631726569363049,0.8735592849552631
base,mnli+qqp+sst2+record+imdb,5,cola,0.6276820746383497,0.8601889378790345
base,mnli+qqp+sst2+record+imdb,5,cb,0.6668365674891642,0.8826261247907367
base,mnli+qqp+sst2+record+imdb,5,scitail,0.7127011338514941,0.8874117982174669
base,mnli+qqp+sst2+record+imdb,5,stsb,0.5698206267718758,0.8467465027102402
base,mnli+qqp+sst2+record+imdb,5,cr,0.7393963052225965,0.9017885699868202
base,mnli+qqp+sst2+record+imdb,5,rotten_tomatoes,0.7580637080328805,0.9054624475538731
base,mnli+qqp+sst2+record+imdb,5,multirc,0.6289120502104717,0.8594064257506814
base,mnli+qqp+sst2+record+imdb,5,copa,0.5838135130969542,0.8479413222521544
base,mnli+qqp+sst2+record+imdb,5,piqa,0.6098256518266031,0.8533054124563932
base,mnli+qqp+sst2+record+imdb+hellaswag,6,mrpc,0.6409990792827946,0.8661193161138466
base,mnli+qqp+sst2+record+imdb+hellaswag,6,boolq,0.6207889845993902,0.8573962724102395
base,mnli+qqp+sst2+record+imdb+hellaswag,6,rte,0.6665115734296185,0.8739401884377003
base,mnli+qqp+sst2+record+imdb+hellaswag,6,cola,0.6304378004611603,0.8604773272361074
base,mnli+qqp+sst2+record+imdb+hellaswag,6,cb,0.6713099461048841,0.883223254765783
base,mnli+qqp+sst2+record+imdb+hellaswag,6,scitail,0.7137453827474799,0.8872945130403552
base,mnli+qqp+sst2+record+imdb+hellaswag,6,stsb,0.5743957702070475,0.8472285701760224
base,mnli+qqp+sst2+record+imdb+hellaswag,6,cr,0.7403584455272981,0.9015948745821204
base,mnli+qqp+sst2+record+imdb+hellaswag,6,rotten_tomatoes,0.7584245335310698,0.9051655291446618
base,mnli+qqp+sst2+record+imdb+hellaswag,6,multirc,0.6316034733983023,0.8597417282206672
base,mnli+qqp+sst2+record+imdb+hellaswag,6,copa,0.5931397466920316,0.8508806702281747
base,mnli+qqp+sst2+record+imdb+hellaswag,6,piqa,0.6535077055783144,0.8678326016025883
base,mnli+qqp+sst2+record+imdb+hellaswag+winogrande,7,mrpc,0.6424671078899077,0.8662004066365105
base,mnli+qqp+sst2+record+imdb+hellaswag+winogrande,7,boolq,0.622947216699166,0.8576186123703208
base,mnli+qqp+sst2+record+imdb+hellaswag+winogrande,7,rte,0.6674290411174297,0.8738835416734219
base,mnli+qqp+sst2+record+imdb+hellaswag+winogrande,7,cola,0.6314180539920926,0.8605550942676408
base,mnli+qqp+sst2+record+imdb+hellaswag+winogrande,7,cb,0.6721436642110348,0.8830254796360221
base,mnli+qqp+sst2+record+imdb+hellaswag+winogrande,7,scitail,0.7141347963895116,0.8871680410312754
base,mnli+qqp+sst2+record+imdb+hellaswag+winogrande,7,stsb,0.5757939945241171,0.8473226742020675
base,mnli+qqp+sst2+record+imdb+hellaswag+winogrande,7,cr,0.7407993958996875,0.9014402191553798
base,mnli+qqp+sst2+record+imdb+hellaswag+winogrande,7,rotten_tomatoes,0.7584305913852794,0.905027129820415
base,mnli+qqp+sst2+record+imdb+hellaswag+winogrande,7,multirc,0.6329542954585382,0.8599584427263055
base,mnli+qqp+sst2+record+imdb+hellaswag+winogrande,7,copa,0.6015327007376722,0.8534031451812812
base,mnli+qqp+sst2+record+imdb+hellaswag+winogrande,7,piqa,0.6845220384587135,0.8771523886493274
base,mnli+qqp+sst2+record+imdb+squad_v2,6,mrpc,0.6561113351157734,0.8662163742950985
base,mnli+qqp+sst2+record+imdb+squad_v2,6,boolq,0.6375989093046103,0.8579307438007423
base,mnli+qqp+sst2+record+imdb+squad_v2,6,rte,0.6789865456521511,0.873076719897134
base,mnli+qqp+sst2+record+imdb+squad_v2,6,cola,0.6525170018098184,0.8624787051230669
base,mnli+qqp+sst2+record+imdb+squad_v2,6,cb,0.6836339932467256,0.8804127419633525
base,mnli+qqp+sst2+record+imdb+squad_v2,6,scitail,0.7232457008212805,0.8862152743552413
base,mnli+qqp+sst2+record+imdb+squad_v2,6,stsb,0.5925282862569604,0.8474627240960088
base,mnli+qqp+sst2+record+imdb+squad_v2,6,cr,0.7473559541893857,0.899378450853484
base,mnli+qqp+sst2+record+imdb+squad_v2,6,rotten_tomatoes,0.7643640429845878,0.9034239926508495
base,mnli+qqp+sst2+record+imdb+squad_v2,6,multirc,0.6505280899416123,0.8611931979124036
base,mnli+qqp+sst2+record+imdb+squad_v2,6,copa,0.6119513113849929,0.8499055355787277
base,mnli+qqp+sst2+record+imdb+squad_v2,6,piqa,0.631402692890593,0.8543796869260925
base,mnli+qqp+sst2+record+imdb+squad_v2+hellaswag,7,mrpc,0.6579940696912152,0.8665071619408471
base,mnli+qqp+sst2+record+imdb+squad_v2+hellaswag,7,boolq,0.639309005013534,0.8580393879009145
base,mnli+qqp+sst2+record+imdb+squad_v2+hellaswag,7,rte,0.6813113684100764,0.8734779347266469
base,mnli+qqp+sst2+record+imdb+squad_v2+hellaswag,7,cola,0.6545114708798272,0.8628107234835625
base,mnli+qqp+sst2+record+imdb+squad_v2+hellaswag,7,cb,0.6868885396314519,0.8809859433344432
base,mnli+qqp+sst2+record+imdb+squad_v2+hellaswag,7,scitail,0.7236618854637656,0.886186395106571
base,mnli+qqp+sst2+record+imdb+squad_v2+hellaswag,7,stsb,0.5957786591191377,0.8477990001972232
base,mnli+qqp+sst2+record+imdb+squad_v2+hellaswag,7,cr,0.7480629722454718,0.8992062583565712
base,mnli+qqp+sst2+record+imdb+squad_v2+hellaswag,7,rotten_tomatoes,0.764530245746885,0.9031920848148209
base,mnli+qqp+sst2+record+imdb+squad_v2+hellaswag,7,multirc,0.6523645284718701,0.8613785350961345
base,mnli+qqp+sst2+record+imdb+squad_v2+hellaswag,7,copa,0.6185053445930991,0.8523050674370357
base,mnli+qqp+sst2+record+imdb+squad_v2+hellaswag,7,piqa,0.6701478777187211,0.8670799663024289
base,mnli+qqp+sst2+record+imdb+squad_v2+hellaswag+winogrande,8,mrpc,0.6584792099893093,0.8666520352874484
base,mnli+qqp+sst2+record+imdb+squad_v2+hellaswag+winogrande,8,boolq,0.6403749147430062,0.8582490200975111
base,mnli+qqp+sst2+record+imdb+squad_v2+hellaswag+winogrande,8,rte,0.681399225124291,0.873403147395168
base,mnli+qqp+sst2+record+imdb+squad_v2+hellaswag+winogrande,8,cola,0.6547383226986442,0.862824414989778
base,mnli+qqp+sst2+record+imdb+squad_v2+hellaswag+winogrande,8,cb,0.6869330701551267,0.8809799392308507
base,mnli+qqp+sst2+record+imdb+squad_v2+hellaswag+winogrande,8,scitail,0.7233725038490125,0.8860917208450181
base,mnli+qqp+sst2+record+imdb+squad_v2+hellaswag+winogrande,8,stsb,0.5966122214283262,0.8478181987468686
base,mnli+qqp+sst2+record+imdb+squad_v2+hellaswag+winogrande,8,cr,0.7482592396970306,0.8991302305034229
base,mnli+qqp+sst2+record+imdb+squad_v2+hellaswag+winogrande,8,rotten_tomatoes,0.7643157661493335,0.9030886409538132
base,mnli+qqp+sst2+record+imdb+squad_v2+hellaswag+winogrande,8,multirc,0.6527316877618432,0.8615565542131662
base,mnli+qqp+sst2+record+imdb+squad_v2+hellaswag+winogrande,8,copa,0.6248707406755004,0.8545344860426017
base,mnli+qqp+sst2+record+imdb+squad_v2+hellaswag+winogrande,8,piqa,0.6999874314559358,0.8761636393943003
base,mnli+qqp+sst2+record+imdb+squad_v2+winogrande,7,mrpc,0.6572845849607672,0.8663779427962643
base,mnli+qqp+sst2+record+imdb+squad_v2+winogrande,7,boolq,0.6394938247810517,0.8581611114953246
base,mnli+qqp+sst2+record+imdb+squad_v2+winogrande,7,rte,0.6797040152762618,0.8730966017714569
base,mnli+qqp+sst2+record+imdb+squad_v2+winogrande,7,cola,0.6534938849508762,0.8625907881983689
base,mnli+qqp+sst2+record+imdb+squad_v2+winogrande,7,cb,0.6842047375227723,0.880411546677351
base,mnli+qqp+sst2+record+imdb+squad_v2+winogrande,7,scitail,0.7232913438762937,0.8861571992082256
base,mnli+qqp+sst2+record+imdb+squad_v2+winogrande,7,stsb,0.5944017625546881,0.8476178284202304
base,mnli+qqp+sst2+record+imdb+squad_v2+winogrande,7,cr,0.74791694059968,0.8992812766560486
base,mnli+qqp+sst2+record+imdb+squad_v2+winogrande,7,rotten_tomatoes,0.7643973901867867,0.9032993268753801
base,mnli+qqp+sst2+record+imdb+squad_v2+winogrande,7,multirc,0.6516150302652802,0.8613665449832167
base,mnli+qqp+sst2+record+imdb+squad_v2+winogrande,7,copa,0.6200573521533183,0.8525587219212737
base,mnli+qqp+sst2+record+imdb+squad_v2+winogrande,7,piqa,0.6841162687965802,0.8705941688801561
base,mnli+qqp+sst2+record+imdb+winogrande,6,mrpc,0.640459585136601,0.8659736098987716
base,mnli+qqp+sst2+record+imdb+winogrande,6,boolq,0.6211763617050435,0.8574642802455595
base,mnli+qqp+sst2+record+imdb+winogrande,6,rte,0.6647869244750056,0.8734857557075364
base,mnli+qqp+sst2+record+imdb+winogrande,6,cola,0.6296000237842756,0.8602834442364318
base,mnli+qqp+sst2+record+imdb+winogrande,6,cb,0.6682828592934779,0.8824585282376834
base,mnli+qqp+sst2+record+imdb+winogrande,6,scitail,0.7133803825293269,0.8872919287532568
base,mnli+qqp+sst2+record+imdb+winogrande,6,stsb,0.5726759133727423,0.8469970308776412
base,mnli+qqp+sst2+record+imdb+winogrande,6,cr,0.7402705534228257,0.9016444789511817
base,mnli+qqp+sst2+record+imdb+winogrande,6,rotten_tomatoes,0.7583151635314737,0.9052896638001714
base,mnli+qqp+sst2+record+imdb+winogrande,6,multirc,0.631000792541142,0.8597037962504795
base,mnli+qqp+sst2+record+imdb+winogrande,6,copa,0.5948746739221471,0.851286721814956
base,mnli+qqp+sst2+record+imdb+winogrande,6,piqa,0.6666620027806077,0.8711714042084557
base,mnli+qqp+sst2+record+paws,5,mrpc,0.6373297667929104,0.8653712373759065
base,mnli+qqp+sst2+record+paws,5,boolq,0.6737442873418331,0.8749912099114486
base,mnli+qqp+sst2+record+paws,5,rte,0.6605600749275514,0.8724921228630202
base,mnli+qqp+sst2+record+paws,5,cola,0.6268057667517236,0.8595573093209948
base,mnli+qqp+sst2+record+paws,5,cb,0.6573946428086076,0.8793391454964876
base,mnli+qqp+sst2+record+paws,5,scitail,0.7135695213718074,0.8874974719115666
base,mnli+qqp+sst2+record+paws,5,stsb,0.5717675692534873,0.8471611136836665
base,mnli+qqp+sst2+record+paws,5,cr,0.7112582421728543,0.8916815253240722
base,mnli+qqp+sst2+record+paws,5,rotten_tomatoes,0.7307377071785075,0.8956486034606185
base,mnli+qqp+sst2+record+paws,5,multirc,0.6756470031770212,0.875299976340362
base,mnli+qqp+sst2+record+paws,5,copa,0.5813023543783596,0.8472789478089128
base,mnli+qqp+sst2+record+paws,5,piqa,0.6126537146046758,0.8537608962506056
base,mnli+qqp+sst2+record+paws+hellaswag,6,mrpc,0.6402016282081604,0.8656827434897423
base,mnli+qqp+sst2+record+paws+hellaswag,6,boolq,0.6756577872272048,0.8750053431306567
base,mnli+qqp+sst2+record+paws+hellaswag,6,rte,0.6641414250646319,0.8730057302330222
base,mnli+qqp+sst2+record+paws+hellaswag,6,cola,0.6294715572148561,0.8599033249276025
base,mnli+qqp+sst2+record+paws+hellaswag,6,cb,0.6623975222132036,0.8800402475254876
base,mnli+qqp+sst2+record+paws+hellaswag,6,scitail,0.7147853023239544,0.8874091399567468
base,mnli+qqp+sst2+record+paws+hellaswag,6,stsb,0.5761613346902388,0.8475448558373111
base,mnli+qqp+sst2+record+paws+hellaswag,6,cr,0.7147049326449633,0.8916994934635503
base,mnli+qqp+sst2+record+paws+hellaswag,6,rotten_tomatoes,0.7333200342421021,0.8954975275056702
base,mnli+qqp+sst2+record+paws+hellaswag,6,multirc,0.6776507467563663,0.8754215429403952
base,mnli+qqp+sst2+record+paws+hellaswag,6,copa,0.5901196104075227,0.8499512092343399
base,mnli+qqp+sst2+record+paws+hellaswag,6,piqa,0.6555552843825093,0.8680907551731382
base,mnli+qqp+sst2+record+paws+hellaswag+winogrande,7,mrpc,0.6414823438972235,0.8656668295817715
base,mnli+qqp+sst2+record+paws+hellaswag+winogrande,7,boolq,0.6765193987105574,0.8750444219580719
base,mnli+qqp+sst2+record+paws+hellaswag+winogrande,7,rte,0.664918188271778,0.8729170624698911
base,mnli+qqp+sst2+record+paws+hellaswag+winogrande,7,cola,0.6305299644757595,0.8599874999906335
base,mnli+qqp+sst2+record+paws+hellaswag+winogrande,7,cb,0.6633245646953583,0.8799120914191008
base,mnli+qqp+sst2+record+paws+hellaswag+winogrande,7,scitail,0.7149125978882823,0.8872461425406593
base,mnli+qqp+sst2+record+paws+hellaswag+winogrande,7,stsb,0.5777750970529658,0.847639902893986
base,mnli+qqp+sst2+record+paws+hellaswag+winogrande,7,cr,0.7157041026013238,0.8916614114173821
base,mnli+qqp+sst2+record+paws+hellaswag+winogrande,7,rotten_tomatoes,0.733705180564097,0.8954565658101014
base,mnli+qqp+sst2+record+paws+hellaswag+winogrande,7,multirc,0.6782147949561477,0.8754275741853884
base,mnli+qqp+sst2+record+paws+hellaswag+winogrande,7,copa,0.5989113007006901,0.8526496794074774
base,mnli+qqp+sst2+record+paws+hellaswag+winogrande,7,piqa,0.686374642220991,0.877282307616302
base,mnli+qqp+sst2+record+paws+imdb,6,mrpc,0.6401015562670571,0.8665571532079152
base,mnli+qqp+sst2+record+paws+imdb,6,boolq,0.6732811991657529,0.8751832919993571
base,mnli+qqp+sst2+record+paws+imdb,6,rte,0.6642878281750849,0.8740796377616269
base,mnli+qqp+sst2+record+paws+imdb,6,cola,0.6287582048348018,0.8605445317391839
base,mnli+qqp+sst2+record+paws+imdb,6,cb,0.6660224593111447,0.88216878633414
base,mnli+qqp+sst2+record+paws+imdb,6,scitail,0.7133289711283786,0.8876872855637755
base,mnli+qqp+sst2+record+paws+imdb,6,stsb,0.570731885265559,0.8472166481826987
base,mnli+qqp+sst2+record+paws+imdb,6,cr,0.7374396539692368,0.9013186762375491
base,mnli+qqp+sst2+record+paws+imdb,6,rotten_tomatoes,0.7565080643232379,0.9049936378640788
base,mnli+qqp+sst2+record+paws+imdb,6,multirc,0.6739721062726208,0.8752854277512857
base,mnli+qqp+sst2+record+paws+imdb,6,copa,0.5848528164039765,0.8483430719269174
base,mnli+qqp+sst2+record+paws+imdb,6,piqa,0.6117557588565562,0.8539110307714769
base,mnli+qqp+sst2+record+paws+imdb+hellaswag,7,mrpc,0.6427124445991856,0.8668503457946437
base,mnli+qqp+sst2+record+paws+imdb+hellaswag,7,boolq,0.6749388918812785,0.8751716456775155
base,mnli+qqp+sst2+record+paws+imdb+hellaswag,7,rte,0.6675255508827311,0.874469520258052
base,mnli+qqp+sst2+record+paws+imdb+hellaswag,7,cola,0.631370796023735,0.8608334727053132
base,mnli+qqp+sst2+record+paws+imdb+hellaswag,7,cb,0.6703506058880261,0.8827225544622966
base,mnli+qqp+sst2+record+paws+imdb+hellaswag,7,scitail,0.7143359743058681,0.8875916219715562
base,mnli+qqp+sst2+record+paws+imdb+hellaswag,7,stsb,0.575109260622412,0.8475968483835459
base,mnli+qqp+sst2+record+paws+imdb+hellaswag,7,cr,0.7385239380278757,0.9011025673576764
base,mnli+qqp+sst2+record+paws+imdb+hellaswag,7,rotten_tomatoes,0.7570200440074716,0.9047520714146751
base,mnli+qqp+sst2+record+paws+imdb+hellaswag,7,multirc,0.6758376216249806,0.8753928297332355
base,mnli+qqp+sst2+record+paws+imdb+hellaswag,7,copa,0.593240917593773,0.8508952395724398
base,mnli+qqp+sst2+record+paws+imdb+hellaswag,7,piqa,0.6539604284002313,0.8680822947727782
base,mnli+qqp+sst2+record+paws+imdb+hellaswag+winogrande,8,mrpc,0.6437189273004021,0.8668165488966874
base,mnli+qqp+sst2+record+paws+imdb+hellaswag+winogrande,8,boolq,0.6758144351520708,0.8751966186932155
base,mnli+qqp+sst2+record+paws+imdb+hellaswag+winogrande,8,rte,0.6681189800479582,0.8743599882083279
base,mnli+qqp+sst2+record+paws+imdb+hellaswag+winogrande,8,cola,0.6320844533454094,0.860907538660935
base,mnli+qqp+sst2+record+paws+imdb+hellaswag+winogrande,8,cb,0.6708925164171627,0.8825025920357022
base,mnli+qqp+sst2+record+paws+imdb+hellaswag+winogrande,8,scitail,0.7146462247307811,0.8874478765896389
base,mnli+qqp+sst2+record+paws+imdb+hellaswag+winogrande,8,stsb,0.5764292118671749,0.8476778471044132
base,mnli+qqp+sst2+record+paws+imdb+hellaswag+winogrande,8,cr,0.7407111160989318,0.900975087923663
base,mnli+qqp+sst2+record+paws+imdb+hellaswag+winogrande,8,rotten_tomatoes,0.7586597725749016,0.9046319276094437
base,mnli+qqp+sst2+record+paws+imdb+hellaswag+winogrande,8,multirc,0.6764035648001092,0.8753963272486415
base,mnli+qqp+sst2+record+paws+imdb+hellaswag+winogrande,8,copa,0.6012609388147082,0.8534580360033682
base,mnli+qqp+sst2+record+paws+imdb+hellaswag+winogrande,8,piqa,0.684594614431262,0.8772647622972727
base,mnli+qqp+sst2+record+paws+imdb+squad_v2,7,mrpc,0.6573327170418841,0.8668835700622627
base,mnli+qqp+sst2+record+paws+imdb+squad_v2,7,boolq,0.6912532339670828,0.8744903105710234
base,mnli+qqp+sst2+record+paws+imdb+squad_v2,7,rte,0.6795704420655966,0.8736282150660243
base,mnli+qqp+sst2+record+paws+imdb+squad_v2,7,cola,0.6527623289397785,0.8628822141992194
base,mnli+qqp+sst2+record+paws+imdb+squad_v2,7,cb,0.6823290328362158,0.8801895544997284
base,mnli+qqp+sst2+record+paws+imdb+squad_v2,7,scitail,0.7234629568244729,0.8864787556231022
base,mnli+qqp+sst2+record+paws+imdb+squad_v2,7,stsb,0.5926934511267713,0.8478011076471635
base,mnli+qqp+sst2+record+paws+imdb+squad_v2,7,cr,0.7456103377044201,0.8989574563290391
base,mnli+qqp+sst2+record+paws+imdb+squad_v2,7,rotten_tomatoes,0.7628194585974727,0.9029762984386512
base,mnli+qqp+sst2+record+paws+imdb+squad_v2,7,multirc,0.6964466127433947,0.8758891110441515
base,mnli+qqp+sst2+record+paws+imdb+squad_v2,7,copa,0.6122152068253074,0.8501388513083968
base,mnli+qqp+sst2+record+paws+imdb+squad_v2,7,piqa,0.6322033356076905,0.8548004802848611
base,mnli+qqp+sst2+record+paws+imdb+squad_v2+hellaswag,8,mrpc,0.6588604154863528,0.8671288538192
base,mnli+qqp+sst2+record+paws+imdb+squad_v2+hellaswag,8,boolq,0.6920958528561252,0.874521612056664
base,mnli+qqp+sst2+record+paws+imdb+squad_v2+hellaswag,8,rte,0.6816401364547866,0.8740227520465851
base,mnli+qqp+sst2+record+paws+imdb+squad_v2+hellaswag,8,cola,0.6545313431748322,0.8631422256252596
base,mnli+qqp+sst2+record+paws+imdb+squad_v2+hellaswag,8,cb,0.685246222785541,0.8806746053908553
base,mnli+qqp+sst2+record+paws+imdb+squad_v2+hellaswag,8,scitail,0.723705478278654,0.8864625160183225
base,mnli+qqp+sst2+record+paws+imdb+squad_v2+hellaswag,8,stsb,0.5956815763243607,0.8481699882873467
base,mnli+qqp+sst2+record+paws+imdb+squad_v2+hellaswag,8,cr,0.7461762891284057,0.8988263282392707
base,mnli+qqp+sst2+record+paws+imdb+squad_v2+hellaswag,8,rotten_tomatoes,0.7629744022020272,0.9028360976704529
base,mnli+qqp+sst2+record+paws+imdb+squad_v2+hellaswag,8,multirc,0.697436639506902,0.8759384346859795
base,mnli+qqp+sst2+record+paws+imdb+squad_v2+hellaswag,8,copa,0.618057143209236,0.8523653711059264
base,mnli+qqp+sst2+record+paws+imdb+squad_v2+hellaswag,8,piqa,0.6696501462055104,0.8673040459730795
base,mnli+qqp+sst2+record+paws+imdb+squad_v2+hellaswag+winogrande,9,mrpc,0.6592263004609517,0.8671932161918708
base,mnli+qqp+sst2+record+paws+imdb+squad_v2+hellaswag+winogrande,9,boolq,0.692442507350019,0.8746058217116764
base,mnli+qqp+sst2+record+paws+imdb+squad_v2+hellaswag+winogrande,9,rte,0.6814807754542146,0.8739191751394954
base,mnli+qqp+sst2+record+paws+imdb+squad_v2+hellaswag+winogrande,9,cola,0.6545288682516132,0.8631396410720689
base,mnli+qqp+sst2+record+paws+imdb+squad_v2+hellaswag+winogrande,9,cb,0.6853969461683717,0.8805940502456256
base,mnli+qqp+sst2+record+paws+imdb+squad_v2+hellaswag+winogrande,9,scitail,0.7233910893223116,0.8863569942436048
base,mnli+qqp+sst2+record+paws+imdb+squad_v2+hellaswag+winogrande,9,stsb,0.5964440071423139,0.84820760866361
base,mnli+qqp+sst2+record+paws+imdb+squad_v2+hellaswag+winogrande,9,cr,0.7464078571647406,0.898729936352798
base,mnli+qqp+sst2+record+paws+imdb+squad_v2+hellaswag+winogrande,9,rotten_tomatoes,0.7627903624836888,0.9027349320905549
base,mnli+qqp+sst2+record+paws+imdb+squad_v2+hellaswag+winogrande,9,multirc,0.6974425270621266,0.8759898519409555
base,mnli+qqp+sst2+record+paws+imdb+squad_v2+hellaswag+winogrande,9,copa,0.6242677287331649,0.8545469394219773
base,mnli+qqp+sst2+record+paws+imdb+squad_v2+hellaswag+winogrande,9,piqa,0.6995253978031022,0.8762490078806877
base,mnli+qqp+sst2+record+paws+imdb+squad_v2+winogrande,8,mrpc,0.6582641452550888,0.86696914264134
base,mnli+qqp+sst2+record+paws+imdb+squad_v2+winogrande,8,boolq,0.6919372228107282,0.8746175614318678
base,mnli+qqp+sst2+record+paws+imdb+squad_v2+winogrande,8,rte,0.6800157951989344,0.8736201125596251
base,mnli+qqp+sst2+record+paws+imdb+squad_v2+winogrande,8,cola,0.6535378808953932,0.8629042013947453
base,mnli+qqp+sst2+record+paws+imdb+squad_v2+winogrande,8,cb,0.6829459055193833,0.8801357825951917
base,mnli+qqp+sst2+record+paws+imdb+squad_v2+winogrande,8,scitail,0.7234149098928485,0.8864345579807248
base,mnli+qqp+sst2+record+paws+imdb+squad_v2+winogrande,8,stsb,0.5942778256056565,0.8479905681950706
base,mnli+qqp+sst2+record+paws+imdb+squad_v2+winogrande,8,cr,0.7461750520659345,0.8988575333995479
base,mnli+qqp+sst2+record+paws+imdb+squad_v2+winogrande,8,rotten_tomatoes,0.7628858642918723,0.9028818378491061
base,mnli+qqp+sst2+record+paws+imdb+squad_v2+winogrande,8,multirc,0.6967650742403099,0.8759160672447511
base,mnli+qqp+sst2+record+paws+imdb+squad_v2+winogrande,8,copa,0.6198614670761994,0.8527535745607955
base,mnli+qqp+sst2+record+paws+imdb+squad_v2+winogrande,8,piqa,0.6839513698858875,0.87077233088868
base,mnli+qqp+sst2+record+paws+imdb+winogrande,7,mrpc,0.6420529647065061,0.8666214378816741
base,mnli+qqp+sst2+record+paws+imdb+winogrande,7,boolq,0.6747750075800079,0.8752538918384484
base,mnli+qqp+sst2+record+paws+imdb+winogrande,7,rte,0.6656508738441127,0.8739577074136052
base,mnli+qqp+sst2+record+paws+imdb+winogrande,7,cola,0.6303995818431888,0.8606756925582886
base,mnli+qqp+sst2+record+paws+imdb+winogrande,7,cb,0.6672375476253884,0.8820166140794754
base,mnli+qqp+sst2+record+paws+imdb+winogrande,7,scitail,0.7138872426003218,0.887563464098743
base,mnli+qqp+sst2+record+paws+imdb+winogrande,7,stsb,0.5734728329948017,0.8473689894058875
base,mnli+qqp+sst2+record+paws+imdb+winogrande,7,cr,0.7400851984109197,0.9012067504227161
base,mnli+qqp+sst2+record+paws+imdb+winogrande,7,rotten_tomatoes,0.7585432223443475,0.9048347249627113
base,mnli+qqp+sst2+record+paws+imdb+winogrande,7,multirc,0.6751204030588269,0.8753214747245822
base,mnli+qqp+sst2+record+paws+imdb+winogrande,7,copa,0.5951335718190032,0.8514925744384527
base,mnli+qqp+sst2+record+paws+imdb+winogrande,7,piqa,0.6671713990425425,0.8713913839310408
base,mnli+qqp+sst2+record+paws+squad_v2,6,mrpc,0.655322332999536,0.865770867892674
base,mnli+qqp+sst2+record+paws+squad_v2,6,boolq,0.6915753012789148,0.8742856872933251
base,mnli+qqp+sst2+record+paws+squad_v2,6,rte,0.6766498001026255,0.8720951306500605
base,mnli+qqp+sst2+record+paws+squad_v2,6,cola,0.6516395836536374,0.861973209838782
base,mnli+qqp+sst2+record+paws+squad_v2,6,cb,0.675403322492327,0.8773876553667443
base,mnli+qqp+sst2+record+paws+squad_v2,6,scitail,0.7237631010689906,0.8862948774227074
base,mnli+qqp+sst2+record+paws+squad_v2,6,stsb,0.5939417229965329,0.8478427832680089
base,mnli+qqp+sst2+record+paws+squad_v2,6,cr,0.7222535147198609,0.8894909625606877
base,mnli+qqp+sst2+record+paws+squad_v2,6,rotten_tomatoes,0.7388875843690974,0.8937035229589257
base,mnli+qqp+sst2+record+paws+squad_v2,6,multirc,0.6977562529167959,0.8759097020540919
base,mnli+qqp+sst2+record+paws+squad_v2,6,copa,0.6109122812215771,0.8493635776851859
base,mnli+qqp+sst2+record+paws+squad_v2,6,piqa,0.6333238136555467,0.8547571626092706
base,mnli+qqp+sst2+record+paws+squad_v2+hellaswag,7,mrpc,0.6570989944572959,0.866055062838963
base,mnli+qqp+sst2+record+paws+squad_v2+hellaswag,7,boolq,0.692461543317352,0.8743424961077315
base,mnli+qqp+sst2+record+paws+squad_v2+hellaswag,7,rte,0.6790116474564586,0.872580211609602
base,mnli+qqp+sst2+record+paws+squad_v2+hellaswag,7,cola,0.653448945443545,0.8622497413307428
base,mnli+qqp+sst2+record+paws+squad_v2+hellaswag,7,cb,0.6788468318326133,0.8780657752816167
base,mnli+qqp+sst2+record+paws+squad_v2+hellaswag,7,scitail,0.7240941465965339,0.8862441158188241
base,mnli+qqp+sst2+record+paws+squad_v2+hellaswag,7,stsb,0.5970309348776937,0.8481463087456567
base,mnli+qqp+sst2+record+paws+squad_v2+hellaswag,7,cr,0.7231614970202956,0.8895314734961305
base,mnli+qqp+sst2+record+paws+squad_v2+hellaswag,7,rotten_tomatoes,0.7392193448862859,0.893593756215913
base,mnli+qqp+sst2+record+paws+squad_v2+hellaswag,7,multirc,0.6987420924540076,0.876011871067541
base,mnli+qqp+sst2+record+paws+squad_v2+hellaswag,7,copa,0.616985243612102,0.8515708811048951
base,mnli+qqp+sst2+record+paws+squad_v2+hellaswag,7,piqa,0.6713710320847375,0.8673181025577443
base,mnli+qqp+sst2+record+paws+squad_v2+hellaswag+winogrande,8,mrpc,0.6575538907200098,0.866121514567307
base,mnli+qqp+sst2+record+paws+squad_v2+hellaswag+winogrande,8,boolq,0.6929605512746743,0.8744399526289531
base,mnli+qqp+sst2+record+paws+squad_v2+hellaswag+winogrande,8,rte,0.679051269644073,0.8725161914314542
base,mnli+qqp+sst2+record+paws+squad_v2+hellaswag+winogrande,8,cola,0.6538280464176621,0.8622697639678206
base,mnli+qqp+sst2+record+paws+squad_v2+hellaswag+winogrande,8,cb,0.6791981849819422,0.8780606873333454
base,mnli+qqp+sst2+record+paws+squad_v2+hellaswag+winogrande,8,scitail,0.7236949828054223,0.8861429028745208
base,mnli+qqp+sst2+record+paws+squad_v2+hellaswag+winogrande,8,stsb,0.5978395526430437,0.8482001913445336
base,mnli+qqp+sst2+record+paws+squad_v2+hellaswag+winogrande,8,cr,0.7238603282187667,0.8895207686083657
base,mnli+qqp+sst2+record+paws+squad_v2+hellaswag+winogrande,8,rotten_tomatoes,0.7393113010163818,0.8935606756380626
base,mnli+qqp+sst2+record+paws+squad_v2+hellaswag+winogrande,8,multirc,0.6988548726907798,0.8760355367724385
base,mnli+qqp+sst2+record+paws+squad_v2+hellaswag+winogrande,8,copa,0.6234217190316745,0.8538844218211514
base,mnli+qqp+sst2+record+paws+squad_v2+hellaswag+winogrande,8,piqa,0.7007710563817194,0.8762932805610555
base,mnli+qqp+sst2+record+paws+squad_v2+winogrande,7,mrpc,0.6564063086573567,0.86586544662714
base,mnli+qqp+sst2+record+paws+squad_v2+winogrande,7,boolq,0.6923228755061116,0.8744319967393365
base,mnli+qqp+sst2+record+paws+squad_v2+winogrande,7,rte,0.6772075542914016,0.8721152325826032
base,mnli+qqp+sst2+record+paws+squad_v2+winogrande,7,cola,0.6524019781500101,0.8620392658880779
base,mnli+qqp+sst2+record+paws+squad_v2+winogrande,7,cb,0.6763314277465854,0.8774233071931771
base,mnli+qqp+sst2+record+paws+squad_v2+winogrande,7,scitail,0.7236127017864159,0.8862319564712899
base,mnli+qqp+sst2+record+paws+squad_v2+winogrande,7,stsb,0.5955246436808791,0.8480027142379966
base,mnli+qqp+sst2+record+paws+squad_v2+winogrande,7,cr,0.7232430933841637,0.8895115277596882
base,mnli+qqp+sst2+record+paws+squad_v2+winogrande,7,rotten_tomatoes,0.7391456173998969,0.8936922528914043
base,mnli+qqp+sst2+record+paws+squad_v2+winogrande,7,multirc,0.6981306757245745,0.8759699974741254
base,mnli+qqp+sst2+record+paws+squad_v2+winogrande,7,copa,0.6189126883234296,0.8520834994103227
base,mnli+qqp+sst2+record+paws+squad_v2+winogrande,7,piqa,0.6851228725697313,0.8707891497761011
base,mnli+qqp+sst2+record+paws+winogrande,6,mrpc,0.6394190154969692,0.8654191717505455
base,mnli+qqp+sst2+record+paws+winogrande,6,boolq,0.67537909679647,0.8750581778585911
base,mnli+qqp+sst2+record+paws+winogrande,6,rte,0.6621890435261386,0.8724801237029689
base,mnli+qqp+sst2+record+paws+winogrande,6,cola,0.6287039087287017,0.8597483783960342
base,mnli+qqp+sst2+record+paws+winogrande,6,cb,0.65917693211564,0.8792552647313902
base,mnli+qqp+sst2+record+paws+winogrande,6,scitail,0.7144247253558466,0.887340318943773
base,mnli+qqp+sst2+record+paws+winogrande,6,stsb,0.5746268636680075,0.8473578553114619
base,mnli+qqp+sst2+record+paws+winogrande,6,cr,0.7145863188696759,0.8916907150830541
base,mnli+qqp+sst2+record+paws+winogrande,6,rotten_tomatoes,0.7332922579454524,0.8955948491181646
base,mnli+qqp+sst2+record+paws+winogrande,6,multirc,0.6768973407202533,0.8753537168460233
base,mnli+qqp+sst2+record+paws+winogrande,6,copa,0.5923111154697835,0.8505792114883661
base,mnli+qqp+sst2+record+paws+winogrande,6,piqa,0.6685614925143974,0.8714023312287671
base,mnli+qqp+sst2+record+snli,5,mrpc,0.6008702106773853,0.86425137466618
base,mnli+qqp+sst2+record+snli,5,boolq,0.5842741391222391,0.8558069456900869
base,mnli+qqp+sst2+record+snli,5,rte,0.6345507153975112,0.8743092066475323
base,mnli+qqp+sst2+record+snli,5,cola,0.5957745681516826,0.859282970694559
base,mnli+qqp+sst2+record+snli,5,cb,0.6387842970767191,0.8869822195598057
base,mnli+qqp+sst2+record+snli,5,scitail,0.6948205514677933,0.8890752214938402
base,mnli+qqp+sst2+record+snli,5,stsb,0.5382470107371253,0.8466182263301951
base,mnli+qqp+sst2+record+snli,5,cr,0.6633766630132284,0.8898090943694115
base,mnli+qqp+sst2+record+snli,5,rotten_tomatoes,0.6827111748446312,0.8937749428940671
base,mnli+qqp+sst2+record+snli,5,multirc,0.5993588109101567,0.8588667801980462
base,mnli+qqp+sst2+record+snli,5,copa,0.5426734671262758,0.846290468105248
base,mnli+qqp+sst2+record+snli,5,piqa,0.5815620350851012,0.8535133887614522
base,mnli+qqp+sst2+record+snli+anli_r1,6,mrpc,0.6045275935903192,0.8656792933387416
base,mnli+qqp+sst2+record+snli+anli_r1,6,boolq,0.583870351713683,0.8561635794384139
base,mnli+qqp+sst2+record+snli+anli_r1,6,rte,0.6463336138320821,0.8786753623613289
base,mnli+qqp+sst2+record+snli+anli_r1,6,cola,0.597048908339015,0.8598932698369026
base,mnli+qqp+sst2+record+snli+anli_r1,6,cb,0.6673435209585088,0.8973105810582638
base,mnli+qqp+sst2+record+snli+anli_r1,6,scitail,0.7015430365822145,0.8912544266453811
base,mnli+qqp+sst2+record+snli+anli_r1,6,stsb,0.5367708599660546,0.8468683955392667
base,mnli+qqp+sst2+record+snli+anli_r1,6,cr,0.6648479678135898,0.8904728506292615
base,mnli+qqp+sst2+record+snli+anli_r1,6,rotten_tomatoes,0.6822235960779446,0.8939873802342585
base,mnli+qqp+sst2+record+snli+anli_r1,6,multirc,0.5982843356739197,0.8591357730329037
base,mnli+qqp+sst2+record+snli+anli_r1,6,copa,0.5434717139495271,0.8466588873416185
base,mnli+qqp+sst2+record+snli+anli_r1,6,piqa,0.5802660972611713,0.8536378275603056
base,mnli+qqp+sst2+record+snli+anli_r1+hellaswag,7,mrpc,0.607742132086839,0.865939877395119
base,mnli+qqp+sst2+record+snli+anli_r1+hellaswag,7,boolq,0.5868765379834388,0.8563500081322023
base,mnli+qqp+sst2+record+snli+anli_r1+hellaswag,7,rte,0.6494272345943111,0.8789353157792773
base,mnli+qqp+sst2+record+snli+anli_r1+hellaswag,7,cola,0.5996639140482459,0.8600409589707851
base,mnli+qqp+sst2+record+snli+anli_r1+hellaswag,7,cb,0.6713968959770032,0.8975346375788961
base,mnli+qqp+sst2+record+snli+anli_r1+hellaswag,7,scitail,0.7027490000639643,0.8912220163536924
base,mnli+qqp+sst2+record+snli+anli_r1+hellaswag,7,stsb,0.5398855274543166,0.8471820639180285
base,mnli+qqp+sst2+record+snli+anli_r1+hellaswag,7,cr,0.6677355067139226,0.8905292893094676
base,mnli+qqp+sst2+record+snli+anli_r1+hellaswag,7,rotten_tomatoes,0.6844512985220977,0.8939388620534113
base,mnli+qqp+sst2+record+snli+anli_r1+hellaswag,7,multirc,0.6008901062554547,0.8593556183789458
base,mnli+qqp+sst2+record+snli+anli_r1+hellaswag,7,copa,0.5503565881933484,0.8490758743137121
base,mnli+qqp+sst2+record+snli+anli_r1+hellaswag,7,piqa,0.6112792890718473,0.8672368382768971
base,mnli+qqp+sst2+record+snli+anli_r1+hellaswag+winogrande,8,mrpc,0.6101968977600336,0.8660112826951912
base,mnli+qqp+sst2+record+snli+anli_r1+hellaswag+winogrande,8,boolq,0.5903557147830725,0.8566423981849637
base,mnli+qqp+sst2+record+snli+anli_r1+hellaswag+winogrande,8,rte,0.6510602363518306,0.8788964200232711
base,mnli+qqp+sst2+record+snli+anli_r1+hellaswag+winogrande,8,cola,0.6018221974372864,0.8601717092096806
base,mnli+qqp+sst2+record+snli+anli_r1+hellaswag+winogrande,8,cb,0.6733219400048256,0.897341218910047
base,mnli+qqp+sst2+record+snli+anli_r1+hellaswag+winogrande,8,scitail,0.7037871639643397,0.8911032639443874
base,mnli+qqp+sst2+record+snli+anli_r1+hellaswag+winogrande,8,stsb,0.5424730416520366,0.8472666897411857
base,mnli+qqp+sst2+record+snli+anli_r1+hellaswag+winogrande,8,cr,0.6718693738138037,0.8905620175812926
base,mnli+qqp+sst2+record+snli+anli_r1+hellaswag+winogrande,8,rotten_tomatoes,0.6881551036079016,0.8939141530011382
base,mnli+qqp+sst2+record+snli+anli_r1+hellaswag+winogrande,8,multirc,0.6031380253843963,0.8595935199409723
base,mnli+qqp+sst2+record+snli+anli_r1+hellaswag+winogrande,8,copa,0.559433256542044,0.851682897657156
base,mnli+qqp+sst2+record+snli+anli_r1+hellaswag+winogrande,8,piqa,0.6446895377178278,0.8764350624488932
base,mnli+qqp+sst2+record+snli+anli_r1+imdb,7,mrpc,0.608193573009755,0.866619489554848
base,mnli+qqp+sst2+record+snli+anli_r1+imdb,7,boolq,0.5859287951274642,0.8564759522144284
base,mnli+qqp+sst2+record+snli+anli_r1+imdb,7,rte,0.6501444607440915,0.8796969300934246
base,mnli+qqp+sst2+record+snli+anli_r1+imdb,7,cola,0.6001549035842929,0.8606892595333713
base,mnli+qqp+sst2+record+snli+anli_r1+imdb,7,cb,0.6745209297431367,0.8988806051867348
base,mnli+qqp+sst2+record+snli+anli_r1+imdb,7,scitail,0.7019324856145042,0.8914083833140987
base,mnli+qqp+sst2+record+snli+anli_r1+imdb,7,stsb,0.5373039131851068,0.8469166364520788
base,mnli+qqp+sst2+record+snli+anli_r1+imdb,7,cr,0.6974283149465919,0.899136138281652
base,mnli+qqp+sst2+record+snli+anli_r1+imdb,7,rotten_tomatoes,0.7181303032806942,0.9029590801468917
base,mnli+qqp+sst2+record+snli+anli_r1+imdb,7,multirc,0.5986967473956091,0.8591435413275447
base,mnli+qqp+sst2+record+snli+anli_r1+imdb,7,copa,0.5481568792435739,0.8475001653922456
base,mnli+qqp+sst2+record+snli+anli_r1+imdb,7,piqa,0.5808436765135931,0.8537112061998674
base,mnli+qqp+sst2+record+snli+anli_r1+imdb+hellaswag,8,mrpc,0.6108525918264475,0.8668398106736797
base,mnli+qqp+sst2+record+snli+anli_r1+imdb+hellaswag,8,boolq,0.5886246428958007,0.856693756367479
base,mnli+qqp+sst2+record+snli+anli_r1+imdb+hellaswag,8,rte,0.6528809568179506,0.879878648689815
base,mnli+qqp+sst2+record+snli+anli_r1+imdb+hellaswag,8,cola,0.6024145358907325,0.8607845258499894
base,mnli+qqp+sst2+record+snli+anli_r1+imdb+hellaswag,8,cb,0.6782223779175963,0.8990375729543822
base,mnli+qqp+sst2+record+snli+anli_r1+imdb+hellaswag,8,scitail,0.7031305602618626,0.8913537450134754
base,mnli+qqp+sst2+record+snli+anli_r1+imdb+hellaswag,8,stsb,0.54016836799149,0.8472674765757152
base,mnli+qqp+sst2+record+snli+anli_r1+imdb+hellaswag,8,cr,0.6995942452922463,0.8990878239274025
base,mnli+qqp+sst2+record+snli+anli_r1+imdb+hellaswag,8,rotten_tomatoes,0.719530179564442,0.9028271681496075
base,mnli+qqp+sst2+record+snli+anli_r1+imdb+hellaswag,8,multirc,0.6010672095497804,0.859440007646169
base,mnli+qqp+sst2+record+snli+anli_r1+imdb+hellaswag,8,copa,0.5546125411721212,0.8498841723693269
base,mnli+qqp+sst2+record+snli+anli_r1+imdb+hellaswag,8,piqa,0.6112500261182764,0.8672896062156984
base,mnli+qqp+sst2+record+snli+anli_r1+imdb+hellaswag+winogrande,9,mrpc,0.6132415992074779,0.8668998256325722
base,mnli+qqp+sst2+record+snli+anli_r1+imdb+hellaswag+winogrande,9,boolq,0.5917669787470784,0.8569151000784976
base,mnli+qqp+sst2+record+snli+anli_r1+imdb+hellaswag+winogrande,9,rte,0.6543364272053752,0.8798244026090417
base,mnli+qqp+sst2+record+snli+anli_r1+imdb+hellaswag+winogrande,9,cola,0.6044961673074535,0.8608709440699646
base,mnli+qqp+sst2+record+snli+anli_r1+imdb+hellaswag+winogrande,9,cb,0.6798338698489326,0.8987965743456569
base,mnli+qqp+sst2+record+snli+anli_r1+imdb+hellaswag+winogrande,9,scitail,0.7042331400194338,0.8912633755909545
base,mnli+qqp+sst2+record+snli+anli_r1+imdb+hellaswag+winogrande,9,stsb,0.5427477239365024,0.8473545406013727
base,mnli+qqp+sst2+record+snli+anli_r1+imdb+hellaswag+winogrande,9,cr,0.7035294598234552,0.8989844300917217
base,mnli+qqp+sst2+record+snli+anli_r1+imdb+hellaswag+winogrande,9,rotten_tomatoes,0.7230561492698533,0.9027448599892003
base,mnli+qqp+sst2+record+snli+anli_r1+imdb+hellaswag+winogrande,9,multirc,0.6031961310654879,0.8596333060413599
base,mnli+qqp+sst2+record+snli+anli_r1+imdb+hellaswag+winogrande,9,copa,0.5632256330656153,0.852360704115459
base,mnli+qqp+sst2+record+snli+anli_r1+imdb+hellaswag+winogrande,9,piqa,0.6443709782989961,0.8764334334326642
base,mnli+qqp+sst2+record+snli+anli_r1+imdb+squad_v2,8,mrpc,0.6275593457477433,0.867197398096323
base,mnli+qqp+sst2+record+snli+anli_r1+imdb+squad_v2,8,boolq,0.604082614316472,0.8573179258299726
base,mnli+qqp+sst2+record+snli+anli_r1+imdb+squad_v2,8,rte,0.6664292764450822,0.8792186517800603
base,mnli+qqp+sst2+record+snli+anli_r1+imdb+squad_v2,8,cola,0.6203735206675317,0.8631103472518069
base,mnli+qqp+sst2+record+snli+anli_r1+imdb+squad_v2,8,cb,0.6909589982990708,0.8968740185456616
base,mnli+qqp+sst2+record+snli+anli_r1+imdb+squad_v2,8,scitail,0.7133401826556239,0.8904276918619871
base,mnli+qqp+sst2+record+snli+anli_r1+imdb+squad_v2,8,stsb,0.55688703472593,0.8476502639906747
base,mnli+qqp+sst2+record+snli+anli_r1+imdb+squad_v2,8,cr,0.7122402301590357,0.8972633869520256
base,mnli+qqp+sst2+record+snli+anli_r1+imdb+squad_v2,8,rotten_tomatoes,0.7308027314554367,0.901370179440294
base,mnli+qqp+sst2+record+snli+anli_r1+imdb+squad_v2,8,multirc,0.6192604178961899,0.860844654164144
base,mnli+qqp+sst2+record+snli+anli_r1+imdb+squad_v2,8,copa,0.5739741512308163,0.849529730156064
base,mnli+qqp+sst2+record+snli+anli_r1+imdb+squad_v2,8,piqa,0.5999695928102093,0.8547972885093519
base,mnli+qqp+sst2+record+snli+anli_r1+imdb+squad_v2+hellaswag,9,mrpc,0.6296211055346898,0.8673200431678977
base,mnli+qqp+sst2+record+snli+anli_r1+imdb+squad_v2+hellaswag,9,boolq,0.6062116127993379,0.8574568437678474
base,mnli+qqp+sst2+record+snli+anli_r1+imdb+squad_v2+hellaswag,9,rte,0.6685204963598933,0.8794990980199405
base,mnli+qqp+sst2+record+snli+anli_r1+imdb+squad_v2+hellaswag,9,cola,0.621937070241464,0.8632486688771418
base,mnli+qqp+sst2+record+snli+anli_r1+imdb+squad_v2+hellaswag,9,cb,0.6936636266431638,0.8970807567238808
base,mnli+qqp+sst2+record+snli+anli_r1+imdb+squad_v2+hellaswag,9,scitail,0.7140856877501521,0.8904274175209659
base,mnli+qqp+sst2+record+snli+anli_r1+imdb+squad_v2+hellaswag,9,stsb,0.5594085587321648,0.8478918315044471
base,mnli+qqp+sst2+record+snli+anli_r1+imdb+squad_v2+hellaswag,9,cr,0.7131862847932747,0.8972349023180348
base,mnli+qqp+sst2+record+snli+anli_r1+imdb+squad_v2+hellaswag,9,rotten_tomatoes,0.7312272325424212,0.9012801354484898
base,mnli+qqp+sst2+record+snli+anli_r1+imdb+squad_v2+hellaswag,9,multirc,0.6210699694763336,0.8610142309750829
base,mnli+qqp+sst2+record+snli+anli_r1+imdb+squad_v2+hellaswag,9,copa,0.5793204246354955,0.85154842186187
base,mnli+qqp+sst2+record+snli+anli_r1+imdb+squad_v2+hellaswag,9,piqa,0.6291978896728584,0.8666710284139428
base,mnli+qqp+sst2+record+snli+anli_r1+imdb+squad_v2+hellaswag+winogrande,10,mrpc,0.6306446021688836,0.8674393918897424
base,mnli+qqp+sst2+record+snli+anli_r1+imdb+squad_v2+hellaswag+winogrande,10,boolq,0.6082256933940309,0.8576383984514645
base,mnli+qqp+sst2+record+snli+anli_r1+imdb+squad_v2+hellaswag+winogrande,10,rte,0.669043868514044,0.8794152034180505
base,mnli+qqp+sst2+record+snli+anli_r1+imdb+squad_v2+hellaswag+winogrande,10,cola,0.6236117935872504,0.8633003759064845
base,mnli+qqp+sst2+record+snli+anli_r1+imdb+squad_v2+hellaswag+winogrande,10,cb,0.6942411304584571,0.8969331064394542
base,mnli+qqp+sst2+record+snli+anli_r1+imdb+squad_v2+hellaswag+winogrande,10,scitail,0.714482594281435,0.8903509096375534
base,mnli+qqp+sst2+record+snli+anli_r1+imdb+squad_v2+hellaswag+winogrande,10,stsb,0.5609383969567716,0.8479415314005954
base,mnli+qqp+sst2+record+snli+anli_r1+imdb+squad_v2+hellaswag+winogrande,10,cr,0.71409601186003,0.8971762151590416
base,mnli+qqp+sst2+record+snli+anli_r1+imdb+squad_v2+hellaswag+winogrande,10,rotten_tomatoes,0.7316932929679751,0.9012322111853531
base,mnli+qqp+sst2+record+snli+anli_r1+imdb+squad_v2+hellaswag+winogrande,10,multirc,0.6223554112283247,0.8611641214894397
base,mnli+qqp+sst2+record+snli+anli_r1+imdb+squad_v2+hellaswag+winogrande,10,copa,0.5861002103026424,0.8536177705973387
base,mnli+qqp+sst2+record+snli+anli_r1+imdb+squad_v2+hellaswag+winogrande,10,piqa,0.6622437061741948,0.8756479272352797
base,mnli+qqp+sst2+record+snli+anli_r1+imdb+squad_v2+winogrande,9,mrpc,0.6294074739728656,0.8673177643546036
base,mnli+qqp+sst2+record+snli+anli_r1+imdb+squad_v2+winogrande,9,boolq,0.6069142797163555,0.8575364705175161
base,mnli+qqp+sst2+record+snli+anli_r1+imdb+squad_v2+winogrande,9,rte,0.6675711367279291,0.8791645100074155
base,mnli+qqp+sst2+record+snli+anli_r1+imdb+squad_v2+winogrande,9,cola,0.6224093005460288,0.8631264261369195
base,mnli+qqp+sst2+record+snli+anli_r1+imdb+squad_v2+winogrande,9,cb,0.692133508090462,0.896731614534344
base,mnli+qqp+sst2+record+snli+anli_r1+imdb+squad_v2+winogrande,9,scitail,0.7140840033867529,0.8903711994311639
base,mnli+qqp+sst2+record+snli+anli_r1+imdb+squad_v2+winogrande,9,stsb,0.559138178226671,0.8477912340313196
base,mnli+qqp+sst2+record+snli+anli_r1+imdb+squad_v2+winogrande,9,cr,0.7136113629011172,0.8972043203456062
base,mnli+qqp+sst2+record+snli+anli_r1+imdb+squad_v2+winogrande,9,rotten_tomatoes,0.7314931313906398,0.9013156683317253
base,mnli+qqp+sst2+record+snli+anli_r1+imdb+squad_v2+winogrande,9,multirc,0.6210212368252022,0.861031294667295
base,mnli+qqp+sst2+record+snli+anli_r1+imdb+squad_v2+winogrande,9,copa,0.5810311006914292,0.8519370811326163
base,mnli+qqp+sst2+record+snli+anli_r1+imdb+squad_v2+winogrande,9,piqa,0.6435168277073119,0.870480862046991
base,mnli+qqp+sst2+record+snli+anli_r1+imdb+winogrande,8,mrpc,0.6108946566070829,0.8667045485760484
base,mnli+qqp+sst2+record+snli+anli_r1+imdb+winogrande,8,boolq,0.5895770847398255,0.8567841071635485
base,mnli+qqp+sst2+record+snli+anli_r1+imdb+winogrande,8,rte,0.6518371834286621,0.879611614559378
base,mnli+qqp+sst2+record+snli+anli_r1+imdb+winogrande,8,cola,0.602551333473197,0.860781020884003
base,mnli+qqp+sst2+record+snli+anli_r1+imdb+winogrande,8,cb,0.6765366659632751,0.8986307691250529
base,mnli+qqp+sst2+record+snli+anli_r1+imdb+winogrande,8,scitail,0.7030909684087548,0.8913363838302237
base,mnli+qqp+sst2+record+snli+anli_r1+imdb+winogrande,8,stsb,0.5403596855300877,0.847068548734699
base,mnli+qqp+sst2+record+snli+anli_r1+imdb+winogrande,8,cr,0.7000025800828423,0.8990802951157093
base,mnli+qqp+sst2+record+snli+anli_r1+imdb+winogrande,8,rotten_tomatoes,0.719864023716322,0.9028727114200592
base,mnli+qqp+sst2+record+snli+anli_r1+imdb+winogrande,8,multirc,0.6011673931165465,0.859457899417196
base,mnli+qqp+sst2+record+snli+anli_r1+imdb+winogrande,8,copa,0.5566205422926161,0.8506506013550929
base,mnli+qqp+sst2+record+snli+anli_r1+imdb+winogrande,8,piqa,0.6247985110884267,0.8709800858050585
base,mnli+qqp+sst2+record+snli+anli_r1+paws,7,mrpc,0.6071930848328131,0.8663270053054605
base,mnli+qqp+sst2+record+snli+anli_r1+paws,7,boolq,0.6280653193326933,0.8737359728131976
base,mnli+qqp+sst2+record+snli+anli_r1+paws,7,rte,0.6479342390916177,0.8790110578494412
base,mnli+qqp+sst2+record+snli+anli_r1+paws,7,cola,0.5989623626561037,0.8602140152028629
base,mnli+qqp+sst2+record+snli+anli_r1+paws,7,cb,0.6667946388146707,0.8967991801244872
base,mnli+qqp+sst2+record+snli+anli_r1+paws,7,scitail,0.7030616684683731,0.8914717991969415
base,mnli+qqp+sst2+record+snli+anli_r1+paws,7,stsb,0.5384863126756889,0.8472604246011802
base,mnli+qqp+sst2+record+snli+anli_r1+paws,7,cr,0.6672055547657821,0.890231158052172
base,mnli+qqp+sst2+record+snli+anli_r1+paws,7,rotten_tomatoes,0.685124687318291,0.8937648077096257
base,mnli+qqp+sst2+record+snli+anli_r1+paws,7,multirc,0.6312875996476838,0.8746075007532325
base,mnli+qqp+sst2+record+snli+anli_r1+paws,7,copa,0.5452428676986268,0.8469734112066882
base,mnli+qqp+sst2+record+snli+anli_r1+paws,7,piqa,0.5829353216436824,0.8541871514171362
base,mnli+qqp+sst2+record+snli+anli_r1+paws+hellaswag,8,mrpc,0.6101247956976295,0.866558371910027
base,mnli+qqp+sst2+record+snli+anli_r1+paws+hellaswag,8,boolq,0.63020597724244,0.8737798907927105
base,mnli+qqp+sst2+record+snli+anli_r1+paws+hellaswag,8,rte,0.650910880948816,0.8792884866041797
base,mnli+qqp+sst2+record+snli+anli_r1+paws+hellaswag,8,cola,0.6013060508162847,0.8603763726672956
base,mnli+qqp+sst2+record+snli+anli_r1+paws+hellaswag,8,cb,0.6708359005195754,0.896971811673471
base,mnli+qqp+sst2+record+snli+anli_r1+paws+hellaswag,8,scitail,0.7040820648627621,0.8914122690579721
base,mnli+qqp+sst2+record+snli+anli_r1+paws+hellaswag,8,stsb,0.5414524207091225,0.8475536903632539
base,mnli+qqp+sst2+record+snli+anli_r1+paws+hellaswag,8,cr,0.6690166019834578,0.8903098931269986
base,mnli+qqp+sst2+record+snli+anli_r1+paws+hellaswag,8,rotten_tomatoes,0.6862096580277596,0.8937287288052695
base,mnli+qqp+sst2+record+snli+anli_r1+paws+hellaswag,8,multirc,0.6333757744037679,0.8746993270303521
base,mnli+qqp+sst2+record+snli+anli_r1+paws+hellaswag,8,copa,0.551559414980667,0.8492789859218257
base,mnli+qqp+sst2+record+snli+anli_r1+paws+hellaswag,8,piqa,0.6131412587461195,0.8674751863415752
base,mnli+qqp+sst2+record+snli+anli_r1+paws+hellaswag+winogrande,9,mrpc,0.6124793124784317,0.8665878187332835
base,mnli+qqp+sst2+record+snli+anli_r1+paws+hellaswag+winogrande,9,boolq,0.6328192567452788,0.873817704351885
base,mnli+qqp+sst2+record+snli+anli_r1+paws+hellaswag+winogrande,9,rte,0.6526255149926458,0.8791547236698014
base,mnli+qqp+sst2+record+snli+anli_r1+paws+hellaswag+winogrande,9,cola,0.6033823503447431,0.860427340226514
base,mnli+qqp+sst2+record+snli+anli_r1+paws+hellaswag+winogrande,9,cb,0.6727153805217573,0.8968040011823177
base,mnli+qqp+sst2+record+snli+anli_r1+paws+hellaswag+winogrande,9,scitail,0.705033315345645,0.8913419850702796
base,mnli+qqp+sst2+record+snli+anli_r1+paws+hellaswag+winogrande,9,stsb,0.5439361775560039,0.8476145126457725
base,mnli+qqp+sst2+record+snli+anli_r1+paws+hellaswag+winogrande,9,cr,0.6711848621655788,0.8903059538986001
base,mnli+qqp+sst2+record+snli+anli_r1+paws+hellaswag+winogrande,9,rotten_tomatoes,0.6875974324398807,0.8936786811266627
base,mnli+qqp+sst2+record+snli+anli_r1+paws+hellaswag+winogrande,9,multirc,0.6354049826040864,0.8747570509357112
base,mnli+qqp+sst2+record+snli+anli_r1+paws+hellaswag+winogrande,9,copa,0.5600771756975779,0.8517765328288078
base,mnli+qqp+sst2+record+snli+anli_r1+paws+hellaswag+winogrande,9,piqa,0.6454984731306987,0.8765920416585037
base,mnli+qqp+sst2+record+snli+anli_r1+paws+imdb,8,mrpc,0.6105218469830496,0.867201811500958
base,mnli+qqp+sst2+record+snli+anli_r1+paws+imdb,8,boolq,0.6283652727891292,0.873963227229459
base,mnli+qqp+sst2+record+snli+anli_r1+paws+imdb,8,rte,0.6515818722546101,0.8799844666251114
base,mnli+qqp+sst2+record+snli+anli_r1+paws+imdb,8,cola,0.6017899909056723,0.8609616852232388
base,mnli+qqp+sst2+record+snli+anli_r1+paws+imdb,8,cb,0.6740421543696097,0.8983984169151101
base,mnli+qqp+sst2+record+snli+anli_r1+paws+imdb,8,scitail,0.703333196629371,0.8916215098329953
base,mnli+qqp+sst2+record+snli+anli_r1+paws+imdb,8,stsb,0.5389387955157352,0.8472603335976601
base,mnli+qqp+sst2+record+snli+anli_r1+paws+imdb,8,cr,0.6981027638539672,0.8988201373389789
base,mnli+qqp+sst2+record+snli+anli_r1+paws+imdb,8,rotten_tomatoes,0.7189339169168046,0.9026343763938972
base,mnli+qqp+sst2+record+snli+anli_r1+paws+imdb,8,multirc,0.6303444361048085,0.8745979919497456
base,mnli+qqp+sst2+record+snli+anli_r1+paws+imdb,8,copa,0.5494235932960042,0.8478913152856487
base,mnli+qqp+sst2+record+snli+anli_r1+paws+imdb,8,piqa,0.583262910434444,0.8542213336165462
base,mnli+qqp+sst2+record+snli+anli_r1+paws+imdb+hellaswag,9,mrpc,0.6131985709071159,0.8673892537397998
base,mnli+qqp+sst2+record+snli+anli_r1+paws+imdb+hellaswag,9,boolq,0.6303820707170027,0.8739634949181762
base,mnli+qqp+sst2+record+snli+anli_r1+paws+imdb+hellaswag,9,rte,0.6541624135736909,0.8802043050527573
base,mnli+qqp+sst2+record+snli+anli_r1+paws+imdb+hellaswag,9,cola,0.6039922035166195,0.861119683565838
base,mnli+qqp+sst2+record+snli+anli_r1+paws+imdb+hellaswag,9,cb,0.6774048885064465,0.8985384308866092
base,mnli+qqp+sst2+record+snli+anli_r1+paws+imdb+hellaswag,9,scitail,0.704503953989063,0.8915465551295451
base,mnli+qqp+sst2+record+snli+anli_r1+paws+imdb+hellaswag,9,stsb,0.541723385120609,0.847594333014318
base,mnli+qqp+sst2+record+snli+anli_r1+paws+imdb+hellaswag,9,cr,0.7011026881103005,0.8987823448010853
base,mnli+qqp+sst2+record+snli+anli_r1+paws+imdb+hellaswag,9,rotten_tomatoes,0.7215629100267377,0.9025241216378552
base,mnli+qqp+sst2+record+snli+anli_r1+paws+imdb+hellaswag,9,multirc,0.6324944413666215,0.8746905055429254
base,mnli+qqp+sst2+record+snli+anli_r1+paws+imdb+hellaswag,9,copa,0.5555713673654411,0.8500456586480141
base,mnli+qqp+sst2+record+snli+anli_r1+paws+imdb+hellaswag,9,piqa,0.6130361443917666,0.8675023796302932
base,mnli+qqp+sst2+record+snli+anli_r1+paws+imdb+hellaswag+winogrande,10,mrpc,0.6151914329134992,0.8673853847597327
base,mnli+qqp+sst2+record+snli+anli_r1+paws+imdb+hellaswag+winogrande,10,boolq,0.6323383540314224,0.8739975145352739
base,mnli+qqp+sst2+record+snli+anli_r1+paws+imdb+hellaswag+winogrande,10,rte,0.6555166784673929,0.8800963567835944
base,mnli+qqp+sst2+record+snli+anli_r1+paws+imdb+hellaswag+winogrande,10,cola,0.6058505359770996,0.861141209091459
base,mnli+qqp+sst2+record+snli+anli_r1+paws+imdb+hellaswag+winogrande,10,cb,0.6788217595645359,0.8983153296368462
base,mnli+qqp+sst2+record+snli+anli_r1+paws+imdb+hellaswag+winogrande,10,scitail,0.7053966697837625,0.8914651649871043
base,mnli+qqp+sst2+record+snli+anli_r1+paws+imdb+hellaswag+winogrande,10,stsb,0.544114811478981,0.8477328566036054
base,mnli+qqp+sst2+record+snli+anli_r1+paws+imdb+hellaswag+winogrande,10,cr,0.7025113657915166,0.8986773921975068
base,mnli+qqp+sst2+record+snli+anli_r1+paws+imdb+hellaswag+winogrande,10,rotten_tomatoes,0.7222900797746011,0.9024430949773107
base,mnli+qqp+sst2+record+snli+anli_r1+paws+imdb+hellaswag+winogrande,10,multirc,0.6338611835879939,0.8747453870517867
base,mnli+qqp+sst2+record+snli+anli_r1+paws+imdb+hellaswag+winogrande,10,copa,0.5634689060971141,0.8524976130574942
base,mnli+qqp+sst2+record+snli+anli_r1+paws+imdb+hellaswag+winogrande,10,piqa,0.6449385468981096,0.876563871545451
base,mnli+qqp+sst2+record+snli+anli_r1+paws+imdb+squad_v2,9,mrpc,0.6291142382792064,0.8676127679646015
base,mnli+qqp+sst2+record+snli+anli_r1+paws+imdb+squad_v2,9,boolq,0.6523277937833752,0.8734860079629081
base,mnli+qqp+sst2+record+snli+anli_r1+paws+imdb+squad_v2,9,rte,0.6671678543623004,0.8795431740581989
base,mnli+qqp+sst2+record+snli+anli_r1+paws+imdb+squad_v2,9,cola,0.6209863383056862,0.8633043004998139
base,mnli+qqp+sst2+record+snli+anli_r1+paws+imdb+squad_v2,9,cb,0.689569306958999,0.8964714179081577
base,mnli+qqp+sst2+record+snli+anli_r1+paws+imdb+squad_v2,9,scitail,0.7140377735985177,0.8906228534345116
base,mnli+qqp+sst2+record+snli+anli_r1+paws+imdb+squad_v2,9,stsb,0.5577331535252077,0.8479365158293929
base,mnli+qqp+sst2+record+snli+anli_r1+paws+imdb+squad_v2,9,cr,0.711091625903334,0.8969604718898024
base,mnli+qqp+sst2+record+snli+anli_r1+paws+imdb+squad_v2,9,rotten_tomatoes,0.7299223685903209,0.9010521029787404
base,mnli+qqp+sst2+record+snli+anli_r1+paws+imdb+squad_v2,9,multirc,0.6584080369876963,0.8752900848963431
base,mnli+qqp+sst2+record+snli+anli_r1+paws+imdb+squad_v2,9,copa,0.5744071731210819,0.8496512970221894
base,mnli+qqp+sst2+record+snli+anli_r1+paws+imdb+squad_v2,9,piqa,0.6013877664559654,0.8551269636622497
base,mnli+qqp+sst2+record+snli+anli_r1+paws+imdb+squad_v2+hellaswag,10,mrpc,0.6310339003269162,0.8677934759429523
base,mnli+qqp+sst2+record+snli+anli_r1+paws+imdb+squad_v2+hellaswag,10,boolq,0.6538308679259249,0.8735763712653092
base,mnli+qqp+sst2+record+snli+anli_r1+paws+imdb+squad_v2+hellaswag,10,rte,0.6690153870731592,0.879762523408447
base,mnli+qqp+sst2+record+snli+anli_r1+paws+imdb+squad_v2+hellaswag,10,cola,0.6228853098249861,0.863487971680505
base,mnli+qqp+sst2+record+snli+anli_r1+paws+imdb+squad_v2+hellaswag,10,cb,0.6922356637993029,0.8966730833053589
base,mnli+qqp+sst2+record+snli+anli_r1+paws+imdb+squad_v2+hellaswag,10,scitail,0.7146511812295232,0.890624163672328
base,mnli+qqp+sst2+record+snli+anli_r1+paws+imdb+squad_v2+hellaswag,10,stsb,0.5601870703643986,0.8481746512864318
base,mnli+qqp+sst2+record+snli+anli_r1+paws+imdb+squad_v2+hellaswag,10,cr,0.7163614055940083,0.8969112687877246
base,mnli+qqp+sst2+record+snli+anli_r1+paws+imdb+squad_v2+hellaswag,10,rotten_tomatoes,0.7350811290421656,0.9009815252252987
base,mnli+qqp+sst2+record+snli+anli_r1+paws+imdb+squad_v2+hellaswag,10,multirc,0.6599291465910417,0.875356938423855
base,mnli+qqp+sst2+record+snli+anli_r1+paws+imdb+squad_v2+hellaswag,10,copa,0.5796955825228777,0.8515257654445512
base,mnli+qqp+sst2+record+snli+anli_r1+paws+imdb+squad_v2+hellaswag,10,piqa,0.6295330854398864,0.866838616718139
base,mnli+qqp+sst2+record+snli+anli_r1+paws+imdb+squad_v2+hellaswag+winogrande,11,mrpc,0.6320110969245434,0.8678892499634198
base,mnli+qqp+sst2+record+snli+anli_r1+paws+imdb+squad_v2+hellaswag+winogrande,11,boolq,0.6547864191234112,0.8736269615058389
base,mnli+qqp+sst2+record+snli+anli_r1+paws+imdb+squad_v2+hellaswag+winogrande,11,rte,0.6696135247392314,0.8796907711241927
base,mnli+qqp+sst2+record+snli+anli_r1+paws+imdb+squad_v2+hellaswag+winogrande,11,cola,0.6242153206840158,0.8635353940938201
base,mnli+qqp+sst2+record+snli+anli_r1+paws+imdb+squad_v2+hellaswag+winogrande,11,cb,0.692522784162845,0.8965068241315228
base,mnli+qqp+sst2+record+snli+anli_r1+paws+imdb+squad_v2+hellaswag+winogrande,11,scitail,0.7149280690188918,0.890525131087218
base,mnli+qqp+sst2+record+snli+anli_r1+paws+imdb+squad_v2+hellaswag+winogrande,11,stsb,0.561567572943334,0.84828134732587
base,mnli+qqp+sst2+record+snli+anli_r1+paws+imdb+squad_v2+hellaswag+winogrande,11,cr,0.7171906570770911,0.8968697083847863
base,mnli+qqp+sst2+record+snli+anli_r1+paws+imdb+squad_v2+hellaswag+winogrande,11,rotten_tomatoes,0.7354103233665228,0.9009712471493653
base,mnli+qqp+sst2+record+snli+anli_r1+paws+imdb+squad_v2+hellaswag+winogrande,11,multirc,0.6605338901281357,0.8753849007189274
base,mnli+qqp+sst2+record+snli+anli_r1+paws+imdb+squad_v2+hellaswag+winogrande,11,copa,0.5863152138356652,0.8535071555525064
base,mnli+qqp+sst2+record+snli+anli_r1+paws+imdb+squad_v2+hellaswag+winogrande,11,piqa,0.6632615889954779,0.8757282487515893
base,mnli+qqp+sst2+record+snli+anli_r1+paws+imdb+squad_v2+winogrande,10,mrpc,0.6307866123637983,0.8677491040102073
base,mnli+qqp+sst2+record+snli+anli_r1+paws+imdb+squad_v2+winogrande,10,boolq,0.6542767404711672,0.8735854258494717
base,mnli+qqp+sst2+record+snli+anli_r1+paws+imdb+squad_v2+winogrande,10,rte,0.6680934344019208,0.8794668566967759
base,mnli+qqp+sst2+record+snli+anli_r1+paws+imdb+squad_v2+winogrande,10,cola,0.6230827919872743,0.863356518692204
base,mnli+qqp+sst2+record+snli+anli_r1+paws+imdb+squad_v2+winogrande,10,cb,0.6905895633889096,0.8963099638266223
base,mnli+qqp+sst2+record+snli+anli_r1+paws+imdb+squad_v2+winogrande,10,scitail,0.7146723706807409,0.8905682851161275
base,mnli+qqp+sst2+record+snli+anli_r1+paws+imdb+squad_v2+winogrande,10,stsb,0.559896982873657,0.8480760093246188
base,mnli+qqp+sst2+record+snli+anli_r1+paws+imdb+squad_v2+winogrande,10,cr,0.7167212854006461,0.8969255504863602
base,mnli+qqp+sst2+record+snli+anli_r1+paws+imdb+squad_v2+winogrande,10,rotten_tomatoes,0.7353379372507334,0.9010506266994136
base,mnli+qqp+sst2+record+snli+anli_r1+paws+imdb+squad_v2+winogrande,10,multirc,0.6598053396280322,0.8753293252417019
base,mnli+qqp+sst2+record+snli+anli_r1+paws+imdb+squad_v2+winogrande,10,copa,0.5813562736979553,0.8520568470869746
base,mnli+qqp+sst2+record+snli+anli_r1+paws+imdb+squad_v2+winogrande,10,piqa,0.6441257313293006,0.8706614952534437
base,mnli+qqp+sst2+record+snli+anli_r1+paws+imdb+winogrande,9,mrpc,0.6131719664803573,0.8672198589359011
base,mnli+qqp+sst2+record+snli+anli_r1+paws+imdb+winogrande,9,boolq,0.6311485901741045,0.8739852668451411
base,mnli+qqp+sst2+record+snli+anli_r1+paws+imdb+winogrande,9,rte,0.6532251864139523,0.8798666569803443
base,mnli+qqp+sst2+record+snli+anli_r1+paws+imdb+winogrande,9,cola,0.6042014991066286,0.8610282276890108
base,mnli+qqp+sst2+record+snli+anli_r1+paws+imdb+winogrande,9,cb,0.6757475209555456,0.8981761495981898
base,mnli+qqp+sst2+record+snli+anli_r1+paws+imdb+winogrande,9,scitail,0.7044831679335662,0.8915577568113804
base,mnli+qqp+sst2+record+snli+anli_r1+paws+imdb+winogrande,9,stsb,0.5418487650541854,0.8474916733269181
base,mnli+qqp+sst2+record+snli+anli_r1+paws+imdb+winogrande,9,cr,0.7016310570761561,0.8987536425037044
base,mnli+qqp+sst2+record+snli+anli_r1+paws+imdb+winogrande,9,rotten_tomatoes,0.7219045606574842,0.9025497782443251
base,mnli+qqp+sst2+record+snli+anli_r1+paws+imdb+winogrande,9,multirc,0.6325739382633141,0.8746851634766374
base,mnli+qqp+sst2+record+snli+anli_r1+paws+imdb+winogrande,9,copa,0.5576690682210028,0.8508169081594262
base,mnli+qqp+sst2+record+snli+anli_r1+paws+imdb+winogrande,9,piqa,0.6260207423142025,0.8712264081197125
base,mnli+qqp+sst2+record+snli+anli_r1+paws+squad_v2,8,mrpc,0.6269658372870514,0.8667554387024471
base,mnli+qqp+sst2+record+snli+anli_r1+paws+squad_v2,8,boolq,0.6521092151690807,0.8732851238123008
base,mnli+qqp+sst2+record+snli+anli_r1+paws+squad_v2,8,rte,0.6644936515284436,0.8785462241087642
base,mnli+qqp+sst2+record+snli+anli_r1+paws+squad_v2,8,cola,0.6193741784830179,0.8626168742775917
base,mnli+qqp+sst2+record+snli+anli_r1+paws+squad_v2,8,cb,0.6839970688202551,0.8948374486395291
base,mnli+qqp+sst2+record+snli+anli_r1+paws+squad_v2,8,scitail,0.7138471768370697,0.8904866661344256
base,mnli+qqp+sst2+record+snli+anli_r1+paws+squad_v2,8,stsb,0.5579320083239249,0.8478921891323158
base,mnli+qqp+sst2+record+snli+anli_r1+paws+squad_v2,8,cr,0.687135819877897,0.8884653688541481
base,mnli+qqp+sst2+record+snli+anli_r1+paws+squad_v2,8,rotten_tomatoes,0.7029417395325643,0.8922331697706666
base,mnli+qqp+sst2+record+snli+anli_r1+paws+squad_v2,8,multirc,0.659209527607475,0.8753271600497621
base,mnli+qqp+sst2+record+snli+anli_r1+paws+squad_v2,8,copa,0.5721047336368689,0.8490388164562839
base,mnli+qqp+sst2+record+snli+anli_r1+paws+squad_v2,8,piqa,0.6015486069954932,0.8550923676895243
base,mnli+qqp+sst2+record+snli+anli_r1+paws+squad_v2+hellaswag,9,mrpc,0.6288949253835848,0.8669670522212982
base,mnli+qqp+sst2+record+snli+anli_r1+paws+squad_v2+hellaswag,9,boolq,0.6535341490858367,0.8733525153781686
base,mnli+qqp+sst2+record+snli+anli_r1+paws+squad_v2+hellaswag,9,rte,0.6665830479136535,0.8788123631051609
base,mnli+qqp+sst2+record+snli+anli_r1+paws+squad_v2+hellaswag,9,cola,0.6214222660554307,0.8628238032438925
base,mnli+qqp+sst2+record+snli+anli_r1+paws+squad_v2+hellaswag,9,cb,0.6869431755372456,0.8950937816074916
base,mnli+qqp+sst2+record+snli+anli_r1+paws+squad_v2+hellaswag,9,scitail,0.7144473647432668,0.8904854892087835
base,mnli+qqp+sst2+record+snli+anli_r1+paws+squad_v2+hellaswag,9,stsb,0.5604346473701298,0.8481523894837925
base,mnli+qqp+sst2+record+snli+anli_r1+paws+squad_v2+hellaswag,9,cr,0.6883722486506615,0.8885264561644622
base,mnli+qqp+sst2+record+snli+anli_r1+paws+squad_v2+hellaswag,9,rotten_tomatoes,0.7036583120269435,0.8921892653618541
base,mnli+qqp+sst2+record+snli+anli_r1+paws+squad_v2+hellaswag,9,multirc,0.6605927000886628,0.8753845162157502
base,mnli+qqp+sst2+record+snli+anli_r1+paws+squad_v2+hellaswag,9,copa,0.577209210089807,0.8508756006402629
base,mnli+qqp+sst2+record+snli+anli_r1+paws+squad_v2+hellaswag,9,piqa,0.6302073059071388,0.8668322839907238
base,mnli+qqp+sst2+record+snli+anli_r1+paws+squad_v2+hellaswag+winogrande,10,mrpc,0.6299627793154546,0.867097192044769
base,mnli+qqp+sst2+record+snli+anli_r1+paws+squad_v2+hellaswag+winogrande,10,boolq,0.6548482967274529,0.8734515828213522
base,mnli+qqp+sst2+record+snli+anli_r1+paws+squad_v2+hellaswag+winogrande,10,rte,0.667225976341537,0.8787336684763432
base,mnli+qqp+sst2+record+snli+anli_r1+paws+squad_v2+hellaswag+winogrande,10,cola,0.6227135735430888,0.8628717783306327
base,mnli+qqp+sst2+record+snli+anli_r1+paws+squad_v2+hellaswag+winogrande,10,cb,0.6872766770954643,0.8949567478682313
base,mnli+qqp+sst2+record+snli+anli_r1+paws+squad_v2+hellaswag+winogrande,10,scitail,0.7147021064800876,0.8903961881463017
base,mnli+qqp+sst2+record+snli+anli_r1+paws+squad_v2+hellaswag+winogrande,10,stsb,0.561862596044583,0.8482174285288367
base,mnli+qqp+sst2+record+snli+anli_r1+paws+squad_v2+hellaswag+winogrande,10,cr,0.6898750334179827,0.8885946550539562
base,mnli+qqp+sst2+record+snli+anli_r1+paws+squad_v2+hellaswag+winogrande,10,rotten_tomatoes,0.7046253800924335,0.8922199540372405
base,mnli+qqp+sst2+record+snli+anli_r1+paws+squad_v2+hellaswag+winogrande,10,multirc,0.661246357485652,0.8754469374460834
base,mnli+qqp+sst2+record+snli+anli_r1+paws+squad_v2+hellaswag+winogrande,10,copa,0.5841147088711816,0.8529815636575222
base,mnli+qqp+sst2+record+snli+anli_r1+paws+squad_v2+hellaswag+winogrande,10,piqa,0.6647110361206744,0.8757414006228957
base,mnli+qqp+sst2+record+snli+anli_r1+paws+squad_v2+winogrande,9,mrpc,0.6286342556455305,0.866924240653004
base,mnli+qqp+sst2+record+snli+anli_r1+paws+squad_v2+winogrande,9,boolq,0.653784961173577,0.8734141931469951
base,mnli+qqp+sst2+record+snli+anli_r1+paws+squad_v2+winogrande,9,rte,0.6655370593070984,0.8784687354096344
base,mnli+qqp+sst2+record+snli+anli_r1+paws+squad_v2+winogrande,9,cola,0.6214702858456543,0.8626821820757219
base,mnli+qqp+sst2+record+snli+anli_r1+paws+squad_v2+winogrande,9,cb,0.6850978122758014,0.8946978982005801
base,mnli+qqp+sst2+record+snli+anli_r1+paws+squad_v2+winogrande,9,scitail,0.7144102816070829,0.890443072787353
base,mnli+qqp+sst2+record+snli+anli_r1+paws+squad_v2+winogrande,9,stsb,0.560071872680315,0.8480263836681843
base,mnli+qqp+sst2+record+snli+anli_r1+paws+squad_v2+winogrande,9,cr,0.6889643243380955,0.8885492347180843
base,mnli+qqp+sst2+record+snli+anli_r1+paws+squad_v2+winogrande,9,rotten_tomatoes,0.7042180858552456,0.8922836724668741
base,mnli+qqp+sst2+record+snli+anli_r1+paws+squad_v2+winogrande,9,multirc,0.660327039259885,0.8753765047128711
base,mnli+qqp+sst2+record+snli+anli_r1+paws+squad_v2+winogrande,9,copa,0.5789071596227586,0.8514886897589479
base,mnli+qqp+sst2+record+snli+anli_r1+paws+squad_v2+winogrande,9,piqa,0.6450975792083357,0.8706670882446426
base,mnli+qqp+sst2+record+snli+anli_r1+paws+winogrande,8,mrpc,0.6102536332660488,0.8664013221859932
base,mnli+qqp+sst2+record+snli+anli_r1+paws+winogrande,8,boolq,0.6308752242475748,0.8738200310617685
base,mnli+qqp+sst2+record+snli+anli_r1+paws+winogrande,8,rte,0.6500089360134942,0.878927367074149
base,mnli+qqp+sst2+record+snli+anli_r1+paws+winogrande,8,cola,0.6015144949778914,0.8603268760655608
base,mnli+qqp+sst2+record+snli+anli_r1+paws+winogrande,8,cb,0.6691847581948552,0.8965978100895882
base,mnli+qqp+sst2+record+snli+anli_r1+paws+winogrande,8,scitail,0.7041352103863444,0.8914108776620456
base,mnli+qqp+sst2+record+snli+anli_r1+paws+winogrande,8,stsb,0.5415131173296166,0.8474110756069422
base,mnli+qqp+sst2+record+snli+anli_r1+paws+winogrande,8,cr,0.6696454835390406,0.8902659027704171
base,mnli+qqp+sst2+record+snli+anli_r1+paws+winogrande,8,rotten_tomatoes,0.6867001752502152,0.8937530927360058
base,mnli+qqp+sst2+record+snli+anli_r1+paws+winogrande,8,multirc,0.6335616894066334,0.8747048079967499
base,mnli+qqp+sst2+record+snli+anli_r1+paws+winogrande,8,copa,0.5538636293661382,0.8500395824334451
base,mnli+qqp+sst2+record+snli+anli_r1+paws+winogrande,8,piqa,0.6264000132546893,0.8712234454495567
base,mnli+qqp+sst2+record+snli+anli_r1+squad_v2,7,mrpc,0.6239017829565066,0.8662977862570967
base,mnli+qqp+sst2+record+snli+anli_r1+squad_v2,7,boolq,0.6029628510586917,0.8569770324975252
base,mnli+qqp+sst2+record+snli+anli_r1+squad_v2,7,rte,0.6631218157708645,0.8781987886343684
base,mnli+qqp+sst2+record+snli+anli_r1+squad_v2,7,cola,0.6184280188088971,0.8624030713524137
base,mnli+qqp+sst2+record+snli+anli_r1+squad_v2,7,cb,0.6850127045597348,0.8952409609087876
base,mnli+qqp+sst2+record+snli+anli_r1+squad_v2,7,scitail,0.7130631812449012,0.8903133342308658
base,mnli+qqp+sst2+record+snli+anli_r1+squad_v2,7,stsb,0.5567932727946234,0.8475890952561583
base,mnli+qqp+sst2+record+snli+anli_r1+squad_v2,7,cr,0.6864817955398134,0.8887123917894704
base,mnli+qqp+sst2+record+snli+anli_r1+squad_v2,7,rotten_tomatoes,0.7020136256303106,0.8924318969781909
base,mnli+qqp+sst2+record+snli+anli_r1+squad_v2,7,multirc,0.6192954448051751,0.8608482213956969
base,mnli+qqp+sst2+record+snli+anli_r1+squad_v2,7,copa,0.5710231173517448,0.8488455015633788
base,mnli+qqp+sst2+record+snli+anli_r1+squad_v2,7,piqa,0.5997900901628392,0.854697458712118
base,mnli+qqp+sst2+record+snli+anli_r1+squad_v2+hellaswag,8,mrpc,0.6260829551943711,0.8664995623486382
base,mnli+qqp+sst2+record+snli+anli_r1+squad_v2+hellaswag,8,boolq,0.6051017955344703,0.8571442437491247
base,mnli+qqp+sst2+record+snli+anli_r1+squad_v2+hellaswag,8,rte,0.6654319052717516,0.8784852895353522
base,mnli+qqp+sst2+record+snli+anli_r1+squad_v2+hellaswag,8,cola,0.6201563266638134,0.8625590702784913
base,mnli+qqp+sst2+record+snli+anli_r1+squad_v2+hellaswag,8,cb,0.688348940972771,0.8954878076910973
base,mnli+qqp+sst2+record+snli+anli_r1+squad_v2+hellaswag,8,scitail,0.7138927225023508,0.890309762475746
base,mnli+qqp+sst2+record+snli+anli_r1+squad_v2+hellaswag,8,stsb,0.5595340889080295,0.8478372602590493
base,mnli+qqp+sst2+record+snli+anli_r1+squad_v2+hellaswag,8,cr,0.6890642984903285,0.8887907468846866
base,mnli+qqp+sst2+record+snli+anli_r1+squad_v2+hellaswag,8,rotten_tomatoes,0.7041588288598827,0.8924049918672868
base,mnli+qqp+sst2+record+snli+anli_r1+squad_v2+hellaswag,8,multirc,0.6210880906853292,0.861004804660167
base,mnli+qqp+sst2+record+snli+anli_r1+squad_v2+hellaswag,8,copa,0.5766334221033114,0.8508172186889819
base,mnli+qqp+sst2+record+snli+anli_r1+squad_v2+hellaswag,8,piqa,0.6295113943051547,0.86666075778859
base,mnli+qqp+sst2+record+snli+anli_r1+squad_v2+hellaswag+winogrande,9,mrpc,0.6286679338663816,0.8666373140045575
base,mnli+qqp+sst2+record+snli+anli_r1+squad_v2+hellaswag+winogrande,9,boolq,0.6074720128838506,0.8573862564350877
base,mnli+qqp+sst2+record+snli+anli_r1+squad_v2+hellaswag+winogrande,9,rte,0.666633665561676,0.8784235513636044
base,mnli+qqp+sst2+record+snli+anli_r1+squad_v2+hellaswag+winogrande,9,cola,0.6218212130479515,0.8626090266874858
base,mnli+qqp+sst2+record+snli+anli_r1+squad_v2+hellaswag+winogrande,9,cb,0.6889795373593058,0.8953688426741532
base,mnli+qqp+sst2+record+snli+anli_r1+squad_v2+hellaswag+winogrande,9,scitail,0.7142941225320101,0.8902184018599135
base,mnli+qqp+sst2+record+snli+anli_r1+squad_v2+hellaswag+winogrande,9,stsb,0.5612574787145215,0.8479222083198172
base,mnli+qqp+sst2+record+snli+anli_r1+squad_v2+hellaswag+winogrande,9,cr,0.6908039953559637,0.8888723669307572
base,mnli+qqp+sst2+record+snli+anli_r1+squad_v2+hellaswag+winogrande,9,rotten_tomatoes,0.7053373876426902,0.8924069385975599
base,mnli+qqp+sst2+record+snli+anli_r1+squad_v2+hellaswag+winogrande,9,multirc,0.6227320952873144,0.8611918427050114
base,mnli+qqp+sst2+record+snli+anli_r1+squad_v2+hellaswag+winogrande,9,copa,0.583957286950733,0.8530331756919622
base,mnli+qqp+sst2+record+snli+anli_r1+squad_v2+hellaswag+winogrande,9,piqa,0.663650862007801,0.8756717509989228
base,mnli+qqp+sst2+record+snli+anli_r1+squad_v2+winogrande,8,mrpc,0.6258459979934352,0.8664499797991344
base,mnli+qqp+sst2+record+snli+anli_r1+squad_v2+winogrande,8,boolq,0.6058762301690876,0.8573310364569936
base,mnli+qqp+sst2+record+snli+anli_r1+squad_v2+winogrande,8,rte,0.6643411269677537,0.8781755284539291
base,mnli+qqp+sst2+record+snli+anli_r1+squad_v2+winogrande,8,cola,0.6203718168128814,0.8624536916613579
base,mnli+qqp+sst2+record+snli+anli_r1+squad_v2+winogrande,8,cb,0.686356179948364,0.8950830889599664
base,mnli+qqp+sst2+record+snli+anli_r1+squad_v2+winogrande,8,scitail,0.713850401075823,0.8902478494814464
base,mnli+qqp+sst2+record+snli+anli_r1+squad_v2+winogrande,8,stsb,0.5592055360986186,0.8477532403277499
base,mnli+qqp+sst2+record+snli+anli_r1+squad_v2+winogrande,8,cr,0.6896608642169407,0.8887631110846996
base,mnli+qqp+sst2+record+snli+anli_r1+squad_v2+winogrande,8,rotten_tomatoes,0.7046655298077634,0.8924487656248468
base,mnli+qqp+sst2+record+snli+anli_r1+squad_v2+winogrande,8,multirc,0.6211642097415668,0.8610455944601979
base,mnli+qqp+sst2+record+snli+anli_r1+squad_v2+winogrande,8,copa,0.5784633550127702,0.8513767189745393
base,mnli+qqp+sst2+record+snli+anli_r1+squad_v2+winogrande,8,piqa,0.6443089051837367,0.8704986729260001
base,mnli+qqp+sst2+record+snli+anli_r1+winogrande,7,mrpc,0.607773304384734,0.8658155261405877
base,mnli+qqp+sst2+record+snli+anli_r1+winogrande,7,boolq,0.5880157016217709,0.8565024925129754
base,mnli+qqp+sst2+record+snli+anli_r1+winogrande,7,rte,0.6485058234206268,0.8786376709384578
base,mnli+qqp+sst2+record+snli+anli_r1+winogrande,7,cola,0.5998377627693117,0.8600206385765757
base,mnli+qqp+sst2+record+snli+anli_r1+winogrande,7,cb,0.6696586034127644,0.8970282498214927
base,mnli+qqp+sst2+record+snli+anli_r1+winogrande,7,scitail,0.7028011996299028,0.8911862982703107
base,mnli+qqp+sst2+record+snli+anli_r1+winogrande,7,stsb,0.5400496676032033,0.8470339181699923
base,mnli+qqp+sst2+record+snli+anli_r1+winogrande,7,cr,0.6691578888733473,0.8905364322875228
base,mnli+qqp+sst2+record+snli+anli_r1+winogrande,7,rotten_tomatoes,0.6858811290668589,0.8939648954463857
base,mnli+qqp+sst2+record+snli+anli_r1+winogrande,7,multirc,0.6011773075775376,0.8594267711575542
base,mnli+qqp+sst2+record+snli+anli_r1+winogrande,7,copa,0.5527408018575183,0.8498651457152196
base,mnli+qqp+sst2+record+snli+anli_r1+winogrande,7,piqa,0.6252189697032529,0.8709674078438964
base,mnli+qqp+sst2+record+snli+hellaswag,6,mrpc,0.6045419105461666,0.8646249574209962
base,mnli+qqp+sst2+record+snli+hellaswag,6,boolq,0.5875351740313428,0.8560639979051692
base,mnli+qqp+sst2+record+snli+hellaswag,6,rte,0.6382768712937832,0.8747343256005219
base,mnli+qqp+sst2+record+snli+hellaswag,6,cola,0.5986434282468898,0.8594612971480403
base,mnli+qqp+sst2+record+snli+hellaswag,6,cb,0.6442837603390217,0.8875817746988365
base,mnli+qqp+sst2+record+snli+hellaswag,6,scitail,0.6963708594973598,0.8890487437269518
base,mnli+qqp+sst2+record+snli+hellaswag,6,stsb,0.541573492677084,0.8470292487846953
base,mnli+qqp+sst2+record+snli+hellaswag,6,cr,0.6675094040775937,0.8898918974612441
base,mnli+qqp+sst2+record+snli+hellaswag,6,rotten_tomatoes,0.6863162663898298,0.8937291505613497
base,mnli+qqp+sst2+record+snli+hellaswag,6,multirc,0.6021510177691068,0.8591642129634108
base,mnli+qqp+sst2+record+snli+hellaswag,6,copa,0.5503245487010905,0.8487743650163923
base,mnli+qqp+sst2+record+snli+hellaswag,6,piqa,0.6139187433623842,0.8672538484845843
base,mnli+qqp+sst2+record+snli+hellaswag+winogrande,7,mrpc,0.607207960316113,0.864716153059687
base,mnli+qqp+sst2+record+snli+hellaswag+winogrande,7,boolq,0.5911124636019979,0.8563456173454013
base,mnli+qqp+sst2+record+snli+hellaswag+winogrande,7,rte,0.6404647260372128,0.8747056387364864
base,mnli+qqp+sst2+record+snli+hellaswag+winogrande,7,cola,0.6012083877410207,0.8596077404384103
base,mnli+qqp+sst2+record+snli+hellaswag+winogrande,7,cb,0.6471888771546739,0.8874539067702634
base,mnli+qqp+sst2+record+snli+hellaswag+winogrande,7,scitail,0.6974873662527118,0.8889569201107536
base,mnli+qqp+sst2+record+snli+hellaswag+winogrande,7,stsb,0.5442749967332929,0.8470973838120699
base,mnli+qqp+sst2+record+snli+hellaswag+winogrande,7,cr,0.6713746762169259,0.8899344110063144
base,mnli+qqp+sst2+record+snli+hellaswag+winogrande,7,rotten_tomatoes,0.689552240206727,0.8936952626598733
base,mnli+qqp+sst2+record+snli+hellaswag+winogrande,7,multirc,0.6046360423788428,0.8594002981803247
base,mnli+qqp+sst2+record+snli+hellaswag+winogrande,7,copa,0.5601372392848134,0.851444694080523
base,mnli+qqp+sst2+record+snli+hellaswag+winogrande,7,piqa,0.6475059284296419,0.876478357772742
base,mnli+qqp+sst2+record+snli+imdb,6,mrpc,0.6051228856667876,0.865362925188882
base,mnli+qqp+sst2+record+snli+imdb,6,boolq,0.5866416434624365,0.8561633910451617
base,mnli+qqp+sst2+record+snli+imdb,6,rte,0.6394193161811147,0.8756277523934841
base,mnli+qqp+sst2+record+snli+imdb,6,cola,0.59939536771604,0.8601681611367634
base,mnli+qqp+sst2+record+snli+imdb,6,cb,0.6485383483980384,0.8892182484269142
base,mnli+qqp+sst2+record+snli+imdb,6,scitail,0.695778605661222,0.8892852256872824
base,mnli+qqp+sst2+record+snli+imdb,6,stsb,0.5389080322014966,0.8467151418860469
base,mnli+qqp+sst2+record+snli+imdb,6,cr,0.6975365956979138,0.898895837366581
base,mnli+qqp+sst2+record+snli+imdb,6,rotten_tomatoes,0.7195159368483084,0.9029766331825938
base,mnli+qqp+sst2+record+snli+imdb,6,multirc,0.6000016045623592,0.8589073669697557
base,mnli+qqp+sst2+record+snli+imdb,6,copa,0.548129927300449,0.847235112584063
base,mnli+qqp+sst2+record+snli+imdb,6,piqa,0.5825658815779856,0.8536470598940339
base,mnli+qqp+sst2+record+snli+imdb+hellaswag,7,mrpc,0.6083441231665867,0.8656412150178637
base,mnli+qqp+sst2+record+snli+imdb+hellaswag,7,boolq,0.5893631272816232,0.8564758806356362
base,mnli+qqp+sst2+record+snli+imdb+hellaswag,7,rte,0.6427069332982812,0.8759557461099965
base,mnli+qqp+sst2+record+snli+imdb+hellaswag,7,cola,0.6017927013869796,0.8603220446301358
base,mnli+qqp+sst2+record+snli+imdb+hellaswag,7,cb,0.6531770439552409,0.8897283407194274
base,mnli+qqp+sst2+record+snli+imdb+hellaswag,7,scitail,0.6970516555011272,0.889242785051465
base,mnli+qqp+sst2+record+snli+imdb+hellaswag,7,stsb,0.542026276400845,0.8471249884792736
base,mnli+qqp+sst2+record+snli+imdb+hellaswag,7,cr,0.7001354091667703,0.8988239839673042
base,mnli+qqp+sst2+record+snli+imdb+hellaswag,7,rotten_tomatoes,0.721415844745934,0.9028318779809135
base,mnli+qqp+sst2+record+snli+imdb+hellaswag,7,multirc,0.602481479623488,0.8592362020696912
base,mnli+qqp+sst2+record+snli+imdb+hellaswag,7,copa,0.5550633034934955,0.8497150790478502
base,mnli+qqp+sst2+record+snli+imdb+hellaswag,7,piqa,0.6140915824632559,0.8673179713743073
base,mnli+qqp+sst2+record+snli+imdb+hellaswag+winogrande,8,mrpc,0.6107436072613511,0.865712928452662
base,mnli+qqp+sst2+record+snli+imdb+hellaswag+winogrande,8,boolq,0.5927157408690878,0.8566608146897384
base,mnli+qqp+sst2+record+snli+imdb+hellaswag+winogrande,8,rte,0.6444617898336479,0.8759047910571098
base,mnli+qqp+sst2+record+snli+imdb+hellaswag+winogrande,8,cola,0.6041711320036224,0.8604363751198564
base,mnli+qqp+sst2+record+snli+imdb+hellaswag+winogrande,8,cb,0.6553221733442375,0.8895033917256764
base,mnli+qqp+sst2+record+snli+imdb+hellaswag+winogrande,8,scitail,0.6981120452816997,0.8891701477446726
base,mnli+qqp+sst2+record+snli+imdb+hellaswag+winogrande,8,stsb,0.5445704322773963,0.8471760669989246
base,mnli+qqp+sst2+record+snli+imdb+hellaswag+winogrande,8,cr,0.7038440259971789,0.898741672613791
base,mnli+qqp+sst2+record+snli+imdb+hellaswag+winogrande,8,rotten_tomatoes,0.7246620184076684,0.9027448855340481
base,mnli+qqp+sst2+record+snli+imdb+hellaswag+winogrande,8,multirc,0.6047633491190416,0.8594466761818954
base,mnli+qqp+sst2+record+snli+imdb+hellaswag+winogrande,8,copa,0.5641965749008315,0.8522098708365645
base,mnli+qqp+sst2+record+snli+imdb+hellaswag+winogrande,8,piqa,0.6472462234087288,0.8764590094132083
base,mnli+qqp+sst2+record+snli+imdb+squad_v2,7,mrpc,0.6256908239530665,0.8660258230354104
base,mnli+qqp+sst2+record+snli+imdb+squad_v2,7,boolq,0.6055476664166365,0.8570226561278105
base,mnli+qqp+sst2+record+snli+imdb+squad_v2,7,rte,0.6573116795292923,0.875288726495845
base,mnli+qqp+sst2+record+snli+imdb+squad_v2,7,cola,0.6206917817305241,0.8625907653144428
base,mnli+qqp+sst2+record+snli+imdb+squad_v2,7,cb,0.6676373423210212,0.8872811906039715
base,mnli+qqp+sst2+record+snli+imdb+squad_v2,7,scitail,0.7082341989236218,0.8883514853992632
base,mnli+qqp+sst2+record+snli+imdb+squad_v2,7,stsb,0.5589639938303402,0.847437800307359
base,mnli+qqp+sst2+record+snli+imdb+squad_v2,7,cr,0.7122596821614674,0.8969067383025374
base,mnli+qqp+sst2+record+snli+imdb+squad_v2,7,rotten_tomatoes,0.732060827847038,0.9013208518070834
base,mnli+qqp+sst2+record+snli+imdb+squad_v2,7,multirc,0.6210300705528685,0.8607012131916625
base,mnli+qqp+sst2+record+snli+imdb+squad_v2,7,copa,0.5750522125246269,0.8492194866495473
base,mnli+qqp+sst2+record+snli+imdb+squad_v2,7,piqa,0.6022032186655062,0.8547306827136448
base,mnli+qqp+sst2+record+snli+imdb+squad_v2+hellaswag,8,mrpc,0.627753433106201,0.8662116261465209
base,mnli+qqp+sst2+record+snli+imdb+squad_v2+hellaswag,8,boolq,0.6074731828245733,0.8572187939924854
base,mnli+qqp+sst2+record+snli+imdb+squad_v2+hellaswag,8,rte,0.6596914186541524,0.8756425721304757
base,mnli+qqp+sst2+record+snli+imdb+squad_v2+hellaswag,8,cola,0.6226599355494338,0.8627526996923345
base,mnli+qqp+sst2+record+snli+imdb+squad_v2+hellaswag,8,cb,0.670983513551099,0.8877342699893883
base,mnli+qqp+sst2+record+snli+imdb+squad_v2+hellaswag,8,scitail,0.7089258839509317,0.8883639962545463
base,mnli+qqp+sst2+record+snli+imdb+squad_v2+hellaswag,8,stsb,0.5616365141634431,0.8477334156632423
base,mnli+qqp+sst2+record+snli+imdb+squad_v2+hellaswag,8,cr,0.7132832888247711,0.8968749711556094
base,mnli+qqp+sst2+record+snli+imdb+squad_v2+hellaswag,8,rotten_tomatoes,0.7325941040845854,0.9012299893157822
base,mnli+qqp+sst2+record+snli+imdb+squad_v2+hellaswag,8,multirc,0.6228578701349241,0.8608766065112182
base,mnli+qqp+sst2+record+snli+imdb+squad_v2+hellaswag,8,copa,0.5806522734596261,0.8512614502438477
base,mnli+qqp+sst2+record+snli+imdb+squad_v2+hellaswag,8,piqa,0.6324360339370158,0.8666680851685149
base,mnli+qqp+sst2+record+snli+imdb+squad_v2+hellaswag+winogrande,9,mrpc,0.6290970692144973,0.8663040404873235
base,mnli+qqp+sst2+record+snli+imdb+squad_v2+hellaswag+winogrande,9,boolq,0.6095095371960529,0.8574291547494275
base,mnli+qqp+sst2+record+snli+imdb+squad_v2+hellaswag+winogrande,9,rte,0.6603541642959628,0.8755819770906653
base,mnli+qqp+sst2+record+snli+imdb+squad_v2+hellaswag+winogrande,9,cola,0.6240288132934698,0.8628089374729565
base,mnli+qqp+sst2+record+snli+imdb+squad_v2+hellaswag+winogrande,9,cb,0.6717241901372161,0.887657281011343
base,mnli+qqp+sst2+record+snli+imdb+squad_v2+hellaswag+winogrande,9,scitail,0.7092301252165011,0.8882994744926691
base,mnli+qqp+sst2+record+snli+imdb+squad_v2+hellaswag+winogrande,9,stsb,0.563224742654711,0.8478067996246474
base,mnli+qqp+sst2+record+snli+imdb+squad_v2+hellaswag+winogrande,9,cr,0.7141598066581147,0.8968232960573265
base,mnli+qqp+sst2+record+snli+imdb+squad_v2+hellaswag+winogrande,9,rotten_tomatoes,0.7330207598528692,0.9011777453124523
base,mnli+qqp+sst2+record+snli+imdb+squad_v2+hellaswag+winogrande,9,multirc,0.6241504514722952,0.8610506236021008
base,mnli+qqp+sst2+record+snli+imdb+squad_v2+hellaswag+winogrande,9,copa,0.587902511736112,0.8534113160733666
base,mnli+qqp+sst2+record+snli+imdb+squad_v2+hellaswag+winogrande,9,piqa,0.6666215930932334,0.8756694825632232
base,mnli+qqp+sst2+record+snli+imdb+squad_v2+winogrande,8,mrpc,0.6275095077497619,0.8661423879010337
base,mnli+qqp+sst2+record+snli+imdb+squad_v2+winogrande,8,boolq,0.6083651936080839,0.8573377542197704
base,mnli+qqp+sst2+record+snli+imdb+squad_v2+winogrande,8,rte,0.6586022688341993,0.8752084895968437
base,mnli+qqp+sst2+record+snli+imdb+squad_v2+winogrande,8,cola,0.622863064520061,0.8626850683774266
base,mnli+qqp+sst2+record+snli+imdb+squad_v2+winogrande,8,cb,0.6692195893930537,0.8871970948364053
base,mnli+qqp+sst2+record+snli+imdb+squad_v2+winogrande,8,scitail,0.7089807130396366,0.8883021974137851
base,mnli+qqp+sst2+record+snli+imdb+squad_v2+winogrande,8,stsb,0.5613538892274457,0.8476561281297889
base,mnli+qqp+sst2+record+snli+imdb+squad_v2+winogrande,8,cr,0.7135951049359781,0.8968571004058633
base,mnli+qqp+sst2+record+snli+imdb+squad_v2+winogrande,8,rotten_tomatoes,0.7328618712989348,0.9012745624142033
base,mnli+qqp+sst2+record+snli+imdb+squad_v2+winogrande,8,multirc,0.6228937833969083,0.860902141513569
base,mnli+qqp+sst2+record+snli+imdb+squad_v2+winogrande,8,copa,0.5825139979964921,0.8516850037766355
base,mnli+qqp+sst2+record+snli+imdb+squad_v2+winogrande,8,piqa,0.6471787965191262,0.8705073222517967
base,mnli+qqp+sst2+record+snli+imdb+winogrande,7,mrpc,0.6080491592043212,0.8654481428010123
base,mnli+qqp+sst2+record+snli+imdb+winogrande,7,boolq,0.5904365757347217,0.8564903235861233
base,mnli+qqp+sst2+record+snli+imdb+winogrande,7,rte,0.6415154332561153,0.8755621590784618
base,mnli+qqp+sst2+record+snli+imdb+winogrande,7,cola,0.6019430187796908,0.8603363130241632
base,mnli+qqp+sst2+record+snli+imdb+winogrande,7,cb,0.6511297864573342,0.8890750775379794
base,mnli+qqp+sst2+record+snli+imdb+winogrande,7,scitail,0.6969534962305001,0.8892109998102699
base,mnli+qqp+sst2+record+snli+imdb+winogrande,7,stsb,0.542044466461188,0.8469101988843509
base,mnli+qqp+sst2+record+snli+imdb+winogrande,7,cr,0.7005143958543029,0.8988295463579041
base,mnli+qqp+sst2+record+snli+imdb+winogrande,7,rotten_tomatoes,0.7217498611924904,0.9028626786811011
base,mnli+qqp+sst2+record+snli+imdb+winogrande,7,multirc,0.6026420521416834,0.859264312312007
base,mnli+qqp+sst2+record+snli+imdb+winogrande,7,copa,0.557273941380637,0.8503903014851468
base,mnli+qqp+sst2+record+snli+imdb+winogrande,7,piqa,0.6271955941670707,0.8709682199571814
base,mnli+qqp+sst2+record+snli+paws,6,mrpc,0.6043387439900211,0.8649896500366074
base,mnli+qqp+sst2+record+snli+paws,6,boolq,0.629817767467882,0.873552143573761
base,mnli+qqp+sst2+record+snli+paws,6,rte,0.6371408509356635,0.8747923129371235
base,mnli+qqp+sst2+record+snli+paws,6,cola,0.5982172129276607,0.8596750002886567
base,mnli+qqp+sst2+record+snli+paws,6,cb,0.6397692867155585,0.8866424645696368
base,mnli+qqp+sst2+record+snli+paws,6,scitail,0.6966240123978683,0.8893500279103007
base,mnli+qqp+sst2+record+snli+paws,6,stsb,0.5402825971000961,0.8470865868564162
base,mnli+qqp+sst2+record+snli+paws,6,cr,0.6659953558950552,0.8895452043839863
base,mnli+qqp+sst2+record+snli+paws,6,rotten_tomatoes,0.6857668830614004,0.8935434842216117
base,mnli+qqp+sst2+record+snli+paws,6,multirc,0.6333770690751928,0.8744491096585989
base,mnli+qqp+sst2+record+snli+paws,6,copa,0.5451755153148302,0.8465840183198452
base,mnli+qqp+sst2+record+snli+paws,6,piqa,0.5846828607443187,0.8541025229330573
base,mnli+qqp+sst2+record+snli+paws+hellaswag,7,mrpc,0.607476978163634,0.865290108535971
base,mnli+qqp+sst2+record+snli+paws+hellaswag,7,boolq,0.6322823392360338,0.8736193105578423
base,mnli+qqp+sst2+record+snli+paws+hellaswag,7,rte,0.6405448264309338,0.8751760226275239
base,mnli+qqp+sst2+record+snli+paws+hellaswag,7,cola,0.6007494429525521,0.8598311093768903
base,mnli+qqp+sst2+record+snli+paws+hellaswag,7,cb,0.6446938086301088,0.8871049364762646
base,mnli+qqp+sst2+record+snli+paws+hellaswag,7,scitail,0.6979390358818429,0.8892795323793378
base,mnli+qqp+sst2+record+snli+paws+hellaswag,7,stsb,0.5433785484638065,0.8474401669310672
base,mnli+qqp+sst2+record+snli+paws+hellaswag,7,cr,0.6687421170063317,0.8896298153059823
base,mnli+qqp+sst2+record+snli+paws+hellaswag,7,rotten_tomatoes,0.6877261686271855,0.8935215694031545
base,mnli+qqp+sst2+record+snli+paws+hellaswag,7,multirc,0.6358582865712898,0.8745727967470884
base,mnli+qqp+sst2+record+snli+paws+hellaswag,7,copa,0.5517762540839612,0.8488721049257687
base,mnli+qqp+sst2+record+snli+paws+hellaswag,7,piqa,0.615667440429596,0.8674922550895384
base,mnli+qqp+sst2+record+snli+paws+hellaswag+winogrande,8,mrpc,0.6097748604203973,0.8653783947229385
base,mnli+qqp+sst2+record+snli+paws+hellaswag+winogrande,8,boolq,0.6350127704042409,0.8736900500953197
base,mnli+qqp+sst2+record+snli+paws+hellaswag+winogrande,8,rte,0.6423360133277518,0.8751299301428455
base,mnli+qqp+sst2+record+snli+paws+hellaswag+winogrande,8,cola,0.6029683836469693,0.8598720535103764
base,mnli+qqp+sst2+record+snli+paws+hellaswag+winogrande,8,cb,0.6469343480254922,0.8870162564728942
base,mnli+qqp+sst2+record+snli+paws+hellaswag+winogrande,8,scitail,0.6987973105694566,0.889249584238444
base,mnli+qqp+sst2+record+snli+paws+hellaswag+winogrande,8,stsb,0.5457707061764917,0.8474676587751934
base,mnli+qqp+sst2+record+snli+paws+hellaswag+winogrande,8,cr,0.6714201884876404,0.8896672858723572
base,mnli+qqp+sst2+record+snli+paws+hellaswag+winogrande,8,rotten_tomatoes,0.6898186805524996,0.8934761027672461
base,mnli+qqp+sst2+record+snli+paws+hellaswag+winogrande,8,multirc,0.6380066352763346,0.8746429075087819
base,mnli+qqp+sst2+record+snli+paws+hellaswag+winogrande,8,copa,0.5610104570431369,0.8515472545155457
base,mnli+qqp+sst2+record+snli+paws+hellaswag+winogrande,8,piqa,0.6484418012467879,0.8766135038541896
base,mnli+qqp+sst2+record+snli+paws+imdb,7,mrpc,0.6079436855922852,0.8659976763384682
base,mnli+qqp+sst2+record+snli+paws+imdb,7,boolq,0.6301559361496142,0.8737756362450975
base,mnli+qqp+sst2+record+snli+paws+imdb,7,rte,0.6414582646851029,0.8760709996734347
base,mnli+qqp+sst2+record+snli+paws+imdb,7,cola,0.60128797643951,0.8604779227503708
base,mnli+qqp+sst2+record+snli+paws+imdb,7,cb,0.6485708174960954,0.8888346084526607
base,mnli+qqp+sst2+record+snli+paws+imdb,7,scitail,0.6972486448607275,0.8895514791033098
base,mnli+qqp+sst2+record+snli+paws+imdb,7,stsb,0.5406958689979676,0.8471198978700808
base,mnli+qqp+sst2+record+snli+paws+imdb,7,cr,0.6979095004498959,0.8985362350940704
base,mnli+qqp+sst2+record+snli+paws+imdb,7,rotten_tomatoes,0.7200895522588066,0.9026089837508542
base,mnli+qqp+sst2+record+snli+paws+imdb,7,multirc,0.6323853551543185,0.8744362837501934
base,mnli+qqp+sst2+record+snli+paws+imdb,7,copa,0.5495971171850604,0.84753343090415
base,mnli+qqp+sst2+record+snli+paws+imdb,7,piqa,0.5850983470944422,0.8541341541068894
base,mnli+qqp+sst2+record+snli+paws+imdb+hellaswag,8,mrpc,0.6108837037214211,0.866262752030577
base,mnli+qqp+sst2+record+snli+paws+imdb+hellaswag,8,boolq,0.6321672082080373,0.8738302048295736
base,mnli+qqp+sst2+record+snli+paws+imdb+hellaswag,8,rte,0.6445574901465859,0.8763808341962951
base,mnli+qqp+sst2+record+snli+paws+imdb+hellaswag,8,cola,0.6037388891646904,0.86067523780678
base,mnli+qqp+sst2+record+snli+paws+imdb+hellaswag,8,cb,0.6529895939997264,0.8892207566116538
base,mnli+qqp+sst2+record+snli+paws+imdb+hellaswag,8,scitail,0.6985854541084596,0.8894775970173734
base,mnli+qqp+sst2+record+snli+paws+imdb+hellaswag,8,stsb,0.5436894025187939,0.8474617275808539
base,mnli+qqp+sst2+record+snli+paws+imdb+hellaswag,8,cr,0.7013321557481375,0.8984990322164127
base,mnli+qqp+sst2+record+snli+paws+imdb+hellaswag,8,rotten_tomatoes,0.7230524637603334,0.9025191781776292
base,mnli+qqp+sst2+record+snli+paws+imdb+hellaswag,8,multirc,0.6345193419339401,0.8745620330529553
base,mnli+qqp+sst2+record+snli+paws+imdb+hellaswag,8,copa,0.5562999942339957,0.8497517154152904
base,mnli+qqp+sst2+record+snli+paws+imdb+hellaswag,8,piqa,0.6156007645518652,0.8675306287727186
base,mnli+qqp+sst2+record+snli+paws+imdb+hellaswag+winogrande,9,mrpc,0.6128745483500617,0.8662785509867328
base,mnli+qqp+sst2+record+snli+paws+imdb+hellaswag+winogrande,9,boolq,0.6343645569868386,0.8738785231752055
base,mnli+qqp+sst2+record+snli+paws+imdb+hellaswag+winogrande,9,rte,0.6460870805063418,0.8763045471693788
base,mnli+qqp+sst2+record+snli+paws+imdb+hellaswag+winogrande,9,cola,0.6056383488965886,0.8607045103396688
base,mnli+qqp+sst2+record+snli+paws+imdb+hellaswag+winogrande,9,cb,0.6547731648066214,0.8890537901648453
base,mnli+qqp+sst2+record+snli+paws+imdb+hellaswag+winogrande,9,scitail,0.69938785848873,0.8894383667835167
base,mnli+qqp+sst2+record+snli+paws+imdb+hellaswag+winogrande,9,stsb,0.545909875405154,0.8475956328745399
base,mnli+qqp+sst2+record+snli+paws+imdb+hellaswag+winogrande,9,cr,0.7032164184908781,0.8984209299087524
base,mnli+qqp+sst2+record+snli+paws+imdb+hellaswag+winogrande,9,rotten_tomatoes,0.724379304397319,0.9024381185216563
base,mnli+qqp+sst2+record+snli+paws+imdb+hellaswag+winogrande,9,multirc,0.6363165953329631,0.8746215645223856
base,mnli+qqp+sst2+record+snli+paws+imdb+hellaswag+winogrande,9,copa,0.5646686049710427,0.8522925885128123
base,mnli+qqp+sst2+record+snli+paws+imdb+hellaswag+winogrande,9,piqa,0.6477862541297716,0.876611460798553
base,mnli+qqp+sst2+record+snli+paws+imdb+squad_v2,8,mrpc,0.627496347363506,0.8665371366909572
base,mnli+qqp+sst2+record+snli+paws+imdb+squad_v2,8,boolq,0.6551452526556594,0.8733518118304866
base,mnli+qqp+sst2+record+snli+paws+imdb+squad_v2,8,rte,0.6583525096731526,0.8756836711296013
base,mnli+qqp+sst2+record+snli+paws+imdb+squad_v2,8,cola,0.6217464546539954,0.8628180066921881
base,mnli+qqp+sst2+record+snli+paws+imdb+squad_v2,8,cb,0.6666478184717042,0.8869993809078421
base,mnli+qqp+sst2+record+snli+paws+imdb+squad_v2,8,scitail,0.7089554989444358,0.8886016854750258
base,mnli+qqp+sst2+record+snli+paws+imdb+squad_v2,8,stsb,0.559997976757586,0.8477706220000982
base,mnli+qqp+sst2+record+snli+paws+imdb+squad_v2,8,cr,0.7113016567059925,0.8966039078576225
base,mnli+qqp+sst2+record+snli+paws+imdb+squad_v2,8,rotten_tomatoes,0.7312965409031936,0.9010167999991349
base,mnli+qqp+sst2+record+snli+paws+imdb+squad_v2,8,multirc,0.661427231239421,0.8751814596887145
base,mnli+qqp+sst2+record+snli+paws+imdb+squad_v2,8,copa,0.5760087430078004,0.849402683920094
base,mnli+qqp+sst2+record+snli+paws+imdb+squad_v2,8,piqa,0.6037089112879974,0.8551099904413734
base,mnli+qqp+sst2+record+snli+paws+imdb+squad_v2+hellaswag,9,mrpc,0.6292901704353946,0.8667218924633094
base,mnli+qqp+sst2+record+snli+paws+imdb+squad_v2+hellaswag,9,boolq,0.6565634781228644,0.8734107688069344
base,mnli+qqp+sst2+record+snli+paws+imdb+squad_v2+hellaswag,9,rte,0.6604554858058691,0.8760260093425002
base,mnli+qqp+sst2+record+snli+paws+imdb+squad_v2+hellaswag,9,cola,0.6235341965886099,0.863029396161437
base,mnli+qqp+sst2+record+snli+paws+imdb+squad_v2+hellaswag,9,cb,0.6698011016207082,0.8873638547956944
base,mnli+qqp+sst2+record+snli+paws+imdb+squad_v2+hellaswag,9,scitail,0.7095729362751756,0.8885856204267059
base,mnli+qqp+sst2+record+snli+paws+imdb+squad_v2+hellaswag,9,stsb,0.5624355759604701,0.8480396366545132
base,mnli+qqp+sst2+record+snli+paws+imdb+squad_v2+hellaswag,9,cr,0.7165632484746831,0.896554248141391
base,mnli+qqp+sst2+record+snli+paws+imdb+squad_v2+hellaswag,9,rotten_tomatoes,0.7363980279437133,0.900928506893771
base,mnli+qqp+sst2+record+snli+paws+imdb+squad_v2+hellaswag,9,multirc,0.6629602195961135,0.8752381375857762
base,mnli+qqp+sst2+record+snli+paws+imdb+squad_v2+hellaswag,9,copa,0.5811997656045216,0.8512865464602198
base,mnli+qqp+sst2+record+snli+paws+imdb+squad_v2+hellaswag,9,piqa,0.6326574569434992,0.8668326466743436
base,mnli+qqp+sst2+record+snli+paws+imdb+squad_v2+hellaswag+winogrande,10,mrpc,0.630519209961806,0.8668650606913226
base,mnli+qqp+sst2+record+snli+paws+imdb+squad_v2+hellaswag+winogrande,10,boolq,0.6577749382704496,0.8734907707465547
base,mnli+qqp+sst2+record+snli+paws+imdb+squad_v2+hellaswag+winogrande,10,rte,0.6612886179770742,0.8759580392922673
base,mnli+qqp+sst2+record+snli+paws+imdb+squad_v2+hellaswag+winogrande,10,cola,0.6250635990872979,0.8630610805537019
base,mnli+qqp+sst2+record+snli+paws+imdb+squad_v2+hellaswag+winogrande,10,cb,0.6704963049186128,0.8873249957604068
base,mnli+qqp+sst2+record+snli+paws+imdb+squad_v2+hellaswag+winogrande,10,scitail,0.7099352729107652,0.8885014267372233
base,mnli+qqp+sst2+record+snli+paws+imdb+squad_v2+hellaswag+winogrande,10,stsb,0.5639151608172271,0.8481222087783473
base,mnli+qqp+sst2+record+snli+paws+imdb+squad_v2+hellaswag+winogrande,10,cr,0.7173562254756689,0.8965204746595451
base,mnli+qqp+sst2+record+snli+paws+imdb+squad_v2+hellaswag+winogrande,10,rotten_tomatoes,0.73682781016188,0.900923383555242
base,mnli+qqp+sst2+record+snli+paws+imdb+squad_v2+hellaswag+winogrande,10,multirc,0.6636757508718542,0.8753073907324246
base,mnli+qqp+sst2+record+snli+paws+imdb+squad_v2+hellaswag+winogrande,10,copa,0.5880716662587864,0.8533679712563753
base,mnli+qqp+sst2+record+snli+paws+imdb+squad_v2+hellaswag+winogrande,10,piqa,0.6670735603464502,0.8757397609629801
base,mnli+qqp+sst2+record+snli+paws+imdb+squad_v2+winogrande,9,mrpc,0.6290577956076179,0.8666433250265462
base,mnli+qqp+sst2+record+snli+paws+imdb+squad_v2+winogrande,9,boolq,0.6570269067638687,0.8734688474131482
base,mnli+qqp+sst2+record+snli+paws+imdb+squad_v2+winogrande,9,rte,0.6595520198877368,0.8756594796265874
base,mnli+qqp+sst2+record+snli+paws+imdb+squad_v2+winogrande,9,cola,0.6238117428230388,0.8628683638359819
base,mnli+qqp+sst2+record+snli+paws+imdb+squad_v2+winogrande,9,cb,0.668060265481472,0.8868926210062844
base,mnli+qqp+sst2+record+snli+paws+imdb+squad_v2+winogrande,9,scitail,0.7096594468291316,0.8885430863925389
base,mnli+qqp+sst2+record+snli+paws+imdb+squad_v2+winogrande,9,stsb,0.5621180121254709,0.8479153521891151
base,mnli+qqp+sst2+record+snli+paws+imdb+squad_v2+winogrande,9,cr,0.716891820143376,0.8965892381966114
base,mnli+qqp+sst2+record+snli+paws+imdb+squad_v2+winogrande,9,rotten_tomatoes,0.7367432572479758,0.900998522660562
base,mnli+qqp+sst2+record+snli+paws+imdb+squad_v2+winogrande,9,multirc,0.6627555111689227,0.8752367052116564
base,mnli+qqp+sst2+record+snli+paws+imdb+squad_v2+winogrande,9,copa,0.5829801481616285,0.8518330265900919
base,mnli+qqp+sst2+record+snli+paws+imdb+squad_v2+winogrande,9,piqa,0.6477783802630646,0.8706816964383636
base,mnli+qqp+sst2+record+snli+paws+imdb+winogrande,8,mrpc,0.6107144966455442,0.8660535061998027
base,mnli+qqp+sst2+record+snli+paws+imdb+winogrande,8,boolq,0.6326529387650746,0.873825328424573
base,mnli+qqp+sst2+record+snli+paws+imdb+winogrande,8,rte,0.6434198748320341,0.8759590286229338
base,mnli+qqp+sst2+record+snli+paws+imdb+winogrande,8,cola,0.603749676274934,0.8605536158595767
base,mnli+qqp+sst2+record+snli+paws+imdb+winogrande,8,cb,0.6510768490178245,0.8886732198297977
base,mnli+qqp+sst2+record+snli+paws+imdb+winogrande,8,scitail,0.6984863792146955,0.8894932073141847
base,mnli+qqp+sst2+record+snli+paws+imdb+winogrande,8,stsb,0.5436695891299418,0.847353939765266
base,mnli+qqp+sst2+record+snli+paws+imdb+winogrande,8,cr,0.7017698985125337,0.898466477968863
base,mnli+qqp+sst2+record+snli+paws+imdb+winogrande,8,rotten_tomatoes,0.7234507121944002,0.9025254302791187
base,mnli+qqp+sst2+record+snli+paws+imdb+winogrande,8,multirc,0.6345128264012081,0.8745508401521614
base,mnli+qqp+sst2+record+snli+paws+imdb+winogrande,8,copa,0.5585741673463157,0.8505165755216565
base,mnli+qqp+sst2+record+snli+paws+imdb+winogrande,8,piqa,0.6287227092709925,0.8712017757019827
