method,combo,n_tasks,target,sar,sar_iso
base,mnli+qnli+qqp+sst2+anli_r1+paws+imdb+squad_v2+hellaswag,9,mrpc,0.6544244443731648,0.8715183793434075
base,mnli+qnli+qqp+sst2+anli_r1+paws+imdb+squad_v2+hellaswag,9,boolq,0.6754125862249306,0.8762323278933764
base,mnli+qnli+qqp+sst2+anli_r1+paws+imdb+squad_v2+hellaswag,9,rte,0.7140416827585016,0.8949811932231698
base,mnli+qnli+qqp+sst2+anli_r1+paws+imdb+squad_v2+hellaswag,9,cola,0.6381150225975684,0.8647241113441331
base,mnli+qnli+qqp+sst2+anli_r1+paws+imdb+squad_v2+hellaswag,9,cb,0.7067499434841531,0.8968340105244091
base,mnli+qnli+qqp+sst2+anli_r1+paws+imdb+squad_v2+hellaswag,9,scitail,0.7264557568622487,0.891930626971381
base,mnli+qnli+qqp+sst2+anli_r1+paws+imdb+squad_v2+hellaswag,9,stsb,0.5737822606627431,0.8486571719071695
base,mnli+qnli+qqp+sst2+anli_r1+paws+imdb+squad_v2+hellaswag,9,cr,0.7380236123821565,0.9005869238504342
base,mnli+qnli+qqp+sst2+anli_r1+paws+imdb+squad_v2+hellaswag,9,rotten_tomatoes,0.7538797557353973,0.9039409634258065
base,mnli+qnli+qqp+sst2+anli_r1+paws+imdb+squad_v2+hellaswag,9,multirc,0.6774850942726646,0.8768589589744806
base,mnli+qnli+qqp+sst2+anli_r1+paws+imdb+squad_v2+hellaswag,9,copa,0.5955659582146576,0.8524297177791595
base,mnli+qnli+qqp+sst2+anli_r1+paws+imdb+squad_v2+hellaswag,9,piqa,0.6493344099393913,0.8680390625127724
base,mnli+qnli+qqp+sst2+anli_r1+paws+imdb+squad_v2+hellaswag+winogrande,10,mrpc,0.6554787850805691,0.871558706675257
base,mnli+qnli+qqp+sst2+anli_r1+paws+imdb+squad_v2+hellaswag+winogrande,10,boolq,0.6775125078856945,0.8762801632817302
base,mnli+qnli+qqp+sst2+anli_r1+paws+imdb+squad_v2+hellaswag+winogrande,10,rte,0.7141352918531213,0.894764030618327
base,mnli+qnli+qqp+sst2+anli_r1+paws+imdb+squad_v2+hellaswag+winogrande,10,cola,0.6397604073530861,0.8648174460977316
base,mnli+qnli+qqp+sst2+anli_r1+paws+imdb+squad_v2+hellaswag+winogrande,10,cb,0.7068090587854385,0.8966020505343165
base,mnli+qnli+qqp+sst2+anli_r1+paws+imdb+squad_v2+hellaswag+winogrande,10,scitail,0.7264821526727506,0.8917897213250399
base,mnli+qnli+qqp+sst2+anli_r1+paws+imdb+squad_v2+hellaswag+winogrande,10,stsb,0.5753281733819416,0.8486958614417485
base,mnli+qnli+qqp+sst2+anli_r1+paws+imdb+squad_v2+hellaswag+winogrande,10,cr,0.7386553566902876,0.9005055890551635
base,mnli+qnli+qqp+sst2+anli_r1+paws+imdb+squad_v2+hellaswag+winogrande,10,rotten_tomatoes,0.754110438483102,0.9038462010877473
base,mnli+qnli+qqp+sst2+anli_r1+paws+imdb+squad_v2+hellaswag+winogrande,10,multirc,0.6794019181813512,0.8769090678542852
base,mnli+qnli+qqp+sst2+anli_r1+paws+imdb+squad_v2+hellaswag+winogrande,10,copa,0.6027560738314476,0.8545554155217749
base,mnli+qnli+qqp+sst2+anli_r1+paws+imdb+squad_v2+hellaswag+winogrande,10,piqa,0.6808778083484087,0.8770084564707109
base,mnli+qnli+qqp+sst2+anli_r1+paws+imdb+squad_v2+winogrande,9,mrpc,0.6541141157171556,0.8715195198144231
base,mnli+qnli+qqp+sst2+anli_r1+paws+imdb+squad_v2+winogrande,9,boolq,0.6754796920078141,0.8763290476053953
base,mnli+qnli+qqp+sst2+anli_r1+paws+imdb+squad_v2+winogrande,9,rte,0.712830677362425,0.8947373468961034
base,mnli+qnli+qqp+sst2+anli_r1+paws+imdb+squad_v2+winogrande,9,cola,0.6374933311183538,0.8646472519529718
base,mnli+qnli+qqp+sst2+anli_r1+paws+imdb+squad_v2+winogrande,9,cb,0.7046894968620369,0.8965132880423751
base,mnli+qnli+qqp+sst2+anli_r1+paws+imdb+squad_v2+winogrande,9,scitail,0.7260546253195831,0.891952747212989
base,mnli+qnli+qqp+sst2+anli_r1+paws+imdb+squad_v2+winogrande,9,stsb,0.5729509516885238,0.8484819829463959
base,mnli+qnli+qqp+sst2+anli_r1+paws+imdb+squad_v2+winogrande,9,cr,0.7381950478468623,0.9006626584700176
base,mnli+qnli+qqp+sst2+anli_r1+paws+imdb+squad_v2+winogrande,9,rotten_tomatoes,0.75394535277571,0.9040281623601913
base,mnli+qnli+qqp+sst2+anli_r1+paws+imdb+squad_v2+winogrande,9,multirc,0.6769780269158738,0.8768542023109538
base,mnli+qnli+qqp+sst2+anli_r1+paws+imdb+squad_v2+winogrande,9,copa,0.5973621693306735,0.8529075458645821
base,mnli+qnli+qqp+sst2+anli_r1+paws+imdb+squad_v2+winogrande,9,piqa,0.6637903788526144,0.8714237340859005
base,mnli+qnli+qqp+sst2+anli_r1+paws+imdb+winogrande,8,mrpc,0.6301356543387685,0.8715270784284387
base,mnli+qnli+qqp+sst2+anli_r1+paws+imdb+winogrande,8,boolq,0.6478880842083267,0.8777262464697871
base,mnli+qnli+qqp+sst2+anli_r1+paws+imdb+winogrande,8,rte,0.6917464302054473,0.8972349294594356
base,mnli+qnli+qqp+sst2+anli_r1+paws+imdb+winogrande,8,cola,0.6093506012777132,0.8615148844463485
base,mnli+qnli+qqp+sst2+anli_r1+paws+imdb+winogrande,8,cb,0.6823498766337123,0.8994161747395992
base,mnli+qnli+qqp+sst2+anli_r1+paws+imdb+winogrande,8,scitail,0.7107835321554116,0.8936491534113884
base,mnli+qnli+qqp+sst2+anli_r1+paws+imdb+winogrande,8,stsb,0.5447860890999436,0.847417555217232
base,mnli+qnli+qqp+sst2+anli_r1+paws+imdb+winogrande,8,cr,0.7188495050317475,0.903642363846302
base,mnli+qnli+qqp+sst2+anli_r1+paws+imdb+winogrande,8,rotten_tomatoes,0.7373942437448672,0.9064067586192063
base,mnli+qnli+qqp+sst2+anli_r1+paws+imdb+winogrande,8,multirc,0.6442616853330817,0.8766191144074712
base,mnli+qnli+qqp+sst2+anli_r1+paws+imdb+winogrande,8,copa,0.5609834900658045,0.8514225320624453
base,mnli+qnli+qqp+sst2+anli_r1+paws+imdb+winogrande,8,piqa,0.6326222413751695,0.8722652830183506
base,mnli+qnli+qqp+sst2+anli_r1+paws+squad_v2,7,mrpc,0.6512645288769688,0.8707007350666183
base,mnli+qnli+qqp+sst2+anli_r1+paws+squad_v2,7,boolq,0.6745685448071786,0.8760681035263198
base,mnli+qnli+qqp+sst2+anli_r1+paws+squad_v2,7,rte,0.710910079734666,0.8941529201609748
base,mnli+qnli+qqp+sst2+anli_r1+paws+squad_v2,7,cola,0.6352310718170234,0.8638552562998874
base,mnli+qnli+qqp+sst2+anli_r1+paws+squad_v2,7,cb,0.699413944834045,0.8951513091368335
base,mnli+qnli+qqp+sst2+anli_r1+paws+squad_v2,7,scitail,0.7261804544499942,0.8920324774725097
base,mnli+qnli+qqp+sst2+anli_r1+paws+squad_v2,7,stsb,0.5714121584647468,0.8483775513512748
base,mnli+qnli+qqp+sst2+anli_r1+paws+squad_v2,7,cr,0.7138105681432145,0.8921826662761825
base,mnli+qnli+qqp+sst2+anli_r1+paws+squad_v2,7,rotten_tomatoes,0.728308063798717,0.8952859719949109
base,mnli+qnli+qqp+sst2+anli_r1+paws+squad_v2,7,multirc,0.677447371450918,0.8768474555441311
base,mnli+qnli+qqp+sst2+anli_r1+paws+squad_v2,7,copa,0.5869625777538333,0.8495392402900117
base,mnli+qnli+qqp+sst2+anli_r1+paws+squad_v2,7,piqa,0.6110587622970343,0.8549850290375096
base,mnli+qnli+qqp+sst2+anli_r1+paws+squad_v2+hellaswag,8,mrpc,0.6532464913491692,0.8708190359175205
base,mnli+qnli+qqp+sst2+anli_r1+paws+squad_v2+hellaswag,8,boolq,0.676134159256305,0.8760752268135548
base,mnli+qnli+qqp+sst2+anli_r1+paws+squad_v2+hellaswag,8,rte,0.7128896420555455,0.8942377700337342
base,mnli+qnli+qqp+sst2+anli_r1+paws+squad_v2+hellaswag,8,cola,0.6376505400985479,0.864000857940742
base,mnli+qnli+qqp+sst2+anli_r1+paws+squad_v2+hellaswag,8,cb,0.7024075197322028,0.8953540282590049
base,mnli+qnli+qqp+sst2+anli_r1+paws+squad_v2+hellaswag,8,scitail,0.7268814577588013,0.891906911773341
base,mnli+qnli+qqp+sst2+anli_r1+paws+squad_v2+hellaswag,8,stsb,0.5751662623536374,0.8486818540841341
base,mnli+qnli+qqp+sst2+anli_r1+paws+squad_v2+hellaswag,8,cr,0.715020443711962,0.8920842797628471
base,mnli+qnli+qqp+sst2+anli_r1+paws+squad_v2+hellaswag,8,rotten_tomatoes,0.7290401972298112,0.895151460809367
base,mnli+qnli+qqp+sst2+anli_r1+paws+squad_v2+hellaswag,8,multirc,0.6790621309940305,0.8769314533897808
base,mnli+qnli+qqp+sst2+anli_r1+paws+squad_v2+hellaswag,8,copa,0.5942126226478389,0.8516684044152498
base,mnli+qnli+qqp+sst2+anli_r1+paws+squad_v2+hellaswag,8,piqa,0.6511484114453197,0.8680586202868393
base,mnli+qnli+qqp+sst2+anli_r1+paws+squad_v2+hellaswag+winogrande,9,mrpc,0.6543505763901132,0.8708515124661582
base,mnli+qnli+qqp+sst2+anli_r1+paws+squad_v2+hellaswag+winogrande,9,boolq,0.6782529154526336,0.8761221622782094
base,mnli+qnli+qqp+sst2+anli_r1+paws+squad_v2+hellaswag+winogrande,9,rte,0.7130233379346984,0.8940603376499244
base,mnli+qnli+qqp+sst2+anli_r1+paws+squad_v2+hellaswag+winogrande,9,cola,0.6391693856567144,0.8641266024538449
base,mnli+qnli+qqp+sst2+anli_r1+paws+squad_v2+hellaswag+winogrande,9,cb,0.7026124040463141,0.8950611799955368
base,mnli+qnli+qqp+sst2+anli_r1+paws+squad_v2+hellaswag+winogrande,9,scitail,0.7269713365073714,0.8917104697653225
base,mnli+qnli+qqp+sst2+anli_r1+paws+squad_v2+hellaswag+winogrande,9,stsb,0.5766631791235081,0.8487062185470547
base,mnli+qnli+qqp+sst2+anli_r1+paws+squad_v2+hellaswag+winogrande,9,cr,0.7165901820574488,0.8921006151608059
base,mnli+qnli+qqp+sst2+anli_r1+paws+squad_v2+hellaswag+winogrande,9,rotten_tomatoes,0.7301751505583525,0.8951329407947404
base,mnli+qnli+qqp+sst2+anli_r1+paws+squad_v2+hellaswag+winogrande,9,multirc,0.6809383931436709,0.8769582475402525
base,mnli+qnli+qqp+sst2+anli_r1+paws+squad_v2+hellaswag+winogrande,9,copa,0.6017305308154651,0.8539296846304621
base,mnli+qnli+qqp+sst2+anli_r1+paws+squad_v2+hellaswag+winogrande,9,piqa,0.6823250928095409,0.8770610349518912
base,mnli+qnli+qqp+sst2+anli_r1+paws+squad_v2+winogrande,8,mrpc,0.6528559337769236,0.8708197639456817
base,mnli+qnli+qqp+sst2+anli_r1+paws+squad_v2+winogrande,8,boolq,0.6761144503418889,0.8761630281805992
base,mnli+qnli+qqp+sst2+anli_r1+paws+squad_v2+winogrande,8,rte,0.7114880329796246,0.8939615802041122
base,mnli+qnli+qqp+sst2+anli_r1+paws+squad_v2+winogrande,8,cola,0.6368717242564473,0.8639273725982223
base,mnli+qnli+qqp+sst2+anli_r1+paws+squad_v2+winogrande,8,cb,0.7000435721129179,0.8949176562683923
base,mnli+qnli+qqp+sst2+anli_r1+paws+squad_v2+winogrande,8,scitail,0.7265446337738207,0.8918655376349177
base,mnli+qnli+qqp+sst2+anli_r1+paws+squad_v2+winogrande,8,stsb,0.574012791604868,0.8484980022268636
base,mnli+qnli+qqp+sst2+anli_r1+paws+squad_v2+winogrande,8,cr,0.7153077271900007,0.8921633415988514
base,mnli+qnli+qqp+sst2+anli_r1+paws+squad_v2+winogrande,8,rotten_tomatoes,0.7292720412037202,0.8952777928539685
base,mnli+qnli+qqp+sst2+anli_r1+paws+squad_v2+winogrande,8,multirc,0.6785697758729968,0.8768981748393604
base,mnli+qnli+qqp+sst2+anli_r1+paws+squad_v2+winogrande,8,copa,0.5960169257596135,0.8522381034812757
base,mnli+qnli+qqp+sst2+anli_r1+paws+squad_v2+winogrande,8,piqa,0.6648770594703299,0.8714592480765921
base,mnli+qnli+qqp+sst2+anli_r1+paws+winogrande,7,mrpc,0.6281332022377423,0.8707652033439705
base,mnli+qnli+qqp+sst2+anli_r1+paws+winogrande,7,boolq,0.6499153499358467,0.8775671635355268
base,mnli+qnli+qqp+sst2+anli_r1+paws+winogrande,7,rte,0.6899868470749685,0.8965667890650886
base,mnli+qnli+qqp+sst2+anli_r1+paws+winogrande,7,cola,0.6072996239443975,0.8608099772994008
base,mnli+qnli+qqp+sst2+anli_r1+paws+winogrande,7,cb,0.6765716246196202,0.8978902575160775
base,mnli+qnli+qqp+sst2+anli_r1+paws+winogrande,7,scitail,0.711049492337874,0.8936108755213874
base,mnli+qnli+qqp+sst2+anli_r1+paws+winogrande,7,stsb,0.5453038232267967,0.8473962782216924
base,mnli+qnli+qqp+sst2+anli_r1+paws+winogrande,7,cr,0.6905232988564032,0.8951645009219646
base,mnli+qnli+qqp+sst2+anli_r1+paws+winogrande,7,rotten_tomatoes,0.7074541207402945,0.8978327145533902
base,mnli+qnli+qqp+sst2+anli_r1+paws+winogrande,7,multirc,0.6473008431494236,0.8765865468553135
base,mnli+qnli+qqp+sst2+anli_r1+paws+winogrande,7,copa,0.5574571413786283,0.8505858334579638
base,mnli+qnli+qqp+sst2+anli_r1+paws+winogrande,7,piqa,0.6336435812658497,0.8723445686378649
base,mnli+qnli+qqp+sst2+anli_r1+squad_v2,6,mrpc,0.6497784951435668,0.8701881590698447
base,mnli+qnli+qqp+sst2+anli_r1+squad_v2,6,boolq,0.6214244836675269,0.8590869656098741
base,mnli+qnli+qqp+sst2+anli_r1+squad_v2,6,rte,0.7108232120850256,0.8940537406929902
base,mnli+qnli+qqp+sst2+anli_r1+squad_v2,6,cola,0.6341051376823869,0.8634937647730112
base,mnli+qnli+qqp+sst2+anli_r1+squad_v2,6,cb,0.7005433365702629,0.8957252364073481
base,mnli+qnli+qqp+sst2+anli_r1+squad_v2,6,scitail,0.7262365780770779,0.8919237200170755
base,mnli+qnli+qqp+sst2+anli_r1+squad_v2,6,stsb,0.5705304259567389,0.8480487971433571
base,mnli+qnli+qqp+sst2+anli_r1+squad_v2,6,cr,0.71392222254404,0.8924615287355014
base,mnli+qnli+qqp+sst2+anli_r1+squad_v2,6,rotten_tomatoes,0.7283080957297768,0.8956021134342466
base,mnli+qnli+qqp+sst2+anli_r1+squad_v2,6,multirc,0.6338858114156339,0.8618718779512814
base,mnli+qnli+qqp+sst2+anli_r1+squad_v2,6,copa,0.5858289544869747,0.8492374382913113
base,mnli+qnli+qqp+sst2+anli_r1+squad_v2,6,piqa,0.6091031774745456,0.8544727151415178
base,mnli+qnli+qqp+sst2+anli_r1+squad_v2+hellaswag,7,mrpc,0.6523246836981603,0.8702953287533352
base,mnli+qnli+qqp+sst2+anli_r1+squad_v2+hellaswag,7,boolq,0.6243024032030787,0.8592746912368706
base,mnli+qnli+qqp+sst2+anli_r1+squad_v2+hellaswag,7,rte,0.7132358449910369,0.894109981400626
base,mnli+qnli+qqp+sst2+anli_r1+squad_v2+hellaswag,7,cola,0.637057730129787,0.8637398513300079
base,mnli+qnli+qqp+sst2+anli_r1+squad_v2+hellaswag,7,cb,0.7042738805924144,0.8958571952368531
base,mnli+qnli+qqp+sst2+anli_r1+squad_v2+hellaswag,7,scitail,0.7271198680890458,0.8918011263012886
base,mnli+qnli+qqp+sst2+anli_r1+squad_v2+hellaswag,7,stsb,0.5746468398054796,0.8484173438378743
base,mnli+qnli+qqp+sst2+anli_r1+squad_v2+hellaswag,7,cr,0.7161383918885674,0.8923803647714001
base,mnli+qnli+qqp+sst2+anli_r1+squad_v2+hellaswag,7,rotten_tomatoes,0.7299353842224393,0.8954767962651593
base,mnli+qnli+qqp+sst2+anli_r1+squad_v2+hellaswag,7,multirc,0.636462255913232,0.8621027980531965
base,mnli+qnli+qqp+sst2+anli_r1+squad_v2+hellaswag,7,copa,0.5940787021868995,0.8516564278730324
base,mnli+qnli+qqp+sst2+anli_r1+squad_v2+hellaswag,7,piqa,0.6510786515261445,0.8678029597337756
base,mnli+qnli+qqp+sst2+anli_r1+squad_v2+hellaswag+winogrande,8,mrpc,0.6537692858172315,0.8703656803284373
base,mnli+qnli+qqp+sst2+anli_r1+squad_v2+hellaswag+winogrande,8,boolq,0.6264841939721789,0.8593888461057629
base,mnli+qnli+qqp+sst2+anli_r1+squad_v2+hellaswag+winogrande,8,rte,0.7135988338185209,0.8938991118754659
base,mnli+qnli+qqp+sst2+anli_r1+squad_v2+hellaswag+winogrande,8,cola,0.6385293380756464,0.8639036116323301
base,mnli+qnli+qqp+sst2+anli_r1+squad_v2+hellaswag+winogrande,8,cb,0.704742692677038,0.8956185430288315
base,mnli+qnli+qqp+sst2+anli_r1+squad_v2+hellaswag+winogrande,8,scitail,0.7271835984928268,0.8916054729904447
base,mnli+qnli+qqp+sst2+anli_r1+squad_v2+hellaswag+winogrande,8,stsb,0.5764929777277368,0.8484044149518013
base,mnli+qnli+qqp+sst2+anli_r1+squad_v2+hellaswag+winogrande,8,cr,0.7179774309375456,0.8923593168812138
base,mnli+qnli+qqp+sst2+anli_r1+squad_v2+hellaswag+winogrande,8,rotten_tomatoes,0.7312711304319757,0.8954046741127968
base,mnli+qnli+qqp+sst2+anli_r1+squad_v2+hellaswag+winogrande,8,multirc,0.6378334924312574,0.8622203716742141
base,mnli+qnli+qqp+sst2+anli_r1+squad_v2+hellaswag+winogrande,8,copa,0.6021195091307163,0.8539163188210556
base,mnli+qnli+qqp+sst2+anli_r1+squad_v2+hellaswag+winogrande,8,piqa,0.682732233378504,0.8769426383078098
base,mnli+qnli+qqp+sst2+anli_r1+squad_v2+winogrande,7,mrpc,0.6520451115710395,0.8702802556966033
base,mnli+qnli+qqp+sst2+anli_r1+squad_v2+winogrande,7,boolq,0.6247685586235353,0.8593627887644938
base,mnli+qnli+qqp+sst2+anli_r1+squad_v2+winogrande,7,rte,0.7118601740470955,0.8938424262617316
base,mnli+qnli+qqp+sst2+anli_r1+squad_v2+winogrande,7,cola,0.6361868535833699,0.8636372089385986
base,mnli+qnli+qqp+sst2+anli_r1+squad_v2+winogrande,7,cb,0.7020721172115633,0.8954107261129788
base,mnli+qnli+qqp+sst2+anli_r1+squad_v2+winogrande,7,scitail,0.7267536180359977,0.8917594355131898
base,mnli+qnli+qqp+sst2+anli_r1+squad_v2+winogrande,7,stsb,0.5737204515774336,0.8481789252587727
base,mnli+qnli+qqp+sst2+anli_r1+squad_v2+winogrande,7,cr,0.7162552116704839,0.8924633248576096
base,mnli+qnli+qqp+sst2+anli_r1+squad_v2+winogrande,7,rotten_tomatoes,0.7300766653248242,0.8955660350620747
base,mnli+qnli+qqp+sst2+anli_r1+squad_v2+winogrande,7,multirc,0.6362038323921817,0.8620386623910495
base,mnli+qnli+qqp+sst2+anli_r1+squad_v2+winogrande,7,copa,0.5956693347543478,0.8520162712250438
base,mnli+qnli+qqp+sst2+anli_r1+squad_v2+winogrande,7,piqa,0.6646949837782553,0.8712405804544687
base,mnli+qnli+qqp+sst2+anli_r1+winogrande,6,mrpc,0.6258469657706363,0.8702577597328595
base,mnli+qnli+qqp+sst2+anli_r1+winogrande,6,boolq,0.5981243325929556,0.8579982191856418
base,mnli+qnli+qqp+sst2+anli_r1+winogrande,6,rte,0.6887651229543346,0.8965540193021297
base,mnli+qnli+qqp+sst2+anli_r1+winogrande,6,cola,0.6056043526956013,0.8604001690234456
base,mnli+qnli+qqp+sst2+anli_r1+winogrande,6,cb,0.6769328481916871,0.8985451257654599
base,mnli+qnli+qqp+sst2+anli_r1+winogrande,6,scitail,0.7099046153681619,0.893609434100134
base,mnli+qnli+qqp+sst2+anli_r1+winogrande,6,stsb,0.5435555000523371,0.8470262531191111
base,mnli+qnli+qqp+sst2+anli_r1+winogrande,6,cr,0.690539829033826,0.8955375530890056
base,mnli+qnli+qqp+sst2+anli_r1+winogrande,6,rotten_tomatoes,0.7070294685129609,0.898272445159299
base,mnli+qnli+qqp+sst2+anli_r1+winogrande,6,multirc,0.6063178069889545,0.859825740701386
base,mnli+qnli+qqp+sst2+anli_r1+winogrande,6,copa,0.5561515708853092,0.8503596112132072
base,mnli+qnli+qqp+sst2+anli_r1+winogrande,6,piqa,0.6321588670169669,0.8721799147980553
base,mnli+qnli+qqp+sst2+hellaswag,5,mrpc,0.6221975149320704,0.8688226560396808
base,mnli+qnli+qqp+sst2+hellaswag,5,boolq,0.5977388867842299,0.8576089654650006
base,mnli+qnli+qqp+sst2+hellaswag,5,rte,0.6796658999685731,0.8930674860520023
base,mnli+qnli+qqp+sst2+hellaswag,5,cola,0.6048912924847433,0.8599481095692941
base,mnli+qnli+qqp+sst2+hellaswag,5,cb,0.644569117841976,0.8862819432147911
base,mnli+qnli+qqp+sst2+hellaswag,5,scitail,0.7016139001186404,0.8910505186234202
base,mnli+qnli+qqp+sst2+hellaswag,5,stsb,0.5458415199204215,0.8470937380833286
base,mnli+qnli+qqp+sst2+hellaswag,5,cr,0.6891930720635823,0.8949360437691212
base,mnli+qnli+qqp+sst2+hellaswag,5,rotten_tomatoes,0.708022851629981,0.8980456478893757
base,mnli+qnli+qqp+sst2+hellaswag,5,multirc,0.6078965914701777,0.8596136112298284
base,mnli+qnli+qqp+sst2+hellaswag,5,copa,0.5538635841304702,0.8490999261183398
base,mnli+qnli+qqp+sst2+hellaswag,5,piqa,0.6221762392669916,0.8690526953765324
base,mnli+qnli+qqp+sst2+hellaswag+winogrande,6,mrpc,0.6255848413067204,0.8689191240285125
base,mnli+qnli+qqp+sst2+hellaswag+winogrande,6,boolq,0.6024994582736066,0.8578642923384905
base,mnli+qnli+qqp+sst2+hellaswag+winogrande,6,rte,0.6817353939903634,0.8927753397396633
base,mnli+qnli+qqp+sst2+hellaswag+winogrande,6,cola,0.6078609510191849,0.8601446894130537
base,mnli+qnli+qqp+sst2+hellaswag+winogrande,6,cb,0.6475683099457196,0.8859626531068768
base,mnli+qnli+qqp+sst2+hellaswag+winogrande,6,scitail,0.7028251625597477,0.8907982792173114
base,mnli+qnli+qqp+sst2+hellaswag+winogrande,6,stsb,0.5492903242286827,0.8471885004213878
base,mnli+qnli+qqp+sst2+hellaswag+winogrande,6,cr,0.6924285548073905,0.8947761042841843
base,mnli+qnli+qqp+sst2+hellaswag+winogrande,6,rotten_tomatoes,0.7104812442724194,0.8978966655475753
base,mnli+qnli+qqp+sst2+hellaswag+winogrande,6,multirc,0.6110997895843217,0.8598499910107681
base,mnli+qnli+qqp+sst2+hellaswag+winogrande,6,copa,0.565961933894349,0.8524546075080123
base,mnli+qnli+qqp+sst2+hellaswag+winogrande,6,piqa,0.6581298625761909,0.8785616819347654
base,mnli+qnli+qqp+sst2+imdb,5,mrpc,0.6208120423502156,0.8696250527032784
base,mnli+qnli+qqp+sst2+imdb,5,boolq,0.594606242541756,0.8577650218669858
base,mnli+qnli+qqp+sst2+imdb,5,rte,0.6783537689064231,0.8939209702823844
base,mnli+qnli+qqp+sst2+imdb,5,cola,0.6031812640306141,0.8604470065661839
base,mnli+qnli+qqp+sst2+imdb,5,cb,0.6480938576694045,0.8881343528628349
base,mnli+qnli+qqp+sst2+imdb,5,scitail,0.7002808888043676,0.891352621040174
base,mnli+qnli+qqp+sst2+imdb,5,stsb,0.5403374685972396,0.846623854977744
base,mnli+qnli+qqp+sst2+imdb,5,cr,0.7178049215248653,0.9041189104318619
base,mnli+qnli+qqp+sst2+imdb,5,rotten_tomatoes,0.7380528064178569,0.9072098875684398
base,mnli+qnli+qqp+sst2+imdb,5,multirc,0.6032092761514443,0.859411781919854
base,mnli+qnli+qqp+sst2+imdb,5,copa,0.5477449298570198,0.8466244483632701
base,mnli+qnli+qqp+sst2+imdb,5,piqa,0.5783897152702723,0.8521734029054642
base,mnli+qnli+qqp+sst2+imdb+hellaswag,6,mrpc,0.6253880725375244,0.8697491942771843
base,mnli+qnli+qqp+sst2+imdb+hellaswag,6,boolq,0.5992482837422618,0.8579545630408185
base,mnli+qnli+qqp+sst2+imdb+hellaswag,6,rte,0.6830622780003718,0.8940051160752773
base,mnli+qnli+qqp+sst2+imdb+hellaswag,6,cola,0.6077467162561204,0.860921120803271
base,mnli+qnli+qqp+sst2+imdb+hellaswag,6,cb,0.6545042616448232,0.8884437882474491
base,mnli+qnli+qqp+sst2+imdb+hellaswag,6,scitail,0.7021607072757823,0.8911470754870346
base,mnli+qnli+qqp+sst2+imdb+hellaswag,6,stsb,0.5455833268351853,0.8471800551882812
base,mnli+qnli+qqp+sst2+imdb+hellaswag,6,cr,0.7197722110099026,0.9038384104413646
base,mnli+qnli+qqp+sst2+imdb+hellaswag,6,rotten_tomatoes,0.7394125999084541,0.9068717344530991
base,mnli+qnli+qqp+sst2+imdb+hellaswag,6,multirc,0.6076369628177157,0.8596865532121488
base,mnli+qnli+qqp+sst2+imdb+hellaswag,6,copa,0.5587191752025059,0.8501005547919444
base,mnli+qnli+qqp+sst2+imdb+hellaswag,6,piqa,0.6215687750040421,0.8689421402024371
base,mnli+qnli+qqp+sst2+imdb+hellaswag+winogrande,7,mrpc,0.6283857032124486,0.8697858165417399
base,mnli+qnli+qqp+sst2+imdb+hellaswag+winogrande,7,boolq,0.6036824401734131,0.8582524047898394
base,mnli+qnli+qqp+sst2+imdb+hellaswag+winogrande,7,rte,0.6846080217510462,0.8936914854816028
base,mnli+qnli+qqp+sst2+imdb+hellaswag+winogrande,7,cola,0.6104642472762082,0.8610035298126084
base,mnli+qnli+qqp+sst2+imdb+hellaswag+winogrande,7,cb,0.6570224173899207,0.8881176646266665
base,mnli+qnli+qqp+sst2+imdb+hellaswag+winogrande,7,scitail,0.7033914870449475,0.8909031075558492
base,mnli+qnli+qqp+sst2+imdb+hellaswag+winogrande,7,stsb,0.548940245261682,0.8472547999450138
base,mnli+qnli+qqp+sst2+imdb+hellaswag+winogrande,7,cr,0.7222897200179952,0.9036540543394429
base,mnli+qnli+qqp+sst2+imdb+hellaswag+winogrande,7,rotten_tomatoes,0.7411818006741149,0.9066692574747971
base,mnli+qnli+qqp+sst2+imdb+hellaswag+winogrande,7,multirc,0.6107668600577328,0.8599123409284013
base,mnli+qnli+qqp+sst2+imdb+hellaswag+winogrande,7,copa,0.5701241843136293,0.8532825593969652
base,mnli+qnli+qqp+sst2+imdb+hellaswag+winogrande,7,piqa,0.6575696961289006,0.8784700145146677
base,mnli+qnli+qqp+sst2+imdb+squad_v2,6,mrpc,0.6493966973253659,0.8696935895298209
base,mnli+qnli+qqp+sst2+imdb+squad_v2,6,boolq,0.6236454394779035,0.8591376577637025
base,mnli+qnli+qqp+sst2+imdb+squad_v2,6,rte,0.703353291111333,0.8911242064620767
base,mnli+qnli+qqp+sst2+imdb+squad_v2,6,cola,0.6357218088316066,0.8637407794594765
base,mnli+qnli+qqp+sst2+imdb+squad_v2,6,cb,0.6766823522214379,0.8850116772311074
base,mnli+qnli+qqp+sst2+imdb+squad_v2,6,scitail,0.719257894105145,0.8894033604966742
base,mnli+qnli+qqp+sst2+imdb+squad_v2,6,stsb,0.5721378152790878,0.847918848107968
base,mnli+qnli+qqp+sst2+imdb+squad_v2,6,cr,0.7394953338163239,0.9008733209754739
base,mnli+qnli+qqp+sst2+imdb+squad_v2,6,rotten_tomatoes,0.7564505152404308,0.9045335645122188
base,mnli+qnli+qqp+sst2+imdb+squad_v2,6,multirc,0.6353865470737219,0.8617136308125087
base,mnli+qnli+qqp+sst2+imdb+squad_v2,6,copa,0.5893890362765107,0.8497295502041068
base,mnli+qnli+qqp+sst2+imdb+squad_v2,6,piqa,0.6109342887066305,0.8544825554958412
base,mnli+qnli+qqp+sst2+imdb+squad_v2+hellaswag,7,mrpc,0.6516624071768352,0.8698672875761986
base,mnli+qnli+qqp+sst2+imdb+squad_v2+hellaswag,7,boolq,0.625920315073537,0.8592980416225535
base,mnli+qnli+qqp+sst2+imdb+squad_v2+hellaswag,7,rte,0.7062787187418768,0.8912228372480188
base,mnli+qnli+qqp+sst2+imdb+squad_v2+hellaswag,7,cola,0.6383289045521191,0.8639835771173239
base,mnli+qnli+qqp+sst2+imdb+squad_v2+hellaswag,7,cb,0.6802031222198691,0.885353582245963
base,mnli+qnli+qqp+sst2+imdb+squad_v2+hellaswag,7,scitail,0.7200732694140503,0.8892659552927528
base,mnli+qnli+qqp+sst2+imdb+squad_v2+hellaswag,7,stsb,0.5759459971450269,0.848263003464256
base,mnli+qnli+qqp+sst2+imdb+squad_v2+hellaswag,7,cr,0.740313958376646,0.9006719685026577
base,mnli+qnli+qqp+sst2+imdb+squad_v2+hellaswag,7,rotten_tomatoes,0.7569732972021613,0.9043006689420768
base,mnli+qnli+qqp+sst2+imdb+squad_v2+hellaswag,7,multirc,0.6376469965491977,0.8619238933814424
base,mnli+qnli+qqp+sst2+imdb+squad_v2+hellaswag,7,copa,0.5971610071137547,0.8522365234260049
base,mnli+qnli+qqp+sst2+imdb+squad_v2+hellaswag,7,piqa,0.6524732186725097,0.8678117354533502
base,mnli+qnli+qqp+sst2+imdb+squad_v2+hellaswag+winogrande,8,mrpc,0.6535835343280009,0.8699254031692233
base,mnli+qnli+qqp+sst2+imdb+squad_v2+hellaswag+winogrande,8,boolq,0.6284367623073714,0.8594170239354882
base,mnli+qnli+qqp+sst2+imdb+squad_v2+hellaswag+winogrande,8,rte,0.7069253634129252,0.8910025310303483
base,mnli+qnli+qqp+sst2+imdb+squad_v2+hellaswag+winogrande,8,cola,0.6398683364636132,0.8641088117978403
base,mnli+qnli+qqp+sst2+imdb+squad_v2+hellaswag+winogrande,8,cb,0.6819715031555721,0.885167445987463
base,mnli+qnli+qqp+sst2+imdb+squad_v2+hellaswag+winogrande,8,scitail,0.7202626924429621,0.8891336412302085
base,mnli+qnli+qqp+sst2+imdb+squad_v2+hellaswag+winogrande,8,stsb,0.5779677594213614,0.8482625854334661
base,mnli+qnli+qqp+sst2+imdb+squad_v2+hellaswag+winogrande,8,cr,0.7411142856414829,0.9005570076406002
base,mnli+qnli+qqp+sst2+imdb+squad_v2+hellaswag+winogrande,8,rotten_tomatoes,0.7573183532804251,0.9042027033865452
base,mnli+qnli+qqp+sst2+imdb+squad_v2+hellaswag+winogrande,8,multirc,0.6390856731949108,0.8620480160628047
base,mnli+qnli+qqp+sst2+imdb+squad_v2+hellaswag+winogrande,8,copa,0.6058837872530732,0.8543821775487491
base,mnli+qnli+qqp+sst2+imdb+squad_v2+hellaswag+winogrande,8,piqa,0.6840725723387939,0.8769109648253236
base,mnli+qnli+qqp+sst2+imdb+squad_v2+winogrande,7,mrpc,0.6512345003762415,0.869789897863354
base,mnli+qnli+qqp+sst2+imdb+squad_v2+winogrande,7,boolq,0.6262724749477846,0.8593387478696448
base,mnli+qnli+qqp+sst2+imdb+squad_v2+winogrande,7,rte,0.7045382367713111,0.8909009939857891
base,mnli+qnli+qqp+sst2+imdb+squad_v2+winogrande,7,cola,0.6374782758897969,0.8638729487678835
base,mnli+qnli+qqp+sst2+imdb+squad_v2+winogrande,7,cb,0.6775791458785534,0.8847969163741384
base,mnli+qnli+qqp+sst2+imdb+squad_v2+winogrande,7,scitail,0.7197462189942598,0.8892733303031751
base,mnli+qnli+qqp+sst2+imdb+squad_v2+winogrande,7,stsb,0.5747649704239198,0.848081612693412
base,mnli+qnli+qqp+sst2+imdb+squad_v2+winogrande,7,cr,0.7403151869241681,0.9007600599101612
base,mnli+qnli+qqp+sst2+imdb+squad_v2+winogrande,7,rotten_tomatoes,0.756997838350279,0.9044166446796486
base,mnli+qnli+qqp+sst2+imdb+squad_v2+winogrande,7,multirc,0.6371954201188471,0.861868306728346
base,mnli+qnli+qqp+sst2+imdb+squad_v2+winogrande,7,copa,0.5985176031078611,0.8524545532252107
base,mnli+qnli+qqp+sst2+imdb+squad_v2+winogrande,7,piqa,0.6655942739785782,0.8711881475257022
base,mnli+qnli+qqp+sst2+imdb+winogrande,6,mrpc,0.6253377497196198,0.8696870718683515
base,mnli+qnli+qqp+sst2+imdb+winogrande,6,boolq,0.6003130775477205,0.858126251026988
base,mnli+qnli+qqp+sst2+imdb+winogrande,6,rte,0.6815196203866175,0.893606921924012
base,mnli+qnli+qqp+sst2+imdb+winogrande,6,cola,0.6071721538901329,0.8606700990349054
base,mnli+qnli+qqp+sst2+imdb+winogrande,6,cb,0.6520017300333295,0.8877945191093853
base,mnli+qnli+qqp+sst2+imdb+winogrande,6,scitail,0.7021477004247052,0.8910894803702831
base,mnli+qnli+qqp+sst2+imdb+winogrande,6,stsb,0.545035146875307,0.846874908411077
base,mnli+qnli+qqp+sst2+imdb+winogrande,6,cr,0.719924204716725,0.9039000677210944
base,mnli+qnli+qqp+sst2+imdb+winogrande,6,rotten_tomatoes,0.7394445613026619,0.9069355848644461
base,mnli+qnli+qqp+sst2+imdb+winogrande,6,multirc,0.6075948607841772,0.8597326004611594
base,mnli+qnli+qqp+sst2+imdb+winogrande,6,copa,0.5611078975988286,0.8508497186537299
base,mnli+qnli+qqp+sst2+imdb+winogrande,6,piqa,0.6339314202778041,0.8721241911074945
base,mnli+qnli+qqp+sst2+paws,5,mrpc,0.6210209615528584,0.8693309431629521
base,mnli+qnli+qqp+sst2+paws,5,boolq,0.6464332842401096,0.8774261594350848
base,mnli+qnli+qqp+sst2+paws,5,rte,0.6766172594257763,0.8930521767054286
base,mnli+qnli+qqp+sst2+paws,5,cola,0.602773436278637,0.8600258768669197
base,mnli+qnli+qqp+sst2+paws,5,cb,0.6381522470286914,0.8852704183331558
base,mnli+qnli+qqp+sst2+paws,5,scitail,0.7006378418632916,0.8912690401609454
base,mnli+qnli+qqp+sst2+paws,5,stsb,0.5424800316270973,0.8469134398869106
base,mnli+qnli+qqp+sst2+paws,5,cr,0.6853963804564306,0.8946434764989785
base,mnli+qnli+qqp+sst2+paws,5,rotten_tomatoes,0.7053657347070319,0.8978117124310562
base,mnli+qnli+qqp+sst2+paws,5,multirc,0.644323876526739,0.8763701444757837
base,mnli+qnli+qqp+sst2+paws,5,copa,0.5451703573177967,0.8459912839212588
base,mnli+qnli+qqp+sst2+paws,5,piqa,0.5820773742826921,0.8528275122599942
base,mnli+qnli+qqp+sst2+paws+hellaswag,6,mrpc,0.6252060058925833,0.8694321066141129
base,mnli+qnli+qqp+sst2+paws+hellaswag,6,boolq,0.6495672037292805,0.8774233109184674
base,mnli+qnli+qqp+sst2+paws+hellaswag,6,rte,0.6814894708139556,0.8932441462363515
base,mnli+qnli+qqp+sst2+paws+hellaswag,6,cola,0.6069840057087796,0.8603564003216368
base,mnli+qnli+qqp+sst2+paws+hellaswag,6,cb,0.6453756916203669,0.8857136704027653
base,mnli+qnli+qqp+sst2+paws+hellaswag,6,scitail,0.7028334220605237,0.8910563513636589
base,mnli+qnli+qqp+sst2+paws+hellaswag,6,stsb,0.5477737860221948,0.8474538597677436
base,mnli+qnli+qqp+sst2+paws+hellaswag,6,cr,0.6883582535332867,0.8945816781904016
base,mnli+qnli+qqp+sst2+paws+hellaswag,6,rotten_tomatoes,0.7074810451428805,0.8976416800703321
base,mnli+qnli+qqp+sst2+paws+hellaswag,6,multirc,0.647806815803051,0.8765670438962323
base,mnli+qnli+qqp+sst2+paws+hellaswag,6,copa,0.5553202188041594,0.849255507811904
base,mnli+qnli+qqp+sst2+paws+hellaswag,6,piqa,0.6240250546751278,0.8692242428660393
base,mnli+qnli+qqp+sst2+paws+hellaswag+winogrande,7,mrpc,0.627804025475468,0.8694578622068677
base,mnli+qnli+qqp+sst2+paws+hellaswag+winogrande,7,boolq,0.6538268507325223,0.8773838326867137
base,mnli+qnli+qqp+sst2+paws+hellaswag+winogrande,7,rte,0.6830630730837584,0.8929021230765751
base,mnli+qnli+qqp+sst2+paws+hellaswag+winogrande,7,cola,0.6094671129914266,0.8604750867400851
base,mnli+qnli+qqp+sst2+paws+hellaswag+winogrande,7,cb,0.6479623229908091,0.8853984118572303
base,mnli+qnli+qqp+sst2+paws+hellaswag+winogrande,7,scitail,0.7039302635405745,0.8908208667167595
base,mnli+qnli+qqp+sst2+paws+hellaswag+winogrande,7,stsb,0.5508128169790975,0.8475408700427839
base,mnli+qnli+qqp+sst2+paws+hellaswag+winogrande,7,cr,0.6915143250620791,0.8943806178867817
base,mnli+qnli+qqp+sst2+paws+hellaswag+winogrande,7,rotten_tomatoes,0.7097818794261131,0.8975008316338062
base,mnli+qnli+qqp+sst2+paws+hellaswag+winogrande,7,multirc,0.6516059143468738,0.8765737885343177
base,mnli+qnli+qqp+sst2+paws+hellaswag+winogrande,7,copa,0.5669083828771753,0.8524490480444261
base,mnli+qnli+qqp+sst2+paws+hellaswag+winogrande,7,piqa,0.6601558154049728,0.8786175815122468
base,mnli+qnli+qqp+sst2+paws+imdb,6,mrpc,0.624033239803144,0.8702445434672492
base,mnli+qnli+qqp+sst2+paws+imdb,6,boolq,0.6465094545856118,0.8776323744761092
base,mnli+qnli+qqp+sst2+paws+imdb,6,rte,0.6800183052463191,0.8940201582653182
base,mnli+qnli+qqp+sst2+paws+imdb,6,cola,0.6055902953126601,0.8608268275856972
base,mnli+qnli+qqp+sst2+paws+imdb,6,cb,0.6482487842440605,0.8876188312258039
base,mnli+qnli+qqp+sst2+paws+imdb,6,scitail,0.701262965798378,0.8913793151399919
base,mnli+qnli+qqp+sst2+paws+imdb,6,stsb,0.5425021906516382,0.8469960572464126
base,mnli+qnli+qqp+sst2+paws+imdb,6,cr,0.7162305181846023,0.9036373543952193
base,mnli+qnli+qqp+sst2+paws+imdb,6,rotten_tomatoes,0.7368810019854989,0.9066380187869072
base,mnli+qnli+qqp+sst2+paws+imdb,6,multirc,0.6433940996815052,0.8764367369668824
base,mnli+qnli+qqp+sst2+paws+imdb,6,copa,0.5502153191981571,0.847141843555229
base,mnli+qnli+qqp+sst2+paws+imdb,6,piqa,0.5822119451394039,0.8528811008270297
base,mnli+qnli+qqp+sst2+paws+imdb+hellaswag,7,mrpc,0.6276106637503419,0.8703309733952794
base,mnli+qnli+qqp+sst2+paws+imdb+hellaswag,7,boolq,0.6494598589571459,0.8775911570659706
base,mnli+qnli+qqp+sst2+paws+imdb+hellaswag,7,rte,0.6836985964328051,0.8941327391990593
base,mnli+qnli+qqp+sst2+paws+imdb+hellaswag,7,cola,0.6094933448891554,0.8612054706151996
base,mnli+qnli+qqp+sst2+paws+imdb+hellaswag,7,cb,0.6537526742156062,0.8879221310572964
base,mnli+qnli+qqp+sst2+paws+imdb+hellaswag,7,scitail,0.7028692503060613,0.8911941796541214
base,mnli+qnli+qqp+sst2+paws+imdb+hellaswag,7,stsb,0.5472809732226389,0.847474992275238
base,mnli+qnli+qqp+sst2+paws+imdb+hellaswag,7,cr,0.7191151425774608,0.9033721392708165
base,mnli+qnli+qqp+sst2+paws+imdb+hellaswag,7,rotten_tomatoes,0.7390094277049813,0.9063874014786312
base,mnli+qnli+qqp+sst2+paws+imdb+hellaswag,7,multirc,0.6465972206954446,0.8765419615166528
base,mnli+qnli+qqp+sst2+paws+imdb+hellaswag,7,copa,0.5598675437005503,0.8501112397227969
base,mnli+qnli+qqp+sst2+paws+imdb+hellaswag,7,piqa,0.6232655952418489,0.8691034468689135
base,mnli+qnli+qqp+sst2+paws+imdb+hellaswag+winogrande,8,mrpc,0.6302745190582105,0.8702736220189503
base,mnli+qnli+qqp+sst2+paws+imdb+hellaswag+winogrande,8,boolq,0.6534242572795067,0.8775378952601126
base,mnli+qnli+qqp+sst2+paws+imdb+hellaswag+winogrande,8,rte,0.6855371264474732,0.8938204662076065
base,mnli+qnli+qqp+sst2+paws+imdb+hellaswag+winogrande,8,cola,0.6118247129821351,0.8613445027066129
base,mnli+qnli+qqp+sst2+paws+imdb+hellaswag+winogrande,8,cb,0.6561126735593591,0.8875872631158147
base,mnli+qnli+qqp+sst2+paws+imdb+hellaswag+winogrande,8,scitail,0.704006236578737,0.890946177765727
base,mnli+qnli+qqp+sst2+paws+imdb+hellaswag+winogrande,8,stsb,0.5503361018241516,0.8475629756493228
base,mnli+qnli+qqp+sst2+paws+imdb+hellaswag+winogrande,8,cr,0.7245957614587886,0.9031762172068868
base,mnli+qnli+qqp+sst2+paws+imdb+hellaswag+winogrande,8,rotten_tomatoes,0.7441530499075141,0.9062123064483915
base,mnli+qnli+qqp+sst2+paws+imdb+hellaswag+winogrande,8,multirc,0.6502695961722306,0.8765350455152137
base,mnli+qnli+qqp+sst2+paws+imdb+hellaswag+winogrande,8,copa,0.5706944629283888,0.8530922396374601
base,mnli+qnli+qqp+sst2+paws+imdb+hellaswag+winogrande,8,piqa,0.6585855052274253,0.8785240410694054
base,mnli+qnli+qqp+sst2+paws+imdb+squad_v2,7,mrpc,0.65105457550713,0.8702409746391433
base,mnli+qnli+qqp+sst2+paws+imdb+squad_v2,7,boolq,0.6763088272086212,0.8761136531829834
base,mnli+qnli+qqp+sst2+paws+imdb+squad_v2,7,rte,0.7042540463485888,0.8913439161011151
base,mnli+qnli+qqp+sst2+paws+imdb+squad_v2,7,cola,0.6367023310491017,0.8639850621776921
base,mnli+qnli+qqp+sst2+paws+imdb+squad_v2,7,cb,0.6761807541229895,0.8846553840807506
base,mnli+qnli+qqp+sst2+paws+imdb+squad_v2,7,scitail,0.71935781996165,0.8895275725850037
base,mnli+qnli+qqp+sst2+paws+imdb+squad_v2,7,stsb,0.573009920705642,0.8482308169560773
base,mnli+qnli+qqp+sst2+paws+imdb+squad_v2,7,cr,0.737792758005006,0.9004594529313701
base,mnli+qnli+qqp+sst2+paws+imdb+squad_v2,7,rotten_tomatoes,0.7550275841993945,0.904109604124512
base,mnli+qnli+qqp+sst2+paws+imdb+squad_v2,7,multirc,0.6785613802660789,0.8767016176134348
base,mnli+qnli+qqp+sst2+paws+imdb+squad_v2,7,copa,0.5906618401142103,0.8499863927385637
base,mnli+qnli+qqp+sst2+paws+imdb+squad_v2,7,piqa,0.6128234796758208,0.8549622749643666
base,mnli+qnli+qqp+sst2+paws+imdb+squad_v2+hellaswag,8,mrpc,0.6531894797725337,0.8704549143356937
base,mnli+qnli+qqp+sst2+paws+imdb+squad_v2+hellaswag,8,boolq,0.6777638785008874,0.8761310266064746
base,mnli+qnli+qqp+sst2+paws+imdb+squad_v2+hellaswag,8,rte,0.7065244644348111,0.8914615666227681
base,mnli+qnli+qqp+sst2+paws+imdb+squad_v2+hellaswag,8,cola,0.6389690515186105,0.8642221971281937
base,mnli+qnli+qqp+sst2+paws+imdb+squad_v2+hellaswag,8,cb,0.6797013463718551,0.884933336504868
base,mnli+qnli+qqp+sst2+paws+imdb+squad_v2+hellaswag,8,scitail,0.7200448749853032,0.8893808983266354
base,mnli+qnli+qqp+sst2+paws+imdb+squad_v2+hellaswag,8,stsb,0.5766867884168667,0.8485515615237611
base,mnli+qnli+qqp+sst2+paws+imdb+squad_v2+hellaswag,8,cr,0.7387267779558897,0.9002803234117371
base,mnli+qnli+qqp+sst2+paws+imdb+squad_v2+hellaswag,8,rotten_tomatoes,0.7555591724812984,0.9039239149008479
base,mnli+qnli+qqp+sst2+paws+imdb+squad_v2+hellaswag,8,multirc,0.6800663678773812,0.8767673056572676
base,mnli+qnli+qqp+sst2+paws+imdb+squad_v2+hellaswag,8,copa,0.5978259263294083,0.8521837916757379
base,mnli+qnli+qqp+sst2+paws+imdb+squad_v2+hellaswag,8,piqa,0.6529758402279445,0.8680673723242113
base,mnli+qnli+qqp+sst2+paws+imdb+squad_v2+hellaswag+winogrande,9,mrpc,0.6542404693152223,0.8704946269946439
base,mnli+qnli+qqp+sst2+paws+imdb+squad_v2+hellaswag+winogrande,9,boolq,0.6797234168542283,0.8761558796146086
base,mnli+qnli+qqp+sst2+paws+imdb+squad_v2+hellaswag+winogrande,9,rte,0.706674428124513,0.8912431459341731
base,mnli+qnli+qqp+sst2+paws+imdb+squad_v2+hellaswag+winogrande,9,cola,0.6405692524941904,0.8643581646361521
base,mnli+qnli+qqp+sst2+paws+imdb+squad_v2+hellaswag+winogrande,9,cb,0.680212684773973,0.8848141304084233
base,mnli+qnli+qqp+sst2+paws+imdb+squad_v2+hellaswag+winogrande,9,scitail,0.720037581132991,0.8892345793013062
base,mnli+qnli+qqp+sst2+paws+imdb+squad_v2+hellaswag+winogrande,9,stsb,0.5779446823788541,0.8485375171793359
base,mnli+qnli+qqp+sst2+paws+imdb+squad_v2+hellaswag+winogrande,9,cr,0.7392901812813112,0.9001908568399293
base,mnli+qnli+qqp+sst2+paws+imdb+squad_v2+hellaswag+winogrande,9,rotten_tomatoes,0.7557470857032708,0.9038243320371423
base,mnli+qnli+qqp+sst2+paws+imdb+squad_v2+hellaswag+winogrande,9,multirc,0.6818201869193997,0.8768059456987041
base,mnli+qnli+qqp+sst2+paws+imdb+squad_v2+hellaswag+winogrande,9,copa,0.605187571341438,0.8543102789138045
base,mnli+qnli+qqp+sst2+paws+imdb+squad_v2+hellaswag+winogrande,9,piqa,0.6835112760641745,0.8770684730261564
base,mnli+qnli+qqp+sst2+paws+imdb+squad_v2+winogrande,8,mrpc,0.6525906332369361,0.8703651795429843
base,mnli+qnli+qqp+sst2+paws+imdb+squad_v2+winogrande,8,boolq,0.6776934838188546,0.8761909207595246
base,mnli+qnli+qqp+sst2+paws+imdb+squad_v2+winogrande,8,rte,0.704919358715415,0.8911364291395459
base,mnli+qnli+qqp+sst2+paws+imdb+squad_v2+winogrande,8,cola,0.6382112142496875,0.8641488166259867
base,mnli+qnli+qqp+sst2+paws+imdb+squad_v2+winogrande,8,cb,0.6772684742297445,0.8844741508364677
base,mnli+qnli+qqp+sst2+paws+imdb+squad_v2+winogrande,8,scitail,0.7197147086262703,0.8893948950405631
base,mnli+qnli+qqp+sst2+paws+imdb+squad_v2+winogrande,8,stsb,0.5754974927487118,0.8484158686229161
base,mnli+qnli+qqp+sst2+paws+imdb+squad_v2+winogrande,8,cr,0.7387611190123218,0.9003601574472019
base,mnli+qnli+qqp+sst2+paws+imdb+squad_v2+winogrande,8,rotten_tomatoes,0.7555553170719317,0.9040186458400318
base,mnli+qnli+qqp+sst2+paws+imdb+squad_v2+winogrande,8,multirc,0.6795341823516148,0.8767632264643908
base,mnli+qnli+qqp+sst2+paws+imdb+squad_v2+winogrande,8,copa,0.5995201525677528,0.8526376837066242
base,mnli+qnli+qqp+sst2+paws+imdb+squad_v2+winogrande,8,piqa,0.6662839875955667,0.8714381131742682
base,mnli+qnli+qqp+sst2+paws+imdb+winogrande,7,mrpc,0.6275450475513935,0.8702864114727292
base,mnli+qnli+qqp+sst2+paws+imdb+winogrande,7,boolq,0.6498689159218755,0.8775984785918679
base,mnli+qnli+qqp+sst2+paws+imdb+winogrande,7,rte,0.6824965112443481,0.8937114966767175
base,mnli+qnli+qqp+sst2+paws+imdb+winogrande,7,cola,0.6088989513394024,0.8609775424535785
base,mnli+qnli+qqp+sst2+paws+imdb+winogrande,7,cb,0.6514826534049851,0.8873295273099627
base,mnli+qnli+qqp+sst2+paws+imdb+winogrande,7,scitail,0.7028591276279518,0.8911543674767017
base,mnli+qnli+qqp+sst2+paws+imdb+winogrande,7,stsb,0.5466528558172286,0.847250624958958
base,mnli+qnli+qqp+sst2+paws+imdb+winogrande,7,cr,0.7192938177447233,0.9034695715776512
base,mnli+qnli+qqp+sst2+paws+imdb+winogrande,7,rotten_tomatoes,0.7391311135143042,0.9064376540482044
base,mnli+qnli+qqp+sst2+paws+imdb+winogrande,7,multirc,0.6464175573949303,0.8765106427350214
base,mnli+qnli+qqp+sst2+paws+imdb+winogrande,7,copa,0.5621168464422226,0.8510714128081288
base,mnli+qnli+qqp+sst2+paws+imdb+winogrande,7,piqa,0.6358332576762352,0.872279886954597
base,mnli+qnli+qqp+sst2+paws+squad_v2,6,mrpc,0.6488711120826858,0.8693652083831174
base,mnli+qnli+qqp+sst2+paws+squad_v2,6,boolq,0.6768727616540023,0.875927517988852
base,mnli+qnli+qqp+sst2+paws+squad_v2,6,rte,0.7019049312387194,0.890276345291308
base,mnli+qnli+qqp+sst2+paws+squad_v2,6,cola,0.6359990859138114,0.8632119886044946
base,mnli+qnli+qqp+sst2+paws+squad_v2,6,cb,0.6687738639967782,0.8823283415819917
base,mnli+qnli+qqp+sst2+paws+squad_v2,6,scitail,0.7194979190826416,0.8893969971686602
base,mnli+qnli+qqp+sst2+paws+squad_v2,6,stsb,0.5738712599101875,0.8482798393815756
base,mnli+qnli+qqp+sst2+paws+squad_v2,6,cr,0.7134457390223231,0.8914431418691363
base,mnli+qnli+qqp+sst2+paws+squad_v2,6,rotten_tomatoes,0.7297643143683672,0.8950554111174175
base,mnli+qnli+qqp+sst2+paws+squad_v2,6,multirc,0.6802317731614623,0.8767399782580989
base,mnli+qnli+qqp+sst2+paws+squad_v2,6,copa,0.5882554933694857,0.8492399701582534
base,mnli+qnli+qqp+sst2+paws+squad_v2,6,piqa,0.6133636273443699,0.8548741926039968
base,mnli+qnli+qqp+sst2+paws+squad_v2+hellaswag,7,mrpc,0.651437060641391,0.8695781332041536
base,mnli+qnli+qqp+sst2+paws+squad_v2+hellaswag,7,boolq,0.6780984728996243,0.8759581784584692
base,mnli+qnli+qqp+sst2+paws+squad_v2+hellaswag,7,rte,0.7044694011232683,0.8904766216874123
base,mnli+qnli+qqp+sst2+paws+squad_v2+hellaswag,7,cola,0.6382423092478088,0.863417672259467
base,mnli+qnli+qqp+sst2+paws+squad_v2+hellaswag,7,cb,0.6731495729514531,0.8827525191009045
base,mnli+qnli+qqp+sst2+paws+squad_v2+hellaswag,7,scitail,0.720315955845373,0.8892751894891262
base,mnli+qnli+qqp+sst2+paws+squad_v2+hellaswag,7,stsb,0.577755573538265,0.8485297858715057
base,mnli+qnli+qqp+sst2+paws+squad_v2+hellaswag,7,cr,0.7146119222577129,0.8913937604853085
base,mnli+qnli+qqp+sst2+paws+squad_v2+hellaswag,7,rotten_tomatoes,0.7302714426602636,0.8949043734797409
base,mnli+qnli+qqp+sst2+paws+squad_v2+hellaswag,7,multirc,0.681446250262005,0.8768414490457092
base,mnli+qnli+qqp+sst2+paws+squad_v2+hellaswag,7,copa,0.5961246418633631,0.8513366037181446
base,mnli+qnli+qqp+sst2+paws+squad_v2+hellaswag,7,piqa,0.6545904873471174,0.8681026170296329
base,mnli+qnli+qqp+sst2+paws+squad_v2+hellaswag+winogrande,8,mrpc,0.6527061741799116,0.8696192550872054
base,mnli+qnli+qqp+sst2+paws+squad_v2+hellaswag+winogrande,8,boolq,0.6802610076431718,0.876010018533894
base,mnli+qnli+qqp+sst2+paws+squad_v2+hellaswag+winogrande,8,rte,0.7047000375709364,0.8902759248656886
base,mnli+qnli+qqp+sst2+paws+squad_v2+hellaswag+winogrande,8,cola,0.6395155321806669,0.8635577200246709
base,mnli+qnli+qqp+sst2+paws+squad_v2+hellaswag+winogrande,8,cb,0.6741887488003288,0.8826240827994687
base,mnli+qnli+qqp+sst2+paws+squad_v2+hellaswag+winogrande,8,scitail,0.7203537015510457,0.8890911505690643
base,mnli+qnli+qqp+sst2+paws+squad_v2+hellaswag+winogrande,8,stsb,0.5791944677143225,0.8485691914600986
base,mnli+qnli+qqp+sst2+paws+squad_v2+hellaswag+winogrande,8,cr,0.716316115909389,0.8913593185799462
base,mnli+qnli+qqp+sst2+paws+squad_v2+hellaswag+winogrande,8,rotten_tomatoes,0.7314106931111642,0.8948899613959449
base,mnli+qnli+qqp+sst2+paws+squad_v2+hellaswag+winogrande,8,multirc,0.683334832744939,0.8768620807677507
base,mnli+qnli+qqp+sst2+paws+squad_v2+hellaswag+winogrande,8,copa,0.603770751373044,0.8536500393279961
base,mnli+qnli+qqp+sst2+paws+squad_v2+hellaswag+winogrande,8,piqa,0.6849251785980803,0.8770996542381388
base,mnli+qnli+qqp+sst2+paws+squad_v2+winogrande,7,mrpc,0.6508917276348386,0.8694787541670459
base,mnli+qnli+qqp+sst2+paws+squad_v2+winogrande,7,boolq,0.6794202721544674,0.8760420632149492
base,mnli+qnli+qqp+sst2+paws+squad_v2+winogrande,7,rte,0.7028953595353025,0.8900861000376088
base,mnli+qnli+qqp+sst2+paws+squad_v2+winogrande,7,cola,0.6378846759242671,0.8633544745721987
base,mnli+qnli+qqp+sst2+paws+squad_v2+winogrande,7,cb,0.6707474653209958,0.8821980910641807
base,mnli+qnli+qqp+sst2+paws+squad_v2+winogrande,7,scitail,0.7200261875987053,0.8892234188637563
base,mnli+qnli+qqp+sst2+paws+squad_v2+winogrande,7,stsb,0.5767031595376986,0.8484006287263972
base,mnli+qnli+qqp+sst2+paws+squad_v2+winogrande,7,cr,0.7154486304415124,0.8914213340197291
base,mnli+qnli+qqp+sst2+paws+squad_v2+winogrande,7,rotten_tomatoes,0.7310677208006382,0.895036405218499
base,mnli+qnli+qqp+sst2+paws+squad_v2+winogrande,7,multirc,0.6824457395289626,0.8767983189650944
base,mnli+qnli+qqp+sst2+paws+squad_v2+winogrande,7,copa,0.5979651933802026,0.851878434419632
base,mnli+qnli+qqp+sst2+paws+squad_v2+winogrande,7,piqa,0.6673965315733638,0.8714331564094339
base,mnli+qnli+qqp+sst2+paws+winogrande,6,mrpc,0.6249186010765178,0.8693442035998616
base,mnli+qnli+qqp+sst2+paws+winogrande,6,boolq,0.649959536003215,0.8774482025099652
base,mnli+qnli+qqp+sst2+paws+winogrande,6,rte,0.6797780407858747,0.892730105136122
base,mnli+qnli+qqp+sst2+paws+winogrande,6,cola,0.6063958482284632,0.8602045351373298
base,mnli+qnli+qqp+sst2+paws+winogrande,6,cb,0.6427328842026847,0.884990713426045
base,mnli+qnli+qqp+sst2+paws+winogrande,6,scitail,0.702810052516205,0.8910165200276035
base,mnli+qnli+qqp+sst2+paws+winogrande,6,stsb,0.5471126409247518,0.8472065624913999
base,mnli+qnli+qqp+sst2+paws+winogrande,6,cr,0.6896106160378882,0.8945212816553456
base,mnli+qnli+qqp+sst2+paws+winogrande,6,rotten_tomatoes,0.708681087408747,0.8976458816656044
base,mnli+qnli+qqp+sst2+paws+winogrande,6,multirc,0.6475764675331968,0.8764245653791087
base,mnli+qnli+qqp+sst2+paws+winogrande,6,copa,0.557975245905774,0.850124222359487
base,mnli+qnli+qqp+sst2+paws+winogrande,6,piqa,0.6365615371614695,0.8723342094038214
base,mnli+qnli+qqp+sst2+record,5,mrpc,0.6428327469953469,0.8679181491690022
base,mnli+qnli+qqp+sst2+record,5,boolq,0.6190894569403359,0.8584771991840431
base,mnli+qnli+qqp+sst2+record,5,rte,0.6977513735847813,0.8902519675237792
base,mnli+qnli+qqp+sst2+record,5,cola,0.6246516024693847,0.8599634955504111
base,mnli+qnli+qqp+sst2+record,5,cb,0.664468797722033,0.8828949044857707
base,mnli+qnli+qqp+sst2+record,5,scitail,0.7165674066969326,0.8891954278307301
base,mnli+qnli+qqp+sst2+record,5,stsb,0.5678966688657445,0.8470850440540484
base,mnli+qnli+qqp+sst2+record,5,cr,0.7090895545801946,0.8919854430215699
base,mnli+qnli+qqp+sst2+record,5,rotten_tomatoes,0.7271589580923319,0.8956335107130664
base,mnli+qnli+qqp+sst2+record,5,multirc,0.6282573398867888,0.8600785732269287
base,mnli+qnli+qqp+sst2+record,5,copa,0.5773011835158935,0.847236602167998
base,mnli+qnli+qqp+sst2+record,5,piqa,0.6080664148155067,0.8535706344991922
base,mnli+qnli+qqp+sst2+record+anli_r1,6,mrpc,0.6457083829279456,0.8694547957607678
base,mnli+qnli+qqp+sst2+record+anli_r1,6,boolq,0.6176400925698025,0.8587364139301437
base,mnli+qnli+qqp+sst2+record+anli_r1,6,rte,0.7072983235120773,0.8942879390503679
base,mnli+qnli+qqp+sst2+record+anli_r1,6,cola,0.6248712664736169,0.8606650368975741
base,mnli+qnli+qqp+sst2+record+anli_r1,6,cb,0.6970663876937968,0.8959999552794865
base,mnli+qnli+qqp+sst2+record+anli_r1,6,scitail,0.7238754630088806,0.8919002073151725
base,mnli+qnli+qqp+sst2+record+anli_r1,6,stsb,0.5655655819656593,0.8472451051431042
base,mnli+qnli+qqp+sst2+record+anli_r1,6,cr,0.7100242551948343,0.8927434379501002
base,mnli+qnli+qqp+sst2+record+anli_r1,6,rotten_tomatoes,0.7261609264782497,0.8958575933107308
base,mnli+qnli+qqp+sst2+record+anli_r1,6,multirc,0.6264506432094744,0.8602962475270033
base,mnli+qnli+qqp+sst2+record+anli_r1,6,copa,0.5765419803958919,0.8477499061929328
base,mnli+qnli+qqp+sst2+record+anli_r1,6,piqa,0.605748434284968,0.8536143686090197
base,mnli+qnli+qqp+sst2+record+anli_r1+hellaswag,7,mrpc,0.6479149386286736,0.86963987244027
base,mnli+qnli+qqp+sst2+record+anli_r1+hellaswag,7,boolq,0.6202139723380762,0.8589262658996242
base,mnli+qnli+qqp+sst2+record+anli_r1+hellaswag,7,rte,0.7094173641609294,0.8943342795329434
base,mnli+qnli+qqp+sst2+record+anli_r1+hellaswag,7,cola,0.6274778657326741,0.8609680411006723
base,mnli+qnli+qqp+sst2+record+anli_r1+hellaswag,7,cb,0.7001582413379636,0.8961819612554142
base,mnli+qnli+qqp+sst2+record+anli_r1+hellaswag,7,scitail,0.7247230072638818,0.8917708372963327
base,mnli+qnli+qqp+sst2+record+anli_r1+hellaswag,7,stsb,0.5696167663138892,0.8476878037410123
base,mnli+qnli+qqp+sst2+record+anli_r1+hellaswag,7,cr,0.7116463165730238,0.8926716265933854
base,mnli+qnli+qqp+sst2+record+anli_r1+hellaswag,7,rotten_tomatoes,0.7270772369312388,0.8957071618310043
base,mnli+qnli+qqp+sst2+record+anli_r1+hellaswag,7,multirc,0.6288538938388228,0.8605576546064445
base,mnli+qnli+qqp+sst2+record+anli_r1+hellaswag,7,copa,0.5847340642607638,0.8503525089472532
base,mnli+qnli+qqp+sst2+record+anli_r1+hellaswag,7,piqa,0.6456906187481114,0.867722900318248
base,mnli+qnli+qqp+sst2+record+anli_r1+hellaswag+winogrande,8,mrpc,0.6493203046598605,0.8696948162146977
base,mnli+qnli+qqp+sst2+record+anli_r1+hellaswag+winogrande,8,boolq,0.6223223815406007,0.8590243990932193
base,mnli+qnli+qqp+sst2+record+anli_r1+hellaswag+winogrande,8,rte,0.710303159430623,0.8941944832248347
base,mnli+qnli+qqp+sst2+record+anli_r1+hellaswag+winogrande,8,cola,0.6286162276353154,0.8611141892948321
base,mnli+qnli+qqp+sst2+record+anli_r1+hellaswag+winogrande,8,cb,0.7002449716840472,0.8959433606692723
base,mnli+qnli+qqp+sst2+record+anli_r1+hellaswag+winogrande,8,scitail,0.724822960793972,0.891606774979404
base,mnli+qnli+qqp+sst2+record+anli_r1+hellaswag+winogrande,8,stsb,0.571396803416844,0.8477897604129144
base,mnli+qnli+qqp+sst2+record+anli_r1+hellaswag+winogrande,8,cr,0.7133028443370547,0.8926339335739613
base,mnli+qnli+qqp+sst2+record+anli_r1+hellaswag+winogrande,8,rotten_tomatoes,0.7283747488898891,0.8956524719085012
base,mnli+qnli+qqp+sst2+record+anli_r1+hellaswag+winogrande,8,multirc,0.6302546208192196,0.8607306594827345
base,mnli+qnli+qqp+sst2+record+anli_r1+hellaswag+winogrande,8,copa,0.5936131885807429,0.8528919909149408
base,mnli+qnli+qqp+sst2+record+anli_r1+hellaswag+winogrande,8,piqa,0.6795956771820784,0.8769750124109643
base,mnli+qnli+qqp+sst2+record+anli_r1+imdb,7,mrpc,0.6472853392894778,0.8702661144946303
base,mnli+qnli+qqp+sst2+record+anli_r1+imdb,7,boolq,0.6178128579631448,0.8589232002518007
base,mnli+qnli+qqp+sst2+record+anli_r1+imdb,7,rte,0.7083341207887445,0.8950214226331029
base,mnli+qnli+qqp+sst2+record+anli_r1+imdb,7,cola,0.6262627887938704,0.8614249029862029
base,mnli+qnli+qqp+sst2+record+anli_r1+imdb,7,cb,0.7018607623342957,0.8975672769759383
base,mnli+qnli+qqp+sst2+record+anli_r1+imdb,7,scitail,0.7233938952641827,0.8919736849410194
base,mnli+qnli+qqp+sst2+record+anli_r1+imdb,7,stsb,0.5646321488810437,0.8472719474562577
base,mnli+qnli+qqp+sst2+record+anli_r1+imdb,7,cr,0.734699920085924,0.9014177907790456
base,mnli+qnli+qqp+sst2+record+anli_r1+imdb,7,rotten_tomatoes,0.7520492827253682,0.9047854372433254
base,mnli+qnli+qqp+sst2+record+anli_r1+imdb,7,multirc,0.6254590592080993,0.8603444336248296
base,mnli+qnli+qqp+sst2+record+anli_r1+imdb,7,copa,0.5794047809738133,0.8485342578164169
base,mnli+qnli+qqp+sst2+record+anli_r1+imdb,7,piqa,0.6048999766020903,0.8536562331553016
base,mnli+qnli+qqp+sst2+record+anli_r1+imdb+hellaswag,8,mrpc,0.6494071358548743,0.8703754560223648
base,mnli+qnli+qqp+sst2+record+anli_r1+imdb+hellaswag,8,boolq,0.6203449901991657,0.8591021828885589
base,mnli+qnli+qqp+sst2+record+anli_r1+imdb+hellaswag,8,rte,0.7105772596384797,0.8950123419719083
base,mnli+qnli+qqp+sst2+record+anli_r1+imdb+hellaswag,8,cola,0.628791408480278,0.8616610462112086
base,mnli+qnli+qqp+sst2+record+anli_r1+imdb+hellaswag,8,cb,0.704943352511951,0.8976534833865506
base,mnli+qnli+qqp+sst2+record+anli_r1+imdb+hellaswag,8,scitail,0.7241613231599331,0.8918146065303257
base,mnli+qnli+qqp+sst2+record+anli_r1+imdb+hellaswag,8,stsb,0.5684785739119563,0.8477280948843274
base,mnli+qnli+qqp+sst2+record+anli_r1+imdb+hellaswag,8,cr,0.7357580534049443,0.9012077786028385
base,mnli+qnli+qqp+sst2+record+anli_r1+imdb+hellaswag,8,rotten_tomatoes,0.7525839802942106,0.9045557752251625
base,mnli+qnli+qqp+sst2+record+anli_r1+imdb+hellaswag,8,multirc,0.6279230530905936,0.8605557257043464
base,mnli+qnli+qqp+sst2+record+anli_r1+imdb+hellaswag,8,copa,0.5872336606095944,0.8511056993156672
base,mnli+qnli+qqp+sst2+record+anli_r1+imdb+hellaswag,8,piqa,0.6438550796093685,0.8676848619111946
base,mnli+qnli+qqp+sst2+record+anli_r1+imdb+hellaswag+winogrande,9,mrpc,0.6504199060478381,0.8704610584037644
base,mnli+qnli+qqp+sst2+record+anli_r1+imdb+hellaswag+winogrande,9,boolq,0.6221960732447249,0.8592915223645312
base,mnli+qnli+qqp+sst2+record+anli_r1+imdb+hellaswag+winogrande,9,rte,0.7106472708817039,0.8948537074029446
base,mnli+qnli+qqp+sst2+record+anli_r1+imdb+hellaswag+winogrande,9,cola,0.6297221527035747,0.8617757542857102
base,mnli+qnli+qqp+sst2+record+anli_r1+imdb+hellaswag+winogrande,9,cb,0.7048307252781731,0.8974215111562184
base,mnli+qnli+qqp+sst2+record+anli_r1+imdb+hellaswag+winogrande,9,scitail,0.7242940299745116,0.8916671451713357
base,mnli+qnli+qqp+sst2+record+anli_r1+imdb+hellaswag+winogrande,9,stsb,0.5701133918815425,0.8478127866983414
base,mnli+qnli+qqp+sst2+record+anli_r1+imdb+hellaswag+winogrande,9,cr,0.7379773131438664,0.9011194407939911
base,mnli+qnli+qqp+sst2+record+anli_r1+imdb+hellaswag+winogrande,9,rotten_tomatoes,0.7542676087468863,0.9044278141643319
base,mnli+qnli+qqp+sst2+record+anli_r1+imdb+hellaswag+winogrande,9,multirc,0.629273167611765,0.8607611882367304
base,mnli+qnli+qqp+sst2+record+anli_r1+imdb+hellaswag+winogrande,9,copa,0.5954087766419563,0.8536246070372207
base,mnli+qnli+qqp+sst2+record+anli_r1+imdb+hellaswag+winogrande,9,piqa,0.6783871118511472,0.8769512812473944
base,mnli+qnli+qqp+sst2+record+anli_r1+imdb+squad_v2,8,mrpc,0.6628625329051699,0.8703159333339759
base,mnli+qnli+qqp+sst2+record+anli_r1+imdb+squad_v2,8,boolq,0.6355430349441511,0.8594986192349877
base,mnli+qnli+qqp+sst2+record+anli_r1+imdb+squad_v2,8,rte,0.7203252797148058,0.8932683270956788
base,mnli+qnli+qqp+sst2+record+anli_r1+imdb+squad_v2,8,cola,0.6488546883421284,0.8637148027441331
base,mnli+qnli+qqp+sst2+record+anli_r1+imdb+squad_v2,8,cb,0.7149568301226411,0.8952503332069942
base,mnli+qnli+qqp+sst2+record+anli_r1+imdb+squad_v2,8,scitail,0.7318807382668767,0.8907653859683445
base,mnli+qnli+qqp+sst2+record+anli_r1+imdb+squad_v2,8,stsb,0.585659361910075,0.8478972800076008
base,mnli+qnli+qqp+sst2+record+anli_r1+imdb+squad_v2,8,cr,0.7432854968522277,0.899309332881655
base,mnli+qnli+qqp+sst2+record+anli_r1+imdb+squad_v2,8,rotten_tomatoes,0.7586498970964125,0.903000932186842
base,mnli+qnli+qqp+sst2+record+anli_r1+imdb+squad_v2,8,multirc,0.6455244715990764,0.8618075834321124
base,mnli+qnli+qqp+sst2+record+anli_r1+imdb+squad_v2,8,copa,0.6055874091440013,0.8502857432301555
base,mnli+qnli+qqp+sst2+record+anli_r1+imdb+squad_v2,8,piqa,0.6249839944232788,0.8547140822878906
base,mnli+qnli+qqp+sst2+record+anli_r1+imdb+squad_v2+hellaswag,9,mrpc,0.6641501323985202,0.870413210775171
base,mnli+qnli+qqp+sst2+record+anli_r1+imdb+squad_v2+hellaswag,9,boolq,0.6370045421645045,0.8596093899437359
base,mnli+qnli+qqp+sst2+record+anli_r1+imdb+squad_v2+hellaswag,9,rte,0.7216546240129641,0.8933069945446083
base,mnli+qnli+qqp+sst2+record+anli_r1+imdb+squad_v2+hellaswag,9,cola,0.6507171860763005,0.8639407748622554
base,mnli+qnli+qqp+sst2+record+anli_r1+imdb+squad_v2+hellaswag,9,cb,0.7168001082858869,0.8953757302037307
base,mnli+qnli+qqp+sst2+record+anli_r1+imdb+squad_v2+hellaswag,9,scitail,0.7323007628853831,0.8907040373555252
base,mnli+qnli+qqp+sst2+record+anli_r1+imdb+squad_v2+hellaswag,9,stsb,0.5887011337493148,0.8482174085719245
base,mnli+qnli+qqp+sst2+record+anli_r1+imdb+squad_v2+hellaswag,9,cr,0.7436763591000012,0.8991659012223993
base,mnli+qnli+qqp+sst2+record+anli_r1+imdb+squad_v2+hellaswag,9,rotten_tomatoes,0.7588253497545209,0.9028514016951833
base,mnli+qnli+qqp+sst2+record+anli_r1+imdb+squad_v2+hellaswag,9,multirc,0.6470952030005199,0.8620061685464212
base,mnli+qnli+qqp+sst2+record+anli_r1+imdb+squad_v2+hellaswag,9,copa,0.6116393602320126,0.852422710242016
base,mnli+qnli+qqp+sst2+record+anli_r1+imdb+squad_v2+hellaswag,9,piqa,0.6622655993061406,0.8670053380940642
base,mnli+qnli+qqp+sst2+record+anli_r1+imdb+squad_v2+hellaswag+winogrande,10,mrpc,0.6646601970174483,0.8704461620322296
base,mnli+qnli+qqp+sst2+record+anli_r1+imdb+squad_v2+hellaswag+winogrande,10,boolq,0.6382415548765233,0.8597360524748053
base,mnli+qnli+qqp+sst2+record+anli_r1+imdb+squad_v2+hellaswag+winogrande,10,rte,0.7212765703776053,0.8930965167071138
base,mnli+qnli+qqp+sst2+record+anli_r1+imdb+squad_v2+hellaswag+winogrande,10,cola,0.6511656013982636,0.8640494155032294
base,mnli+qnli+qqp+sst2+record+anli_r1+imdb+squad_v2+hellaswag+winogrande,10,cb,0.7164250343505826,0.8952406948166234
base,mnli+qnli+qqp+sst2+record+anli_r1+imdb+squad_v2+hellaswag+winogrande,10,scitail,0.7320027574896812,0.8905778511294297
base,mnli+qnli+qqp+sst2+record+anli_r1+imdb+squad_v2+hellaswag+winogrande,10,stsb,0.5896893069148064,0.8482868067388024
base,mnli+qnli+qqp+sst2+record+anli_r1+imdb+squad_v2+hellaswag+winogrande,10,cr,0.7439726136092629,0.8990814504878861
base,mnli+qnli+qqp+sst2+record+anli_r1+imdb+squad_v2+hellaswag+winogrande,10,rotten_tomatoes,0.7587349558515208,0.9027535606707845
base,mnli+qnli+qqp+sst2+record+anli_r1+imdb+squad_v2+hellaswag+winogrande,10,multirc,0.6477031035880957,0.8621355598526341
base,mnli+qnli+qqp+sst2+record+anli_r1+imdb+squad_v2+hellaswag+winogrande,10,copa,0.6176771436418805,0.8544981655265603
base,mnli+qnli+qqp+sst2+record+anli_r1+imdb+squad_v2+hellaswag+winogrande,10,piqa,0.6932561551885945,0.8760033196636609
base,mnli+qnli+qqp+sst2+record+anli_r1+imdb+squad_v2+winogrande,9,mrpc,0.6636861046510083,0.8703761702137334
base,mnli+qnli+qqp+sst2+record+anli_r1+imdb+squad_v2+winogrande,9,boolq,0.637393339270992,0.8596922529063055
base,mnli+qnli+qqp+sst2+record+anli_r1+imdb+squad_v2+winogrande,9,rte,0.7203270053224904,0.8930728850620133
base,mnli+qnli+qqp+sst2+record+anli_r1+imdb+squad_v2+winogrande,9,cola,0.6498925470347915,0.8638246317527124
base,mnli+qnli+qqp+sst2+record+anli_r1+imdb+squad_v2+winogrande,9,cb,0.7148934254156691,0.895118210464716
base,mnli+qnli+qqp+sst2+record+anli_r1+imdb+squad_v2+winogrande,9,scitail,0.7319238715405975,0.8906876540609768
base,mnli+qnli+qqp+sst2+record+anli_r1+imdb+squad_v2+winogrande,9,stsb,0.5874697740322777,0.8480052559503487
base,mnli+qnli+qqp+sst2+record+anli_r1+imdb+squad_v2+winogrande,9,cr,0.7438232749700546,0.8992517931120736
base,mnli+qnli+qqp+sst2+record+anli_r1+imdb+squad_v2+winogrande,9,rotten_tomatoes,0.7587767671793699,0.9028931254787105
base,mnli+qnli+qqp+sst2+record+anli_r1+imdb+squad_v2+winogrande,9,multirc,0.6467277411637562,0.8619792083544391
base,mnli+qnli+qqp+sst2+record+anli_r1+imdb+squad_v2+winogrande,9,copa,0.6128565740904638,0.8527883951153074
base,mnli+qnli+qqp+sst2+record+anli_r1+imdb+squad_v2+winogrande,9,piqa,0.6760570284511361,0.8706181743847472
base,mnli+qnli+qqp+sst2+record+anli_r1+imdb+winogrande,8,mrpc,0.6490263920277357,0.8703725013349738
base,mnli+qnli+qqp+sst2+record+anli_r1+imdb+winogrande,8,boolq,0.6207297906013471,0.8591869159468583
base,mnli+qnli+qqp+sst2+record+anli_r1+imdb+winogrande,8,rte,0.7092002478561231,0.8948200424867017
base,mnli+qnli+qqp+sst2+record+anli_r1+imdb+winogrande,8,cola,0.6279471742122301,0.8615401653306825
base,mnli+qnli+qqp+sst2+record+anli_r1+imdb+winogrande,8,cb,0.7026678829320839,0.8973145761660167
base,mnli+qnli+qqp+sst2+record+anli_r1+imdb+winogrande,8,scitail,0.7238255073981625,0.891858776233026
base,mnli+qnli+qqp+sst2+record+anli_r1+imdb+winogrande,8,stsb,0.5674964333884418,0.847474653539913
base,mnli+qnli+qqp+sst2+record+anli_r1+imdb+winogrande,8,cr,0.7374533651662725,0.901330190045493
base,mnli+qnli+qqp+sst2+record+anli_r1+imdb+winogrande,8,rotten_tomatoes,0.7541152502277068,0.9046269884066922
base,mnli+qnli+qqp+sst2+record+anli_r1+imdb+winogrande,8,multirc,0.6275259141278055,0.8605840815497297
base,mnli+qnli+qqp+sst2+record+anli_r1+imdb+winogrande,8,copa,0.5890010630578867,0.8516703130943435
base,mnli+qnli+qqp+sst2+record+anli_r1+imdb+winogrande,8,piqa,0.6595874851170395,0.8712103084794113
base,mnli+qnli+qqp+sst2+record+anli_r1+paws,7,mrpc,0.647055237953152,0.870077661637749
base,mnli+qnli+qqp+sst2+record+anli_r1+paws,7,boolq,0.6724341926830155,0.8763774641390357
base,mnli+qnli+qqp+sst2+record+anli_r1+paws,7,rte,0.707676297585879,0.8944065693233695
base,mnli+qnli+qqp+sst2+record+anli_r1+paws,7,cola,0.6255174279212952,0.8609461068574872
base,mnli+qnli+qqp+sst2+record+anli_r1+paws,7,cb,0.6950162082378354,0.895350663789681
base,mnli+qnli+qqp+sst2+record+anli_r1+paws,7,scitail,0.7240766880235502,0.8920520054442542
base,mnli+qnli+qqp+sst2+record+anli_r1+paws,7,stsb,0.5661926670665187,0.8476160035601684
base,mnli+qnli+qqp+sst2+record+anli_r1+paws,7,cr,0.7091888822615147,0.8923853151500225
base,mnli+qnli+qqp+sst2+record+anli_r1+paws,7,rotten_tomatoes,0.7256298597369876,0.8955799522144454
base,mnli+qnli+qqp+sst2+record+anli_r1+paws,7,multirc,0.6710846372214812,0.8759026104318244
base,mnli+qnli+qqp+sst2+record+anli_r1+paws,7,copa,0.5775294356447246,0.8480769504926035
base,mnli+qnli+qqp+sst2+record+anli_r1+paws,7,piqa,0.6073316875845194,0.8541366433990853
base,mnli+qnli+qqp+sst2+record+anli_r1+paws+hellaswag,8,mrpc,0.6490669921040535,0.870191424020699
base,mnli+qnli+qqp+sst2+record+anli_r1+paws+hellaswag,8,boolq,0.6739490513822862,0.876364477244871
base,mnli+qnli+qqp+sst2+record+anli_r1+paws+hellaswag,8,rte,0.709705517760345,0.8944617765290397
base,mnli+qnli+qqp+sst2+record+anli_r1+paws+hellaswag,8,cola,0.627896712826831,0.8612342718988657
base,mnli+qnli+qqp+sst2+record+anli_r1+paws+hellaswag,8,cb,0.6982731922928777,0.8955484224217278
base,mnli+qnli+qqp+sst2+record+anli_r1+paws+hellaswag,8,scitail,0.7247853148728609,0.8919260251734938
base,mnli+qnli+qqp+sst2+record+anli_r1+paws+hellaswag,8,stsb,0.5699677340952414,0.8479938102619988
base,mnli+qnli+qqp+sst2+record+anli_r1+paws+hellaswag,8,cr,0.7107261906244925,0.8923582865723542
base,mnli+qnli+qqp+sst2+record+anli_r1+paws+hellaswag,8,rotten_tomatoes,0.7264527939260006,0.8954283105475562
base,mnli+qnli+qqp+sst2+record+anli_r1+paws+hellaswag,8,multirc,0.6728035017315831,0.8759609282548938
base,mnli+qnli+qqp+sst2+record+anli_r1+paws+hellaswag,8,copa,0.5848891796278102,0.8504386437790734
base,mnli+qnli+qqp+sst2+record+anli_r1+paws+hellaswag,8,piqa,0.6458099115906017,0.8679279379014458
base,mnli+qnli+qqp+sst2+record+anli_r1+paws+hellaswag+winogrande,9,mrpc,0.6505378258547613,0.870146991951125
base,mnli+qnli+qqp+sst2+record+anli_r1+paws+hellaswag+winogrande,9,boolq,0.6754224132746458,0.876386996358633
base,mnli+qnli+qqp+sst2+record+anli_r1+paws+hellaswag+winogrande,9,rte,0.7100221410925899,0.8942897250609738
base,mnli+qnli+qqp+sst2+record+anli_r1+paws+hellaswag+winogrande,9,cola,0.6293196298980287,0.8612939108695302
base,mnli+qnli+qqp+sst2+record+anli_r1+paws+hellaswag+winogrande,9,cb,0.6992757990956306,0.895304990134069
base,mnli+qnli+qqp+sst2+record+anli_r1+paws+hellaswag+winogrande,9,scitail,0.724830054811069,0.8917367325297424
base,mnli+qnli+qqp+sst2+record+anli_r1+paws+hellaswag+winogrande,9,stsb,0.5720427845205579,0.8480734838438886
base,mnli+qnli+qqp+sst2+record+anli_r1+paws+hellaswag+winogrande,9,cr,0.7117796875536442,0.8923232129641941
base,mnli+qnli+qqp+sst2+record+anli_r1+paws+hellaswag+winogrande,9,rotten_tomatoes,0.7270162161439657,0.8953442546938147
base,mnli+qnli+qqp+sst2+record+anli_r1+paws+hellaswag+winogrande,9,multirc,0.6739132689046008,0.8759888442499297
base,mnli+qnli+qqp+sst2+record+anli_r1+paws+hellaswag+winogrande,9,copa,0.5941941843235067,0.8529611189982721
base,mnli+qnli+qqp+sst2+record+anli_r1+paws+hellaswag+winogrande,9,piqa,0.6802177684647697,0.8770937416702509
base,mnli+qnli+qqp+sst2+record+anli_r1+paws+imdb,8,mrpc,0.6483512712376458,0.8708154734756265
base,mnli+qnli+qqp+sst2+record+anli_r1+paws+imdb,8,boolq,0.6717272138755236,0.8764862431479352
base,mnli+qnli+qqp+sst2+record+anli_r1+paws+imdb,8,rte,0.7082655940737043,0.89512236309903
base,mnli+qnli+qqp+sst2+record+anli_r1+paws+imdb,8,cola,0.6268257492088846,0.8616669047623873
base,mnli+qnli+qqp+sst2+record+anli_r1+paws+imdb,8,cb,0.7001261162970748,0.896973981921162
base,mnli+qnli+qqp+sst2+record+anli_r1+paws+imdb,8,scitail,0.7234575245529413,0.8921267597803048
base,mnli+qnli+qqp+sst2+record+anli_r1+paws+imdb,8,stsb,0.5652876447753182,0.8476210667618683
base,mnli+qnli+qqp+sst2+record+anli_r1+paws+imdb,8,cr,0.7348438307110753,0.9010493920317718
base,mnli+qnli+qqp+sst2+record+anli_r1+paws+imdb,8,rotten_tomatoes,0.752272967249155,0.904408162193639
base,mnli+qnli+qqp+sst2+record+anli_r1+paws+imdb,8,multirc,0.6693817644513079,0.8759060754839864
base,mnli+qnli+qqp+sst2+record+anli_r1+paws+imdb,8,copa,0.5798960721918515,0.8489833232015371
base,mnli+qnli+qqp+sst2+record+anli_r1+paws+imdb,8,piqa,0.6063947309739888,0.8542477445943015
base,mnli+qnli+qqp+sst2+record+anli_r1+paws+imdb+hellaswag,9,mrpc,0.6501807195267507,0.8709468878805637
base,mnli+qnli+qqp+sst2+record+anli_r1+paws+imdb+hellaswag,9,boolq,0.6731698962726763,0.8764958905854395
base,mnli+qnli+qqp+sst2+record+anli_r1+paws+imdb+hellaswag,9,rte,0.7101566238062722,0.8951553383043834
base,mnli+qnli+qqp+sst2+record+anli_r1+paws+imdb+hellaswag,9,cola,0.6291686173395387,0.8619001521063703
base,mnli+qnli+qqp+sst2+record+anli_r1+paws+imdb+hellaswag,9,cb,0.7027773202529976,0.8970939234963485
base,mnli+qnli+qqp+sst2+record+anli_r1+paws+imdb+hellaswag,9,scitail,0.7242347885455404,0.8919842996235404
base,mnli+qnli+qqp+sst2+record+anli_r1+paws+imdb+hellaswag,9,stsb,0.5689111916082246,0.8480128089764288
base,mnli+qnli+qqp+sst2+record+anli_r1+paws+imdb+hellaswag,9,cr,0.7358833019222532,0.9008713625371456
base,mnli+qnli+qqp+sst2+record+anli_r1+paws+imdb+hellaswag,9,rotten_tomatoes,0.7528103119028466,0.904204111546278
base,mnli+qnli+qqp+sst2+record+anli_r1+paws+imdb+hellaswag,9,multirc,0.6710838366832051,0.8759439481156213
base,mnli+qnli+qqp+sst2+record+anli_r1+paws+imdb+hellaswag,9,copa,0.5868740810879639,0.8512539110545602
base,mnli+qnli+qqp+sst2+record+anli_r1+paws+imdb+hellaswag,9,piqa,0.6439326143424425,0.8679178907935109
base,mnli+qnli+qqp+sst2+record+anli_r1+paws+imdb+hellaswag+winogrande,10,mrpc,0.6512932668306998,0.8708903528749943
base,mnli+qnli+qqp+sst2+record+anli_r1+paws+imdb+hellaswag+winogrande,10,boolq,0.6740714672154614,0.8765116490955863
base,mnli+qnli+qqp+sst2+record+anli_r1+paws+imdb+hellaswag+winogrande,10,rte,0.71081543953291,0.8949945606291294
base,mnli+qnli+qqp+sst2+record+anli_r1+paws+imdb+hellaswag+winogrande,10,cola,0.6300570797175169,0.8620035110839775
base,mnli+qnli+qqp+sst2+record+anli_r1+paws+imdb+hellaswag+winogrande,10,cb,0.7027289391096149,0.8968058473297528
base,mnli+qnli+qqp+sst2+record+anli_r1+paws+imdb+hellaswag+winogrande,10,scitail,0.7241804160709892,0.8917832063244922
base,mnli+qnli+qqp+sst2+record+anli_r1+paws+imdb+hellaswag+winogrande,10,stsb,0.5704937653749117,0.8481227800782237
base,mnli+qnli+qqp+sst2+record+anli_r1+paws+imdb+hellaswag+winogrande,10,cr,0.7362535087657827,0.900747223091977
base,mnli+qnli+qqp+sst2+record+anli_r1+paws+imdb+hellaswag+winogrande,10,rotten_tomatoes,0.7528571912220546,0.904082577675581
base,mnli+qnli+qqp+sst2+record+anli_r1+paws+imdb+hellaswag+winogrande,10,multirc,0.6718691329338721,0.8759738957243306
base,mnli+qnli+qqp+sst2+record+anli_r1+paws+imdb+hellaswag+winogrande,10,copa,0.5948465944134763,0.8535893131047487
base,mnli+qnli+qqp+sst2+record+anli_r1+paws+imdb+hellaswag+winogrande,10,piqa,0.678159783195172,0.8770446822579417
base,mnli+qnli+qqp+sst2+record+anli_r1+paws+imdb+squad_v2,9,mrpc,0.6632966013359172,0.870779713349683
base,mnli+qnli+qqp+sst2+record+anli_r1+paws+imdb+squad_v2,9,boolq,0.6888153680733272,0.8757579156330654
base,mnli+qnli+qqp+sst2+record+anli_r1+paws+imdb+squad_v2,9,rte,0.7198854660881417,0.893435887992382
base,mnli+qnli+qqp+sst2+record+anli_r1+paws+imdb+squad_v2,9,cola,0.6487348540020841,0.8639795234692949
base,mnli+qnli+qqp+sst2+record+anli_r1+paws+imdb+squad_v2,9,cb,0.712756061660392,0.8948173522949219
base,mnli+qnli+qqp+sst2+record+anli_r1+paws+imdb+squad_v2,9,scitail,0.7316487218652453,0.8909123835286924
base,mnli+qnli+qqp+sst2+record+anli_r1+paws+imdb+squad_v2,9,stsb,0.5855183168979627,0.84821252923991
base,mnli+qnli+qqp+sst2+record+anli_r1+paws+imdb+squad_v2,9,cr,0.7415593921073845,0.8990012540348938
base,mnli+qnli+qqp+sst2+record+anli_r1+paws+imdb+squad_v2,9,rotten_tomatoes,0.7571992932685784,0.9026384156729493
base,mnli+qnli+qqp+sst2+record+anli_r1+paws+imdb+squad_v2,9,multirc,0.6913692224770784,0.8763360338551658
base,mnli+qnli+qqp+sst2+record+anli_r1+paws+imdb+squad_v2,9,copa,0.6054442946666053,0.850553448977215
base,mnli+qnli+qqp+sst2+record+anli_r1+paws+imdb+squad_v2,9,piqa,0.6255877869469779,0.8550994345652205
base,mnli+qnli+qqp+sst2+record+anli_r1+paws+imdb+squad_v2+hellaswag,10,mrpc,0.664413112614836,0.8708387427031994
base,mnli+qnli+qqp+sst2+record+anli_r1+paws+imdb+squad_v2+hellaswag,10,boolq,0.6897577180394104,0.8757536682699408
base,mnli+qnli+qqp+sst2+record+anli_r1+paws+imdb+squad_v2+hellaswag,10,rte,0.7210737442863839,0.8934789640562875
base,mnli+qnli+qqp+sst2+record+anli_r1+paws+imdb+squad_v2+hellaswag,10,cola,0.6503477173724345,0.8641779502587659
base,mnli+qnli+qqp+sst2+record+anli_r1+paws+imdb+squad_v2+hellaswag,10,cb,0.7144975169960942,0.8949633575975895
base,mnli+qnli+qqp+sst2+record+anli_r1+paws+imdb+squad_v2+hellaswag,10,scitail,0.7319688020007951,0.8908557588500636
base,mnli+qnli+qqp+sst2+record+anli_r1+paws+imdb+squad_v2+hellaswag,10,stsb,0.5884661174246243,0.8485354645443814
base,mnli+qnli+qqp+sst2+record+anli_r1+paws+imdb+squad_v2+hellaswag,10,cr,0.7419755030423403,0.8988562018743583
base,mnli+qnli+qqp+sst2+record+anli_r1+paws+imdb+squad_v2+hellaswag,10,rotten_tomatoes,0.757370919787458,0.902487501502037
base,mnli+qnli+qqp+sst2+record+anli_r1+paws+imdb+squad_v2+hellaswag,10,multirc,0.6924135961702892,0.8763673779155526
base,mnli+qnli+qqp+sst2+record+anli_r1+paws+imdb+squad_v2+hellaswag,10,copa,0.6110141282635075,0.8524964159088475
base,mnli+qnli+qqp+sst2+record+anli_r1+paws+imdb+squad_v2+hellaswag,10,piqa,0.6620551432882037,0.8672189076564142
base,mnli+qnli+qqp+sst2+record+anli_r1+paws+imdb+squad_v2+hellaswag+winogrande,11,mrpc,0.6648487986198494,0.870845549340759
base,mnli+qnli+qqp+sst2+record+anli_r1+paws+imdb+squad_v2+hellaswag+winogrande,11,boolq,0.690133680456451,0.8757644524531705
base,mnli+qnli+qqp+sst2+record+anli_r1+paws+imdb+squad_v2+hellaswag+winogrande,11,rte,0.7206843753478357,0.8932715021073818
base,mnli+qnli+qqp+sst2+record+anli_r1+paws+imdb+squad_v2+hellaswag+winogrande,11,cola,0.6509248803236655,0.8642848418759448
base,mnli+qnli+qqp+sst2+record+anli_r1+paws+imdb+squad_v2+hellaswag+winogrande,11,cb,0.7140815931239298,0.8947812749871186
base,mnli+qnli+qqp+sst2+record+anli_r1+paws+imdb+squad_v2+hellaswag+winogrande,11,scitail,0.7317308842071465,0.890729692365442
base,mnli+qnli+qqp+sst2+record+anli_r1+paws+imdb+squad_v2+hellaswag+winogrande,11,stsb,0.5893718584307602,0.8485931631709848
base,mnli+qnli+qqp+sst2+record+anli_r1+paws+imdb+squad_v2+hellaswag+winogrande,11,cr,0.7422395218163729,0.898770700607981
base,mnli+qnli+qqp+sst2+record+anli_r1+paws+imdb+squad_v2+hellaswag+winogrande,11,rotten_tomatoes,0.7573459129780531,0.9024361515683788
base,mnli+qnli+qqp+sst2+record+anli_r1+paws+imdb+squad_v2+hellaswag+winogrande,11,multirc,0.6924793294497898,0.8764235491731337
base,mnli+qnli+qqp+sst2+record+anli_r1+paws+imdb+squad_v2+hellaswag+winogrande,11,copa,0.6169628594070673,0.8545416492436614
base,mnli+qnli+qqp+sst2+record+anli_r1+paws+imdb+squad_v2+hellaswag+winogrande,11,piqa,0.6927519837128264,0.876119461442743
base,mnli+qnli+qqp+sst2+record+anli_r1+paws+imdb+squad_v2+winogrande,10,mrpc,0.6639850645193032,0.8707778709275382
base,mnli+qnli+qqp+sst2+record+anli_r1+paws+imdb+squad_v2+winogrande,10,boolq,0.6895889530756644,0.8758008708911282
base,mnli+qnli+qqp+sst2+record+anli_r1+paws+imdb+squad_v2+winogrande,10,rte,0.7197188205484834,0.8932592278080327
base,mnli+qnli+qqp+sst2+record+anli_r1+paws+imdb+squad_v2+winogrande,10,cola,0.6496833347316299,0.8640363743262631
base,mnli+qnli+qqp+sst2+record+anli_r1+paws+imdb+squad_v2+winogrande,10,cb,0.7126884758472443,0.894624796296869
base,mnli+qnli+qqp+sst2+record+anli_r1+paws+imdb+squad_v2+winogrande,10,scitail,0.7316119505890778,0.8908106035419873
base,mnli+qnli+qqp+sst2+record+anli_r1+paws+imdb+squad_v2+winogrande,10,stsb,0.587151144631207,0.848333491012454
base,mnli+qnli+qqp+sst2+record+anli_r1+paws+imdb+squad_v2+winogrande,10,cr,0.7420144352529731,0.8989325575530529
base,mnli+qnli+qqp+sst2+record+anli_r1+paws+imdb+squad_v2+winogrande,10,rotten_tomatoes,0.7572812166597161,0.9025750554033688
base,mnli+qnli+qqp+sst2+record+anli_r1+paws+imdb+squad_v2+winogrande,10,multirc,0.6918251479842833,0.8763865120708942
base,mnli+qnli+qqp+sst2+record+anli_r1+paws+imdb+squad_v2+winogrande,10,copa,0.6125921654914107,0.8529468753508159
base,mnli+qnli+qqp+sst2+record+anli_r1+paws+imdb+squad_v2+winogrande,10,piqa,0.6758496713425431,0.8708101966019187
base,mnli+qnli+qqp+sst2+record+anli_r1+paws+imdb+winogrande,9,mrpc,0.6500348549868379,0.8708322239773614
base,mnli+qnli+qqp+sst2+record+anli_r1+paws+imdb+winogrande,9,boolq,0.6732502638229302,0.8765118486647095
base,mnli+qnli+qqp+sst2+record+anli_r1+paws+imdb+winogrande,9,rte,0.7094928550400904,0.8949305010693414
base,mnli+qnli+qqp+sst2+record+anli_r1+paws+imdb+winogrande,9,cola,0.6283467510449035,0.8618114220776728
base,mnli+qnli+qqp+sst2+record+anli_r1+paws+imdb+winogrande,9,cb,0.7005456619496856,0.8967560221041951
base,mnli+qnli+qqp+sst2+record+anli_r1+paws+imdb+winogrande,9,scitail,0.7238291674958808,0.8919542985303062
base,mnli+qnli+qqp+sst2+record+anli_r1+paws+imdb+winogrande,9,stsb,0.5678602866828442,0.8477901398603406
base,mnli+qnli+qqp+sst2+record+anli_r1+paws+imdb+winogrande,9,cr,0.7357523654188428,0.9009763231234891
base,mnli+qnli+qqp+sst2+record+anli_r1+paws+imdb+winogrande,9,rotten_tomatoes,0.7527038803590196,0.9042716601065227
base,mnli+qnli+qqp+sst2+record+anli_r1+paws+imdb+winogrande,9,multirc,0.6707206339176212,0.8759269424315009
base,mnli+qnli+qqp+sst2+record+anli_r1+paws+imdb+winogrande,9,copa,0.5888539932535163,0.8519291055521795
base,mnli+qnli+qqp+sst2+record+anli_r1+paws+imdb+winogrande,9,piqa,0.6597061024180481,0.8714112610157047
base,mnli+qnli+qqp+sst2+record+anli_r1+paws+squad_v2,8,mrpc,0.662177332543901,0.870046144085271
base,mnli+qnli+qqp+sst2+record+anli_r1+paws+squad_v2,8,boolq,0.6892715378531388,0.8755606575203794
base,mnli+qnli+qqp+sst2+record+anli_r1+paws+squad_v2,8,rte,0.7185995296708175,0.8926396550876754
base,mnli+qnli+qqp+sst2+record+anli_r1+paws+squad_v2,8,cola,0.6480222871260983,0.8633503392338753
base,mnli+qnli+qqp+sst2+record+anli_r1+paws+squad_v2,8,cb,0.7084413798792022,0.8931857006890433
base,mnli+qnli+qqp+sst2+record+anli_r1+paws+squad_v2,8,scitail,0.7321168463677168,0.8908432793936559
base,mnli+qnli+qqp+sst2+record+anli_r1+paws+squad_v2,8,stsb,0.5867873811429101,0.8482394327542612
base,mnli+qnli+qqp+sst2+record+anli_r1+paws+squad_v2,8,cr,0.7201234259243522,0.8904389451657023
base,mnli+qnli+qqp+sst2+record+anli_r1+paws+squad_v2,8,rotten_tomatoes,0.7339360663401229,0.8937852020774569
base,mnli+qnli+qqp+sst2+record+anli_r1+paws+squad_v2,8,multirc,0.6926086244306394,0.8763907397431987
base,mnli+qnli+qqp+sst2+record+anli_r1+paws+squad_v2,8,copa,0.6044010708906821,0.8498827556946448
base,mnli+qnli+qqp+sst2+record+anli_r1+paws+squad_v2,8,piqa,0.6267635204962322,0.8550465245332036
base,mnli+qnli+qqp+sst2+record+anli_r1+paws+squad_v2+hellaswag,9,mrpc,0.6634337681212595,0.8701106293925217
base,mnli+qnli+qqp+sst2+record+anli_r1+paws+squad_v2+hellaswag,9,boolq,0.6901963387749025,0.8755900907729354
base,mnli+qnli+qqp+sst2+record+anli_r1+paws+squad_v2+hellaswag,9,rte,0.7199018358119896,0.892727328730481
base,mnli+qnli+qqp+sst2+record+anli_r1+paws+squad_v2+hellaswag,9,cola,0.6497427656182221,0.8635348403560263
base,mnli+qnli+qqp+sst2+record+anli_r1+paws+squad_v2+hellaswag,9,cb,0.7105405796319246,0.8933697422700269
base,mnli+qnli+qqp+sst2+record+anli_r1+paws+squad_v2+hellaswag,9,scitail,0.7324565074273518,0.8907769819987672
base,mnli+qnli+qqp+sst2+record+anli_r1+paws+squad_v2+hellaswag,9,stsb,0.5897433655336499,0.8485371018094676
base,mnli+qnli+qqp+sst2+record+anli_r1+paws+squad_v2+hellaswag,9,cr,0.7208299373409578,0.890402689576149
base,mnli+qnli+qqp+sst2+record+anli_r1+paws+squad_v2+hellaswag,9,rotten_tomatoes,0.7343028214360986,0.8936937579086849
base,mnli+qnli+qqp+sst2+record+anli_r1+paws+squad_v2+hellaswag,9,multirc,0.6936310431254762,0.8764211886695453
base,mnli+qnli+qqp+sst2+record+anli_r1+paws+squad_v2+hellaswag,9,copa,0.61008721084467,0.8519116461809192
base,mnli+qnli+qqp+sst2+record+anli_r1+paws+squad_v2+hellaswag,9,piqa,0.6633779953366944,0.8672402921531882
base,mnli+qnli+qqp+sst2+record+anli_r1+paws+squad_v2+hellaswag+winogrande,10,mrpc,0.6638502454651254,0.8701104388705322
base,mnli+qnli+qqp+sst2+record+anli_r1+paws+squad_v2+hellaswag+winogrande,10,boolq,0.6906143991010529,0.8756079796169486
base,mnli+qnli+qqp+sst2+record+anli_r1+paws+squad_v2+hellaswag+winogrande,10,rte,0.7195510768464634,0.8925163634121418
base,mnli+qnli+qqp+sst2+record+anli_r1+paws+squad_v2+hellaswag+winogrande,10,cola,0.6502186797027077,0.8636074201869113
base,mnli+qnli+qqp+sst2+record+anli_r1+paws+squad_v2+hellaswag+winogrande,10,cb,0.7101219062294278,0.8931984188301223
base,mnli+qnli+qqp+sst2+record+anli_r1+paws+squad_v2+hellaswag+winogrande,10,scitail,0.7320871164223978,0.8906411842576095
base,mnli+qnli+qqp+sst2+record+anli_r1+paws+squad_v2+hellaswag+winogrande,10,stsb,0.590649764718754,0.8485843677605901
base,mnli+qnli+qqp+sst2+record+anli_r1+paws+squad_v2+hellaswag+winogrande,10,cr,0.7213388292917183,0.8904135216559682
base,mnli+qnli+qqp+sst2+record+anli_r1+paws+squad_v2+hellaswag+winogrande,10,rotten_tomatoes,0.7344227731227875,0.8937180084841592
base,mnli+qnli+qqp+sst2+record+anli_r1+paws+squad_v2+hellaswag+winogrande,10,multirc,0.6936437029923711,0.876450481957623
base,mnli+qnli+qqp+sst2+record+anli_r1+paws+squad_v2+hellaswag+winogrande,10,copa,0.6160456099148307,0.8540214792426143
base,mnli+qnli+qqp+sst2+record+anli_r1+paws+squad_v2+hellaswag+winogrande,10,piqa,0.6939228983329875,0.8761669038129705
base,mnli+qnli+qqp+sst2+record+anli_r1+paws+squad_v2+winogrande,9,mrpc,0.6630607154220343,0.8700396216341427
base,mnli+qnli+qqp+sst2+record+anli_r1+paws+squad_v2+winogrande,9,boolq,0.6901834282491889,0.8756415639072657
base,mnli+qnli+qqp+sst2+record+anli_r1+paws+squad_v2+winogrande,9,rte,0.7186323955122914,0.8924755400844983
base,mnli+qnli+qqp+sst2+record+anli_r1+paws+squad_v2+winogrande,9,cola,0.6491051260381937,0.8633903829114777
base,mnli+qnli+qqp+sst2+record+anli_r1+paws+squad_v2+winogrande,9,cb,0.7085562183388642,0.8929843923875264
base,mnli+qnli+qqp+sst2+record+anli_r1+paws+squad_v2+winogrande,9,scitail,0.7320771970387016,0.8907345474830696
base,mnli+qnli+qqp+sst2+record+anli_r1+paws+squad_v2+winogrande,9,stsb,0.5885437452899558,0.8483193213386195
base,mnli+qnli+qqp+sst2+record+anli_r1+paws+squad_v2+winogrande,9,cr,0.7209475710988045,0.8904892174260957
base,mnli+qnli+qqp+sst2+record+anli_r1+paws+squad_v2+winogrande,9,rotten_tomatoes,0.7342521936765739,0.8937838242522308
base,mnli+qnli+qqp+sst2+record+anli_r1+paws+squad_v2+winogrande,9,multirc,0.6930771446121591,0.8764337969145605
base,mnli+qnli+qqp+sst2+record+anli_r1+paws+squad_v2+winogrande,9,copa,0.611946574013148,0.8524112195840904
base,mnli+qnli+qqp+sst2+record+anli_r1+paws+squad_v2+winogrande,9,piqa,0.6787161619535514,0.8708350158163479
base,mnli+qnli+qqp+sst2+record+anli_r1+paws+winogrande,8,mrpc,0.6490495739770787,0.8700391096728188
base,mnli+qnli+qqp+sst2+record+anli_r1+paws+winogrande,8,boolq,0.674555786752275,0.8763792482869965
base,mnli+qnli+qqp+sst2+record+anli_r1+paws+winogrande,8,rte,0.7085156794637442,0.8941914721259049
base,mnli+qnli+qqp+sst2+record+anli_r1+paws+winogrande,8,cola,0.627352271628167,0.861075058845537
base,mnli+qnli+qqp+sst2+record+anli_r1+paws+winogrande,8,cb,0.6964396222361496,0.8951487823256424
base,mnli+qnli+qqp+sst2+record+anli_r1+paws+winogrande,8,scitail,0.7244284389806646,0.8918713621262994
base,mnli+qnli+qqp+sst2+record+anli_r1+paws+winogrande,8,stsb,0.5692213449094977,0.8477620674031121
base,mnli+qnli+qqp+sst2+record+anli_r1+paws+winogrande,8,cr,0.7111498500619616,0.8924583404191903
base,mnli+qnli+qqp+sst2+record+anli_r1+paws+winogrande,8,rotten_tomatoes,0.7269213856863124,0.8955179059079715
base,mnli+qnli+qqp+sst2+record+anli_r1+paws+winogrande,8,multirc,0.6727240694952863,0.875953006158982
base,mnli+qnli+qqp+sst2+record+anli_r1+paws+winogrande,8,copa,0.5876827064369406,0.851234555510538
base,mnli+qnli+qqp+sst2+record+anli_r1+paws+winogrande,8,piqa,0.661396562920085,0.8714341997568097
base,mnli+qnli+qqp+sst2+record+anli_r1+squad_v2,7,mrpc,0.6615362859198025,0.8695222357554095
base,mnli+qnli+qqp+sst2+record+anli_r1+squad_v2,7,boolq,0.6357985122927597,0.8592216452317578
base,mnli+qnli+qqp+sst2+record+anli_r1+squad_v2,7,rte,0.7190955454217536,0.8924485460988113
base,mnli+qnli+qqp+sst2+record+anli_r1+squad_v2,7,cola,0.6482506785541773,0.8630511539855173
base,mnli+qnli+qqp+sst2+record+anli_r1+squad_v2,7,cb,0.7105198076793126,0.8936474014605794
base,mnli+qnli+qqp+sst2+record+anli_r1+squad_v2,7,scitail,0.7323822384434087,0.8906895776412317
base,mnli+qnli+qqp+sst2+record+anli_r1+squad_v2,7,stsb,0.5869729765025633,0.8479324784129858
base,mnli+qnli+qqp+sst2+record+anli_r1+squad_v2,7,cr,0.7215394462857928,0.8906819857656956
base,mnli+qnli+qqp+sst2+record+anli_r1+squad_v2,7,rotten_tomatoes,0.735088713201029,0.8940474007810865
base,mnli+qnli+qqp+sst2+record+anli_r1+squad_v2,7,multirc,0.6467388759234122,0.861811858468822
base,mnli+qnli+qqp+sst2+record+anli_r1+squad_v2,7,copa,0.6044662852904626,0.849571717903018
base,mnli+qnli+qqp+sst2+record+anli_r1+squad_v2,7,piqa,0.6262278747079628,0.854686573679958
base,mnli+qnli+qqp+sst2+record+anli_r1+squad_v2+hellaswag,8,mrpc,0.6630002552909511,0.8696635424026421
base,mnli+qnli+qqp+sst2+record+anli_r1+squad_v2+hellaswag,8,boolq,0.6372619307200823,0.8593468751226153
base,mnli+qnli+qqp+sst2+record+anli_r1+squad_v2+hellaswag,8,rte,0.7204395101538726,0.8925215921231678
base,mnli+qnli+qqp+sst2+record+anli_r1+squad_v2+hellaswag,8,cola,0.6499825410012688,0.8632519718791757
base,mnli+qnli+qqp+sst2+record+anli_r1+squad_v2+hellaswag,8,cb,0.7127230372279882,0.8938416673668793
base,mnli+qnli+qqp+sst2+record+anli_r1+squad_v2+hellaswag,8,scitail,0.7327471170574427,0.8906175826809236
base,mnli+qnli+qqp+sst2+record+anli_r1+squad_v2+hellaswag,8,stsb,0.5900898650288582,0.8482166810759476
base,mnli+qnli+qqp+sst2+record+anli_r1+squad_v2+hellaswag,8,cr,0.7223586317683969,0.8906627606068339
base,mnli+qnli+qqp+sst2+record+anli_r1+squad_v2+hellaswag,8,rotten_tomatoes,0.7355361998613391,0.8939669989049435
base,mnli+qnli+qqp+sst2+record+anli_r1+squad_v2+hellaswag,8,multirc,0.6482568070558565,0.8619966711848974
base,mnli+qnli+qqp+sst2+record+anli_r1+squad_v2+hellaswag,8,copa,0.610632890037128,0.8517587081130061
base,mnli+qnli+qqp+sst2+record+anli_r1+squad_v2+hellaswag,8,piqa,0.663739570150418,0.8670626016599792
base,mnli+qnli+qqp+sst2+record+anli_r1+squad_v2+hellaswag+winogrande,9,mrpc,0.6636347334299769,0.8696977448250566
base,mnli+qnli+qqp+sst2+record+anli_r1+squad_v2+hellaswag+winogrande,9,boolq,0.6385889513684171,0.85952550199415
base,mnli+qnli+qqp+sst2+record+anli_r1+squad_v2+hellaswag+winogrande,9,rte,0.7201914111418384,0.8923342589821134
base,mnli+qnli+qqp+sst2+record+anli_r1+squad_v2+hellaswag+winogrande,9,cola,0.6505537653075797,0.8633777142635414
base,mnli+qnli+qqp+sst2+record+anli_r1+squad_v2+hellaswag+winogrande,9,cb,0.7124274221381971,0.8937045000493526
base,mnli+qnli+qqp+sst2+record+anli_r1+squad_v2+hellaswag+winogrande,9,scitail,0.7324691002390215,0.8904920643461602
base,mnli+qnli+qqp+sst2+record+anli_r1+squad_v2+hellaswag+winogrande,9,stsb,0.5911102228398833,0.8482943517821175
base,mnli+qnli+qqp+sst2+record+anli_r1+squad_v2+hellaswag+winogrande,9,cr,0.7229180788355214,0.8906304703227111
base,mnli+qnli+qqp+sst2+record+anli_r1+squad_v2+hellaswag+winogrande,9,rotten_tomatoes,0.7357161327132157,0.8939577947769847
base,mnli+qnli+qqp+sst2+record+anli_r1+squad_v2+hellaswag+winogrande,9,multirc,0.6488458510222179,0.8621476952518735
base,mnli+qnli+qqp+sst2+record+anli_r1+squad_v2+hellaswag+winogrande,9,copa,0.6169696761561292,0.853951756177204
base,mnli+qnli+qqp+sst2+record+anli_r1+squad_v2+hellaswag+winogrande,9,piqa,0.6946473438292742,0.8760648638542209
base,mnli+qnli+qqp+sst2+record+anli_r1+squad_v2+winogrande,8,mrpc,0.6625421395791429,0.8695938592510564
base,mnli+qnli+qqp+sst2+record+anli_r1+squad_v2+winogrande,8,boolq,0.6376720451350723,0.859444370759385
base,mnli+qnli+qqp+sst2+record+anli_r1+squad_v2+winogrande,8,rte,0.7190921979823283,0.8922853549676282
base,mnli+qnli+qqp+sst2+record+anli_r1+squad_v2+winogrande,8,cola,0.6492312739470175,0.8631292294178691
base,mnli+qnli+qqp+sst2+record+anli_r1+squad_v2+winogrande,8,cb,0.7105965233807053,0.8934606755418437
base,mnli+qnli+qqp+sst2+record+anli_r1+squad_v2+winogrande,8,scitail,0.7323550667081561,0.8906065632722208
base,mnli+qnli+qqp+sst2+record+anli_r1+squad_v2+winogrande,8,stsb,0.588778673671186,0.8480347517345633
base,mnli+qnli+qqp+sst2+record+anli_r1+squad_v2+winogrande,8,cr,0.7223821787961892,0.8907272107899189
base,mnli+qnli+qqp+sst2+record+anli_r1+squad_v2+winogrande,8,rotten_tomatoes,0.7354964574000665,0.8940415254661015
base,mnli+qnli+qqp+sst2+record+anli_r1+squad_v2+winogrande,8,multirc,0.6478389441700918,0.862008975286569
base,mnli+qnli+qqp+sst2+record+anli_r1+squad_v2+winogrande,8,copa,0.6121301988938025,0.8522460271737405
base,mnli+qnli+qqp+sst2+record+anli_r1+squad_v2+winogrande,8,piqa,0.6790496605847564,0.8706567747784513
base,mnli+qnli+qqp+sst2+record+anli_r1+winogrande,7,mrpc,0.6475566191864865,0.8695713505148888
base,mnli+qnli+qqp+sst2+record+anli_r1+winogrande,7,boolq,0.6208001856159951,0.8589840861303466
base,mnli+qnli+qqp+sst2+record+anli_r1+winogrande,7,rte,0.7079449253422874,0.8940876434956279
base,mnli+qnli+qqp+sst2+record+anli_r1+winogrande,7,cola,0.626613099460623,0.8608338162302971
base,mnli+qnli+qqp+sst2+record+anli_r1+winogrande,7,cb,0.6977781432547739,0.8957481597151075
base,mnli+qnli+qqp+sst2+record+anli_r1+winogrande,7,scitail,0.7243545981390136,0.8917756618133613
base,mnli+qnli+qqp+sst2+record+anli_r1+winogrande,7,stsb,0.5684555843472481,0.8474563498582158
base,mnli+qnli+qqp+sst2+record+anli_r1+winogrande,7,cr,0.7115864854838166,0.8927572199276516
base,mnli+qnli+qqp+sst2+record+anli_r1+winogrande,7,rotten_tomatoes,0.7271081057510206,0.8958045201642173
base,mnli+qnli+qqp+sst2+record+anli_r1+winogrande,7,multirc,0.6284636420729969,0.8605450205504894
base,mnli+qnli+qqp+sst2+record+anli_r1+winogrande,7,copa,0.5867879375416253,0.8509520867041179
base,mnli+qnli+qqp+sst2+record+anli_r1+winogrande,7,piqa,0.6605592080658036,0.8712397691394601
base,mnli+qnli+qqp+sst2+record+hellaswag,6,mrpc,0.6454181676464421,0.8681628102702754
base,mnli+qnli+qqp+sst2+record+hellaswag,6,boolq,0.6217073327861726,0.8586805555969477
base,mnli+qnli+qqp+sst2+record+hellaswag,6,rte,0.7003349315907273,0.8904835890446391
base,mnli+qnli+qqp+sst2+record+hellaswag,6,cola,0.6273730188342077,0.8603072291506189
base,mnli+qnli+qqp+sst2+record+hellaswag,6,cb,0.6689454601811511,0.8834609594196081
base,mnli+qnli+qqp+sst2+record+hellaswag,6,scitail,0.7174050901085138,0.8890692083431142
base,mnli+qnli+qqp+sst2+record+hellaswag,6,stsb,0.5721417495847813,0.8475033603608608
base,mnli+qnli+qqp+sst2+record+hellaswag,6,cr,0.7109168158578021,0.8919608624918121
base,mnli+qnli+qqp+sst2+record+hellaswag,6,rotten_tomatoes,0.7281874434224197,0.8955179511436394
base,mnli+qnli+qqp+sst2+record+hellaswag,6,multirc,0.6307963138180119,0.8603707235306501
base,mnli+qnli+qqp+sst2+record+hellaswag,6,copa,0.5860571579874626,0.8499518643532481
base,mnli+qnli+qqp+sst2+record+hellaswag,6,piqa,0.649498942507697,0.8677597162978989
base,mnli+qnli+qqp+sst2+record+hellaswag+winogrande,7,mrpc,0.6468442846089602,0.868286844342947
base,mnli+qnli+qqp+sst2+record+hellaswag+winogrande,7,boolq,0.6239328371094806,0.8588078966630357
base,mnli+qnli+qqp+sst2+record+hellaswag+winogrande,7,rte,0.701348605964865,0.8903545694691795
base,mnli+qnli+qqp+sst2+record+hellaswag+winogrande,7,cola,0.628753533985998,0.860470801325781
base,mnli+qnli+qqp+sst2+record+hellaswag+winogrande,7,cb,0.6700773750032697,0.8833419787032264
base,mnli+qnli+qqp+sst2+record+hellaswag+winogrande,7,scitail,0.7176543511450291,0.888910530933312
base,mnli+qnli+qqp+sst2+record+hellaswag+winogrande,7,stsb,0.5739032640787107,0.847647434632693
base,mnli+qnli+qqp+sst2+record+hellaswag+winogrande,7,cr,0.7128003856965474,0.8919563107192516
base,mnli+qnli+qqp+sst2+record+hellaswag+winogrande,7,rotten_tomatoes,0.7295589159641948,0.8954357504844666
base,mnli+qnli+qqp+sst2+record+hellaswag+winogrande,7,multirc,0.6321812600030431,0.8605499746544021
base,mnli+qnli+qqp+sst2+record+hellaswag+winogrande,7,copa,0.5950714405626059,0.8526263585580247
base,mnli+qnli+qqp+sst2+record+hellaswag+winogrande,7,piqa,0.6820645465382508,0.8770043368318251
base,mnli+qnli+qqp+sst2+record+imdb,6,mrpc,0.6453275975904295,0.8689166131828513
base,mnli+qnli+qqp+sst2+record+imdb,6,boolq,0.619514759763011,0.8587522001138755
base,mnli+qnli+qqp+sst2+record+imdb,6,rte,0.7001453435846737,0.8913006069404739
base,mnli+qnli+qqp+sst2+record+imdb,6,cola,0.6266773222679538,0.8608907671379191
base,mnli+qnli+qqp+sst2+record+imdb,6,cb,0.6723374559410981,0.8852729094879968
base,mnli+qnli+qqp+sst2+record+imdb,6,scitail,0.7163629811257124,0.8893657528928348
base,mnli+qnli+qqp+sst2+record+imdb,6,stsb,0.5670063380551126,0.8471393675676414
base,mnli+qnli+qqp+sst2+record+imdb,6,cr,0.7352520929915565,0.9011245790336814
base,mnli+qnli+qqp+sst2+record+imdb,6,rotten_tomatoes,0.7537049542048148,0.9047943731503827
base,mnli+qnli+qqp+sst2+record+imdb,6,multirc,0.6273389962235731,0.8601388321923358
base,mnli+qnli+qqp+sst2+record+imdb,6,copa,0.5807350409616318,0.8481790000306708
base,mnli+qnli+qqp+sst2+record+imdb,6,piqa,0.607359219142901,0.8536018058657646
base,mnli+qnli+qqp+sst2+record+imdb+hellaswag,7,mrpc,0.6475254872015545,0.8690890824156148
base,mnli+qnli+qqp+sst2+record+imdb+hellaswag,7,boolq,0.6220293061009475,0.8589238056114742
base,mnli+qnli+qqp+sst2+record+imdb+hellaswag,7,rte,0.7025258381451879,0.8914248922041484
base,mnli+qnli+qqp+sst2+record+imdb+hellaswag,7,cola,0.6291511721376862,0.8611399981060198
base,mnli+qnli+qqp+sst2+record+imdb+hellaswag,7,cb,0.676149965130857,0.8857330019984927
base,mnli+qnli+qqp+sst2+record+imdb+hellaswag,7,scitail,0.7171305883675814,0.8891808254910367
base,mnli+qnli+qqp+sst2+record+imdb+hellaswag,7,stsb,0.5709782076467361,0.8475534418331725
base,mnli+qnli+qqp+sst2+record+imdb+hellaswag,7,cr,0.7381621357053518,0.9009473132235664
base,mnli+qnli+qqp+sst2+record+imdb+hellaswag,7,rotten_tomatoes,0.7559047982628856,0.9045749040586608
base,mnli+qnli+qqp+sst2+record+imdb+hellaswag,7,multirc,0.6298795715639633,0.860369253105351
base,mnli+qnli+qqp+sst2+record+imdb+hellaswag,7,copa,0.5888215700563576,0.8508004072521415
base,mnli+qnli+qqp+sst2+record+imdb+hellaswag,7,piqa,0.6473627923322576,0.8677259023700442
base,mnli+qnli+qqp+sst2+record+imdb+hellaswag+winogrande,8,mrpc,0.6486379190215043,0.8691959737667015
base,mnli+qnli+qqp+sst2+record+imdb+hellaswag+winogrande,8,boolq,0.6240364270550864,0.8590971593345914
base,mnli+qnli+qqp+sst2+record+imdb+hellaswag+winogrande,8,rte,0.7027504175369229,0.8912874891289643
base,mnli+qnli+qqp+sst2+record+imdb+hellaswag+winogrande,8,cola,0.630180297618998,0.8613043813300985
base,mnli+qnli+qqp+sst2+record+imdb+hellaswag+winogrande,8,cb,0.6768263636955193,0.8855799058718341
base,mnli+qnli+qqp+sst2+record+imdb+hellaswag+winogrande,8,scitail,0.7172828848872866,0.8890557033675057
base,mnli+qnli+qqp+sst2+record+imdb+hellaswag+winogrande,8,stsb,0.5726395403700215,0.8476432003080845
base,mnli+qnli+qqp+sst2+record+imdb+hellaswag+winogrande,8,cr,0.7386173757591418,0.900860956204789
base,mnli+qnli+qqp+sst2+record+imdb+hellaswag+winogrande,8,rotten_tomatoes,0.7559512834995985,0.9044300924454417
base,mnli+qnli+qqp+sst2+record+imdb+hellaswag+winogrande,8,multirc,0.6312471437933189,0.8605717753193208
base,mnli+qnli+qqp+sst2+record+imdb+hellaswag+winogrande,8,copa,0.5972805383748242,0.8534332614924226
base,mnli+qnli+qqp+sst2+record+imdb+hellaswag+winogrande,8,piqa,0.6808110464896474,0.8770208239023175
base,mnli+qnli+qqp+sst2+record+imdb+squad_v2,7,mrpc,0.6610370012266296,0.8690588021917003
base,mnli+qnli+qqp+sst2+record+imdb+squad_v2,7,boolq,0.6375625571236014,0.8593153416046074
base,mnli+qnli+qqp+sst2+record+imdb+squad_v2,7,rte,0.7124433698398727,0.8894770800002983
base,mnli+qnli+qqp+sst2+record+imdb+squad_v2,7,cola,0.6496466770768166,0.8631398478256804
base,mnli+qnli+qqp+sst2+record+imdb+squad_v2,7,cb,0.6878722137106317,0.8831926978060177
base,mnli+qnli+qqp+sst2+record+imdb+squad_v2,7,scitail,0.7258312092827899,0.888106772143926
base,mnli+qnli+qqp+sst2+record+imdb+squad_v2,7,stsb,0.5883409912431878,0.8476980799543006
base,mnli+qnli+qqp+sst2+record+imdb+squad_v2,7,cr,0.743608490430883,0.8989435035203185
base,mnli+qnli+qqp+sst2+record+imdb+squad_v2,7,rotten_tomatoes,0.7601207875247512,0.9029541936303888
base,mnli+qnli+qqp+sst2+record+imdb+squad_v2,7,multirc,0.6477683202496597,0.8616705095129353
base,mnli+qnli+qqp+sst2+record+imdb+squad_v2,7,copa,0.6074214767930763,0.8499847160918372
base,mnli+qnli+qqp+sst2+record+imdb+squad_v2,7,piqa,0.6275855705940298,0.8546513715492827
base,mnli+qnli+qqp+sst2+record+imdb+squad_v2+hellaswag,8,mrpc,0.6624663091663804,0.869177120072501
base,mnli+qnli+qqp+sst2+record+imdb+squad_v2+hellaswag,8,boolq,0.6390026935509273,0.8594086111656257
base,mnli+qnli+qqp+sst2+record+imdb+squad_v2+hellaswag,8,rte,0.7139296300177064,0.8896391902651105
base,mnli+qnli+qqp+sst2+record+imdb+squad_v2+hellaswag,8,cola,0.651452176006777,0.8633979495082583
base,mnli+qnli+qqp+sst2+record+imdb+squad_v2+hellaswag,8,cb,0.6905456235898393,0.8836115103747163
base,mnli+qnli+qqp+sst2+record+imdb+squad_v2+hellaswag,8,scitail,0.726083572155663,0.8880338533116239
base,mnli+qnli+qqp+sst2+record+imdb+squad_v2+hellaswag,8,stsb,0.5913878192326852,0.8480368493390935
base,mnli+qnli+qqp+sst2+record+imdb+squad_v2+hellaswag,8,cr,0.7441382636981351,0.8988305580403123
base,mnli+qnli+qqp+sst2+record+imdb+squad_v2+hellaswag,8,rotten_tomatoes,0.7602867305810962,0.9027892846081939
base,mnli+qnli+qqp+sst2+record+imdb+squad_v2+hellaswag,8,multirc,0.6492902145587972,0.8618353437632322
base,mnli+qnli+qqp+sst2+record+imdb+squad_v2+hellaswag,8,copa,0.6136297439890248,0.8522124838616166
base,mnli+qnli+qqp+sst2+record+imdb+squad_v2+hellaswag,8,piqa,0.6650468719058803,0.867027223110199
base,mnli+qnli+qqp+sst2+record+imdb+squad_v2+hellaswag+winogrande,9,mrpc,0.6631614887820823,0.8692612552217075
base,mnli+qnli+qqp+sst2+record+imdb+squad_v2+hellaswag+winogrande,9,boolq,0.6401979315227696,0.8595560523016113
base,mnli+qnli+qqp+sst2+record+imdb+squad_v2+hellaswag+winogrande,9,rte,0.713655950235469,0.8894956569586482
base,mnli+qnli+qqp+sst2+record+imdb+squad_v2+hellaswag+winogrande,9,cola,0.6518561691045761,0.8634644097515515
base,mnli+qnli+qqp+sst2+record+imdb+squad_v2+hellaswag+winogrande,9,cb,0.6906565025980983,0.8835766347391265
base,mnli+qnli+qqp+sst2+record+imdb+squad_v2+hellaswag+winogrande,9,scitail,0.7258583645203284,0.8879525336836066
base,mnli+qnli+qqp+sst2+record+imdb+squad_v2+hellaswag+winogrande,9,stsb,0.5924065082467028,0.8481041459100587
base,mnli+qnli+qqp+sst2+record+imdb+squad_v2+hellaswag+winogrande,9,cr,0.7444145849772862,0.8987375582967486
base,mnli+qnli+qqp+sst2+record+imdb+squad_v2+hellaswag+winogrande,9,rotten_tomatoes,0.7602406114872012,0.9026947010840688
base,mnli+qnli+qqp+sst2+record+imdb+squad_v2+hellaswag+winogrande,9,multirc,0.6497834638825485,0.861952742561698
base,mnli+qnli+qqp+sst2+record+imdb+squad_v2+hellaswag+winogrande,9,copa,0.6197791549244097,0.8543091445629086
base,mnli+qnli+qqp+sst2+record+imdb+squad_v2+hellaswag+winogrande,9,piqa,0.6956566130476338,0.8760164337498801
base,mnli+qnli+qqp+sst2+record+imdb+squad_v2+winogrande,8,mrpc,0.6620940172246524,0.8691143271114145
base,mnli+qnli+qqp+sst2+record+imdb+squad_v2+winogrande,8,boolq,0.6394402636215091,0.8595069561685834
base,mnli+qnli+qqp+sst2+record+imdb+squad_v2+winogrande,8,rte,0.7125381247273513,0.8893613895135266
base,mnli+qnli+qqp+sst2+record+imdb+squad_v2+winogrande,8,cola,0.65068216036473,0.8632130391363587
base,mnli+qnli+qqp+sst2+record+imdb+squad_v2+winogrande,8,cb,0.6882953199424914,0.8831515125930309
base,mnli+qnli+qqp+sst2+record+imdb+squad_v2+winogrande,8,scitail,0.7257946623223168,0.8880519369351012
base,mnli+qnli+qqp+sst2+record+imdb+squad_v2+winogrande,8,stsb,0.5901850508525968,0.8478500803134271
base,mnli+qnli+qqp+sst2+record+imdb+squad_v2+winogrande,8,cr,0.7441693525761366,0.8988920482141631
base,mnli+qnli+qqp+sst2+record+imdb+squad_v2+winogrande,8,rotten_tomatoes,0.7602497152984142,0.9028447344899178
base,mnli+qnli+qqp+sst2+record+imdb+squad_v2+winogrande,8,multirc,0.6488526110936489,0.8618346112115043
base,mnli+qnli+qqp+sst2+record+imdb+squad_v2+winogrande,8,copa,0.6151158796357257,0.8525392516915288
base,mnli+qnli+qqp+sst2+record+imdb+squad_v2+winogrande,8,piqa,0.6801143073077712,0.8705916130649192
base,mnli+qnli+qqp+sst2+record+imdb+winogrande,7,mrpc,0.6471027934125492,0.8690722877425807
base,mnli+qnli+qqp+sst2+record+imdb+winogrande,7,boolq,0.6225096194206604,0.8589682733373982
base,mnli+qnli+qqp+sst2+record+imdb+winogrande,7,rte,0.7009771612605878,0.891144721103566
base,mnli+qnli+qqp+sst2+record+imdb+winogrande,7,cola,0.6283414882075574,0.861008081851261
base,mnli+qnli+qqp+sst2+record+imdb+winogrande,7,cb,0.6735313574650458,0.8851669313652175
base,mnli+qnli+qqp+sst2+record+imdb+winogrande,7,scitail,0.7167606438909259,0.8892261758446693
base,mnli+qnli+qqp+sst2+record+imdb+winogrande,7,stsb,0.5697053695496704,0.8473304826766253
base,mnli+qnli+qqp+sst2+record+imdb+winogrande,7,cr,0.7380062150103706,0.9010510896997792
base,mnli+qnli+qqp+sst2+record+imdb+winogrande,7,rotten_tomatoes,0.755685618147254,0.9046230209725243
base,mnli+qnli+qqp+sst2+record+imdb+winogrande,7,multirc,0.62936235412157,0.8603670088840383
base,mnli+qnli+qqp+sst2+record+imdb+winogrande,7,copa,0.5906442810249116,0.8513716664165258
base,mnli+qnli+qqp+sst2+record+imdb+winogrande,7,piqa,0.6619605412041503,0.8712047681744609
base,mnli+qnli+qqp+sst2+record+paws,6,mrpc,0.6445364393293858,0.8686022976679462
base,mnli+qnli+qqp+sst2+record+paws,6,boolq,0.6743358519992658,0.8762749545276165
base,mnli+qnli+qqp+sst2+record+paws,6,rte,0.698480950402362,0.8905133908348424
base,mnli+qnli+qqp+sst2+record+paws,6,cola,0.6257051072482552,0.8603452704846859
base,mnli+qnli+qqp+sst2+record+paws,6,cb,0.6635451798460313,0.8824590157185283
base,mnli+qnli+qqp+sst2+record+paws,6,scitail,0.7168893752885717,0.8894087137388331
base,mnli+qnli+qqp+sst2+record+paws,6,stsb,0.5686415564268827,0.8474546702844756
base,mnli+qnli+qqp+sst2+record+paws,6,cr,0.7084888001637799,0.8916491717100143
base,mnli+qnli+qqp+sst2+record+paws,6,rotten_tomatoes,0.7267944732947009,0.8953161079968724
base,mnli+qnli+qqp+sst2+record+paws,6,multirc,0.6731796860694885,0.8757629115134478
base,mnli+qnli+qqp+sst2+record+paws,6,copa,0.5785007663736386,0.8475644109504563
base,mnli+qnli+qqp+sst2+record+paws,6,piqa,0.6097667987591454,0.8540678657591343
base,mnli+qnli+qqp+sst2+record+paws+hellaswag,7,mrpc,0.6468722681914058,0.8688292434172971
base,mnli+qnli+qqp+sst2+record+paws+hellaswag,7,boolq,0.6759715384936759,0.8762821762689522
base,mnli+qnli+qqp+sst2+record+paws+hellaswag,7,rte,0.701096364696111,0.8907601700297424
base,mnli+qnli+qqp+sst2+record+paws+hellaswag,7,cola,0.628192891632872,0.8606311745409455
base,mnli+qnli+qqp+sst2+record+paws+hellaswag,7,cb,0.6678795104048082,0.8830381655799491
base,mnli+qnli+qqp+sst2+record+paws+hellaswag,7,scitail,0.7177089732140303,0.8893021853374583
base,mnli+qnli+qqp+sst2+record+paws+hellaswag,7,stsb,0.5726955888260689,0.8478536462145192
base,mnli+qnli+qqp+sst2+record+paws+hellaswag,7,cr,0.7119147413011108,0.8916614853910038
base,mnli+qnli+qqp+sst2+record+paws+hellaswag,7,rotten_tomatoes,0.7293454155858073,0.8951859415641853
base,mnli+qnli+qqp+sst2+record+paws+hellaswag,7,multirc,0.6750447378892984,0.8758410305849144
base,mnli+qnli+qqp+sst2+record+paws+hellaswag,7,copa,0.5864323586491602,0.8500910656792777
base,mnli+qnli+qqp+sst2+record+paws+hellaswag,7,piqa,0.6496017156834049,0.8679576255381107
base,mnli+qnli+qqp+sst2+record+paws+hellaswag+winogrande,8,mrpc,0.648082517885736,0.8688143944101674
base,mnli+qnli+qqp+sst2+record+paws+hellaswag+winogrande,8,boolq,0.6771618435159326,0.8762670406805617
base,mnli+qnli+qqp+sst2+record+paws+hellaswag+winogrande,8,rte,0.7013511575226273,0.8905809856951237
base,mnli+qnli+qqp+sst2+record+paws+hellaswag+winogrande,8,cola,0.6293064154950636,0.8607165358428445
base,mnli+qnli+qqp+sst2+record+paws+hellaswag+winogrande,8,cb,0.6689825324075562,0.8828444150941712
base,mnli+qnli+qqp+sst2+record+paws+hellaswag+winogrande,8,scitail,0.7177732581538814,0.8891040589660406
base,mnli+qnli+qqp+sst2+record+paws+hellaswag+winogrande,8,stsb,0.5744188976074968,0.8479513219956841
base,mnli+qnli+qqp+sst2+record+paws+hellaswag+winogrande,8,cr,0.712192689999938,0.8916141880410058
base,mnli+qnli+qqp+sst2+record+paws+hellaswag+winogrande,8,rotten_tomatoes,0.729198389553598,0.8951038223292146
base,mnli+qnli+qqp+sst2+record+paws+hellaswag+winogrande,8,multirc,0.6758746145559209,0.8758736106434039
base,mnli+qnli+qqp+sst2+record+paws+hellaswag+winogrande,8,copa,0.5951909219313946,0.852707140147686
base,mnli+qnli+qqp+sst2+record+paws+hellaswag+winogrande,8,piqa,0.6825417509036404,0.8771420581532376
